VIOLENCIA DE PAREJA EN BOGOTÁ D.C AÑO 2020 / LOCALIDAD DEL HECHO,Antonio Nariño,Antonio Nariño.1,Antonio Nariño.2,Antonio Nariño.3,Antonio Nariño.4,Antonio Nariño.5,Antonio Nariño.6,Barrios Unidos,Barrios Unidos.1,Barrios Unidos.2,Barrios Unidos.3,Barrios Unidos.4,Barrios Unidos.5,Barrios Unidos.6,Bosa,Bosa.1,Bosa.2,Bosa.3,Bosa.4,Bosa.5,Bosa.6,Chapinero,Chapinero.1,Chapinero.2,Chapinero.3,Chapinero.4,Chapinero.5,Chapinero.6,Ciudad Bolívar,Ciudad Bolívar.1,Ciudad Bolívar.2,Ciudad Bolívar.3,Ciudad Bolívar.4,Ciudad Bolívar.5,Ciudad Bolívar.6,Engativá,Engativá.1,Engativá.2,Engativá.3,Engativá.4,Engativá.5,Engativá.6,Fontibón,Fontibón.1,Fontibón.2,Fontibón.3,Fontibón.4,Fontibón.5,Fontibón.6,Kennedy,Kennedy.1,Kennedy.2,Kennedy.3,Kennedy.4,Kennedy.5,Kennedy.6,La Candelaria,La Candelaria.1,La Candelaria.2,La Candelaria.3,La Candelaria.4,La Candelaria.5,La Candelaria.6,Mártires,Mártires.1,Mártires.2,Mártires.3,Mártires.4,Mártires.5,Mártires.6,Puente Aranda,Puente Aranda.1,Puente Aranda.2,Puente Aranda.3,Puente Aranda.4,Puente Aranda.5,Puente Aranda.6,Rafael Uribe Uribe,Rafael Uribe Uribe.1,Rafael Uribe Uribe.2,Rafael Uribe Uribe.3,Rafael Uribe Uribe.4,Rafael Uribe Uribe.5,Rafael Uribe Uribe.6,San Cristóbal,San Cristóbal.1,San Cristóbal.2,San Cristóbal.3,San Cristóbal.4,San Cristóbal.5,San Cristóbal.6,Santafé,Santafé.1,Santafé.2,Santafé.3,Santafé.4,Santafé.5,Santafé.6,Suba,Suba.1,Suba.2,Suba.3,Suba.4,Suba.5,Suba.6,Sumapaz,Sumapaz.1,Sumapaz.2,Sumapaz.3,Sumapaz.4,Sumapaz.5,Sumapaz.6,Teusaquillo,Teusaquillo.1,Teusaquillo.2,Teusaquillo.3,Teusaquillo.4,Teusaquillo.5,Teusaquillo.6,Tunjuelito,Tunjuelito.1,Tunjuelito.2,Tunjuelito.3,Tunjuelito.4,Tunjuelito.5,Tunjuelito.6,Usaquén,Usaquén.1,Usaquén.2,Usaquén.3,Usaquén.4,Usaquén.5,Usaquén.6,Usme,Usme.1,Usme.2,Usme.3,Usme.4,Usme.5,Usme.6,Sin información,Sin información.1,Sin información.2,Sin información.3,Sin información.4,Sin información.5,Sin información.6,CIFRA
CÓDIGOS DIVIPOLA,,,,,,,,,,,,,,,,,,,,,,,,,,,,,,,,,,,,,,,,,,,,,,,,,,,,,,,,,,,,,,,,,,,,,,,,,,,,,,,,,,,,,,,,,,,,,,,,,,,,,,,,,,,,,,,,,,,,,,,,,,,,,,,,,,,,,,,,,,,,,,,,,,,,
SEXO,Hombre,Hombre,HOMBRE,Mujer,Mujer,MUJER,TOTAL,Hombre,Hombre,HOMBRE,Mujer,Mujer,MUJER,TOTAL,Hombre,Hombre,HOMBRE,Mujer,Mujer,MUJER,TOTAL,Hombre,Hombre,HOMBRE,Mujer,Mujer,MUJER,TOTAL,Hombre,Hombre,HOMBRE,Mujer,Mujer,MUJER,TOTAL,Hombre,Hombre,HOMBRE,Mujer,Mujer,MUJER,TOTAL,Hombre,Hombre,HOMBRE,Mujer,Mujer,MUJER,TOTAL,Hombre,Hombre,HOMBRE,Mujer,Mujer,MUJER,TOTAL,Hombre,Hombre,HOMBRE,Mujer,Mujer,MUJER,TOTAL,Hombre,Hombre,HOMBRE,Mujer,Mujer,MUJER,TOTAL,Hombre,Hombre,HOMBRE,Mujer,Mujer,MUJER,TOTAL,Hombre,Hombre,HOMBRE,Mujer,Mujer,MUJER,TOTAL,Hombre,Hombre,HOMBRE,Mujer,Mujer,MUJER,TOTAL,Hombre,Hombre,HOMBRE,Mujer,Mujer,MUJER,TOTAL,Hombre,Hombre,HOMBRE,Mujer,Mujer,MUJER,TOTAL,Hombre,Hombre,HOMBRE,Mujer,Mujer,MUJER,TOTAL,Hombre,Hombre,HOMBRE,Mujer,Mujer,MUJER,TOTAL,Hombre,Hombre,HOMBRE,Mujer,Mujer,MUJER,TOTAL,Hombre,Hombre,HOMBRE,Mujer,Mujer,MUJER,TOTAL,Hombre,Hombre,HOMBRE,Mujer,Mujer,MUJER,TOTAL,Hombre,Hombre,HOMBRE,Mujer,Mujer,MUJER,TOTAL,TOTAL
MAYOR DE EDAD (> 18 AÑOS) O MENOR DE EDAD (< 18 AÑOS),Menores de Edad (<18 años),Mayores de Edad (>18 años),TOTAL,Menores de Edad (<18 años),Mayores de Edad (>18 años),TOTAL,,Menores de Edad (<18 años),Mayores de Edad (>18 años),TOTAL,Menores de Edad (<18 años),Mayores de Edad (>18 años),TOTAL,,Menores de Edad (<18 años),Mayores de Edad (>18 años),TOTAL,Menores de Edad (<18 años),Mayores de Edad (>18 años),TOTAL,,Menores de Edad (<18 años),Mayores de Edad (>18 años),TOTAL,Menores de Edad (<18 años),Mayores de Edad (>18 años),TOTAL,,Menores de Edad (<18 años),Mayores de Edad (>18 años),TOTAL,Menores de Edad (<18 años),Mayores de Edad (>18 años),TOTAL,,Menores de Edad (<18 años),Mayores de Edad (>18 años),TOTAL,Menores de Edad (<18 años),Mayores de Edad (>18 años),TOTAL,,Menores de Edad (<18 años),Mayores de Edad (>18 años),TOTAL,Menores de Edad (<18 años),Mayores de Edad (>18 años),TOTAL,,Menores de Edad (<18 años),Mayores de Edad (>18 años),TOTAL,Menores de Edad (<18 años),Mayores de Edad (>18 años),TOTAL,,Menores de Edad (<18 años),Mayores de Edad (>18 años),TOTAL,Menores de Edad (<18 años),Mayores de Edad (>18 años),TOTAL,,Menores de Edad (<18 años),Mayores de Edad (>18 años),TOTAL,Menores de Edad (<18 años),Mayores de Edad (>18 años),TOTAL,,Menores de Edad (<18 años),Mayores de Edad (>18 años),TOTAL,Menores de Edad (<18 años),Mayores de Edad (>18 años),TOTAL,,Menores de Edad (<18 años),Mayores de Edad (>18 años),TOTAL,Menores de Edad (<18 años),Mayores de Edad (>18 años),TOTAL,,Menores de Edad (<18 años),Mayores de Edad (>18 años),TOTAL,Menores de Edad (<18 años),Mayores de Edad (>18 años),TOTAL,,Menores de Edad (<18 años),Mayores de Edad (>18 años),TOTAL,Menores de Edad (<18 años),Mayores de Edad (>18 años),TOTAL,,Menores de Edad (<18 años),Mayores de Edad (>18 años),TOTAL,Menores de Edad (<18 años),Mayores de Edad (>18 años),TOTAL,,Menores de Edad (<18 años),Mayores de Edad (>18 años),TOTAL,Menores de Edad (<18 años),Mayores de Edad (>18 años),TOTAL,,Menores de Edad (<18 años),Mayores de Edad (>18 años),TOTAL,Menores de Edad (<18 años),Mayores de Edad (>18 años),TOTAL,,Menores de Edad (<18 años),Mayores de Edad (>18 años),TOTAL,Menores de Edad (<18 años),Mayores de Edad (>18 años),TOTAL,,Menores de Edad (<18 años),Mayores de Edad (>18 años),TOTAL,Menores de Edad (<18 años),Mayores de Edad (>18 años),TOTAL,,Menores de Edad (<18 años),Mayores de Edad (>18 años),TOTAL,Menores de Edad (<18 años),Mayores de Edad (>18 años),TOTAL,,Menores de Edad (<18 años),Mayores de Edad (>18 años),TOTAL,Menores de Edad (<18 años),Mayores de Edad (>18 años),TOTAL,,GENERAL
VARIABLE: GRUPO DE EDAD,,,,,,,,,,,,,,,,,,,,,,,,,,,,,,,,,,,,,,,,,,,,,,,,,,,,,,,,,,,,,,,,,,,,,,,,,,,,,,,,,,,,,,,,,,,,,,,,,,,,,,,,,,,,,,,,,,,,,,,,,,,,,,,,,,,,,,,,,,,,,,,,,,,,
(10 a 14),-,-,-,-,-,-,-,-,-,-,-,-,-,-,-,-,-,1,-,1,1,-,-,-,-,-,-,-,-,-,-,-,-,-,-,-,-,-,-,-,-,-,-,-,-,-,-,-,-,-,-,-,-,-,-,-,-,-,-,-,-,-,-,-,-,-,-,-,-,-,-,-,-,-,-,-,-,-,-,-,-,-,-,-,-,-,-,-,-,-,-,-,-,-,-,-,-,-,-,-,-,-,-,-,-,-,-,-,-,-,-,-,-,-,-,-,-,-,-,-,-,-,-,-,-,-,-,-,-,-,-,-,-,-,-,-,1,-,1,1,-,-,-,-,-,-,-,2
(15 a 17),-,-,-,-,-,-,-,-,-,-,1,-,1,1,-,-,-,13,-,13,13,-,-,-,1,-,1,1,1,-,1,12,-,12,13,-,-,-,5,-,5,5,-,-,-,1,-,1,1,1,-,1,7,-,7,8,-,-,-,1,-,1,1,-,-,-,2,-,2,2,-,-,-,2,-,2,2,-,-,-,-,-,-,-,-,-,-,7,-,7,7,-,-,-,2,-,2,2,-,-,-,5,-,5,5,-,-,-,-,-,-,-,-,-,-,1,-,1,1,-,-,-,5,-,5,5,-,-,-,2,-,2,2,-,-,-,7,-,7,7,-,-,-,6,-,6,6,82
(18 a 19),-,-,-,-,1,1,1,-,-,-,-,2,2,2,-,1,1,-,28,28,29,-,-,-,-,3,3,3,-,4,4,-,46,46,50,-,1,1,-,7,7,8,-,1,1,-,5,5,6,-,1,1,-,31,31,32,-,1,1,-,-,-,1,-,-,-,-,4,4,4,-,-,-,-,2,2,2,-,-,-,-,16,16,16,-,1,1,-,23,23,24,-,-,-,-,7,7,7,-,3,3,-,23,23,26,-,-,-,-,-,-,-,-,-,-,-,1,1,1,-,-,-,-,7,7,7,-,2,2,-,6,6,8,-,1,1,-,23,23,24,-,-,-,-,6,6,6,257
(20 a 24),-,-,-,-,18,18,18,-,3,3,-,22,22,25,-,19,19,-,182,182,201,-,4,4,-,16,16,20,-,24,24,-,204,204,228,-,9,9,-,92,92,101,-,4,4,-,48,48,52,-,15,15,-,174,174,189,-,2,2,-,7,7,9,-,1,1,-,33,33,34,-,6,6,-,33,33,39,-,3,3,-,84,84,87,-,17,17,-,116,116,133,-,5,5,-,33,33,38,-,17,17,-,122,122,139,-,-,-,-,-,-,-,-,3,3,-,6,6,9,-,4,4,-,49,49,53,-,3,3,-,31,31,34,-,10,10,-,130,130,140,-,4,4,-,29,29,33,1582
(25 a 29),-,6,6,-,14,14,20,-,5,5,-,21,21,26,-,38,38,-,220,220,258,-,5,5,-,22,22,27,-,28,28,-,208,208,236,-,25,25,-,134,134,159,-,9,9,-,46,46,55,-,50,50,-,221,221,271,-,2,2,-,12,12,14,-,4,4,-,26,26,30,-,7,7,-,41,41,48,-,13,13,-,79,79,92,-,22,22,-,116,116,138,-,6,6,-,37,37,43,-,29,29,-,179,179,208,-,-,-,-,-,-,-,-,2,2,-,9,9,11,-,7,7,-,53,53,60,-,8,8,-,62,62,70,-,21,21,-,123,123,144,-,10,10,-,29,29,39,1949
(30 a 34),-,3,3,-,13,13,16,-,3,3,-,17,17,20,-,34,34,-,141,141,175,-,3,3,-,21,21,24,-,38,38,-,155,155,193,-,31,31,-,130,130,161,-,10,10,-,35,35,45,-,43,43,-,158,158,201,-,1,1,-,9,9,10,-,4,4,-,22,22,26,-,5,5,-,38,38,43,-,13,13,-,49,49,62,-,18,18,-,79,79,97,-,7,7,-,24,24,31,-,39,39,-,134,134,173,-,-,-,-,1,1,1,-,2,2,-,13,13,15,-,6,6,-,30,30,36,-,5,5,-,51,51,56,-,13,13,-,80,80,93,-,12,12,-,30,30,42,1520
(35 a 39),-,4,4,-,9,9,13,-,5,5,-,9,9,14,-,29,29,-,119,119,148,-,4,4,-,12,12,16,-,40,40,-,105,105,145,-,26,26,-,86,86,112,-,4,4,-,24,24,28,-,26,26,-,115,115,141,-,-,-,-,3,3,3,-,4,4,-,15,15,19,-,7,7,-,25,25,32,-,12,12,-,48,48,60,-,17,17,-,56,56,73,-,5,5,-,25,25,30,-,37,37,-,93,93,130,-,-,-,-,1,1,1,-,-,-,-,3,3,3,-,3,3,-,18,18,21,-,18,18,-,38,38,56,-,13,13,-,65,65,78,-,2,2,-,17,17,19,1142
(40 a 44),-,4,4,-,6,6,10,-,1,1,-,8,8,9,-,28,28,-,68,68,96,-,3,3,-,10,10,13,-,19,19,-,53,53,72,-,17,17,-,44,44,61,-,9,9,-,13,13,22,-,21,21,-,82,82,103,-,1,1,-,1,1,2,-,3,3,-,7,7,10,-,5,5,-,15,15,20,-,10,10,-,28,28,38,-,10,10,-,35,35,45,-,7,7,-,14,14,21,-,28,28,-,67,67,95,-,-,-,-,-,-,-,-,-,-,-,7,7,7,-,5,5,-,13,13,18,-,13,13,-,25,25,38,-,11,11,-,27,27,38,-,6,6,-,13,13,19,737
(45 a 49),-,-,-,-,5,5,5,-,1,1,-,3,3,4,-,19,19,-,39,39,58,-,1,1,-,8,8,9,-,10,10,-,44,44,54,-,9,9,-,30,30,39,-,2,2,-,7,7,9,-,18,18,-,53,53,71,-,1,1,-,-,-,1,-,1,1,-,7,7,8,-,6,6,-,9,9,15,-,3,3,-,11,11,14,-,6,6,-,20,20,26,-,1,1,-,9,9,10,-,10,10,-,43,43,53,-,-,-,-,-,-,-,-,1,1,-,1,1,2,-,2,2,-,10,10,12,-,9,9,-,12,12,21,-,4,4,-,23,23,27,-,4,4,-,6,6,10,448
(50 a 54),-,-,-,-,1,1,1,-,1,1,-,6,6,7,-,11,11,-,25,25,36,-,3,3,-,5,5,8,-,8,8,-,20,20,28,-,8,8,-,29,29,37,-,2,2,-,4,4,6,-,21,21,-,29,29,50,-,1,1,-,2,2,3,-,-,-,-,3,3,3,-,3,3,-,3,3,6,-,4,4,-,11,11,15,-,6,6,-,10,10,16,-,-,-,-,3,3,3,-,7,7,-,25,25,32,-,-,-,-,-,-,-,-,1,1,-,3,3,4,-,-,-,-,5,5,5,-,1,1,-,13,13,14,-,4,4,-,13,13,17,-,2,2,-,10,10,12,303
(55 a 59),-,-,-,-,-,-,-,-,3,3,-,-,-,3,-,5,5,-,16,16,21,-,1,1,-,-,-,1,-,4,4,-,14,14,18,-,8,8,-,11,11,19,-,3,3,-,4,4,7,-,6,6,-,19,19,25,-,-,-,-,1,1,1,-,1,1,-,2,2,3,-,2,2,-,4,4,6,-,2,2,-,3,3,5,-,5,5,-,8,8,13,-,1,1,-,3,3,4,-,5,5,-,17,17,22,-,-,-,-,-,-,-,-,4,4,-,-,-,4,-,1,1,-,2,2,3,-,4,4,-,5,5,9,-,5,5,-,9,9,14,-,1,1,-,3,3,4,182
(60 a 64),-,-,-,-,-,-,-,-,-,-,-,-,-,-,-,4,4,-,6,6,10,-,-,-,-,1,1,1,-,3,3,-,6,6,9,-,3,3,-,4,4,7,-,3,3,-,-,-,3,-,3,3,-,5,5,8,-,-,-,-,1,1,1,-,-,-,-,1,1,1,-,2,2,-,2,2,4,-,-,-,-,3,3,3,-,2,2,-,5,5,7,-,5,5,-,2,2,7,-,5,5,-,8,8,13,-,-,-,-,1,1,1,-,-,-,-,-,-,-,-,1,1,-,2,2,3,-,2,2,-,4,4,6,-,-,-,-,3,3,3,-,1,1,-,2,2,3,90
(65 a 69),-,-,-,-,-,-,-,-,-,-,-,-,-,-,-,3,3,-,3,3,6,-,-,-,-,1,1,1,-,2,2,-,4,4,6,-,2,2,-,1,1,3,-,-,-,-,1,1,1,-,3,3,-,1,1,4,-,-,-,-,-,-,-,-,1,1,-,1,1,2,-,2,2,-,-,-,2,-,-,-,-,1,1,1,-,2,2,-,2,2,4,-,-,-,-,1,1,1,-,3,3,-,3,3,6,-,-,-,-,-,-,-,-,-,-,-,-,-,-,-,-,-,-,1,1,1,-,-,-,-,-,-,-,-,1,1,-,-,-,1,-,-,-,-,-,-,-,39
(70 a 74),-,-,-,-,1,1,1,-,-,-,-,-,-,-,-,-,-,-,1,1,1,-,-,-,-,-,-,-,-,2,2,-,-,-,2,-,1,1,-,1,1,2,-,-,-,-,1,1,1,-,1,1,-,2,2,3,-,-,-,-,-,-,-,-,-,-,-,-,-,-,-,1,1,-,-,-,1,-,-,-,-,2,2,2,-,1,1,-,1,1,2,-,-,-,-,-,-,-,-,1,1,-,-,-,1,-,-,-,-,-,-,-,-,-,-,-,-,-,-,-,-,-,-,1,1,1,-,-,-,-,2,2,2,-,-,-,-,-,-,-,-,-,-,-,1,1,1,20
(75 a 79),-,-,-,-,-,-,-,-,-,-,-,-,-,-,-,1,1,-,-,-,1,-,-,-,-,-,-,-,-,-,-,-,2,2,2,-,-,-,-,-,-,-,-,-,-,-,-,-,-,-,1,1,-,-,-,1,-,-,-,-,-,-,-,-,-,-,-,-,-,-,-,-,-,-,1,1,1,-,-,-,-,1,1,1,-,1,1,-,-,-,1,-,-,-,-,-,-,-,-,-,-,-,-,-,-,-,-,-,-,-,-,-,-,-,-,-,1,1,1,-,-,-,-,-,-,-,-,1,1,-,1,1,2,-,-,-,-,-,-,-,-,-,-,-,-,-,-,10
(80 y más),-,-,-,-,-,-,-,-,-,-,-,-,-,-,-,1,1,-,-,-,1,-,-,-,-,-,-,-,-,-,-,-,-,-,-,-,-,-,-,-,-,-,-,-,-,-,1,1,1,-,-,-,-,-,-,-,-,-,-,-,1,1,1,-,-,-,-,-,-,-,-,-,-,-,1,1,1,-,-,-,-,1,1,1,-,-,-,-,-,-,-,-,1,1,-,-,-,1,-,-,-,-,3,3,3,-,-,-,-,-,-,-,-,1,1,-,-,-,1,-,-,-,-,-,-,-,-,1,1,-,-,-,1,-,-,-,-,-,-,-,-,-,-,-,-,-,-,11
TOTAL,-,17,17,-,68,68,85,-,22,22,1,88,89,111,-,193,193,14,848,862,1055,-,24,24,1,99,100,124,1,182,183,12,861,873,1056,-,140,140,5,569,574,714,-,47,47,1,189,190,237,1,209,210,7,890,897,1107,-,9,9,1,37,38,47,-,19,19,2,121,123,142,-,46,46,2,174,176,222,-,60,60,-,337,337,397,-,108,108,7,471,478,586,-,38,38,2,158,160,198,-,184,184,5,717,722,906,-,-,-,-,3,3,3,-,14,14,1,44,45,59,-,29,29,5,191,196,225,-,67,67,2,250,252,319,-,83,83,8,496,504,587,-,42,42,6,146,152,194,8374
VARIABLE: GRUPO EDAD JUDICIAL,,,,,,,,,,,,,,,,,,,,,,,,,,,,,,,,,,,,,,,,,,,,,,,,,,,,,,,,,,,,,,,,,,,,,,,,,,,,,,,,,,,,,,,,,,,,,,,,,,,,,,,,,,,,,,,,,,,,,,,,,,,,,,,,,,,,,,,,,,,,,,,,,,,,
(14 a 17),-,-,-,-,-,-,-,-,-,-,1,-,1,1,-,-,-,14,-,14,14,-,-,-,1,-,1,1,1,-,1,12,-,12,13,-,-,-,5,-,5,5,-,-,-,1,-,1,1,1,-,1,7,-,7,8,-,-,-,1,-,1,1,-,-,-,2,-,2,2,-,-,-,2,-,2,2,-,-,-,-,-,-,-,-,-,-,7,-,7,7,-,-,-,2,-,2,2,-,-,-,5,-,5,5,-,-,-,-,-,-,-,-,-,-,1,-,1,1,-,-,-,5,-,5,5,-,-,-,2,-,2,2,-,-,-,8,-,8,8,-,-,-,6,-,6,6,84
(18 a 19),-,-,-,-,1,1,1,-,-,-,-,2,2,2,-,1,1,-,28,28,29,-,-,-,-,3,3,3,-,4,4,-,46,46,50,-,1,1,-,7,7,8,-,1,1,-,5,5,6,-,1,1,-,31,31,32,-,1,1,-,-,-,1,-,-,-,-,4,4,4,-,-,-,-,2,2,2,-,-,-,-,16,16,16,-,1,1,-,23,23,24,-,-,-,-,7,7,7,-,3,3,-,23,23,26,-,-,-,-,-,-,-,-,-,-,-,1,1,1,-,-,-,-,7,7,7,-,2,2,-,6,6,8,-,1,1,-,23,23,24,-,-,-,-,6,6,6,257
(20 a 24),-,-,-,-,18,18,18,-,3,3,-,22,22,25,-,19,19,-,182,182,201,-,4,4,-,16,16,20,-,24,24,-,204,204,228,-,9,9,-,92,92,101,-,4,4,-,48,48,52,-,15,15,-,174,174,189,-,2,2,-,7,7,9,-,1,1,-,33,33,34,-,6,6,-,33,33,39,-,3,3,-,84,84,87,-,17,17,-,116,116,133,-,5,5,-,33,33,38,-,17,17,-,122,122,139,-,-,-,-,-,-,-,-,3,3,-,6,6,9,-,4,4,-,49,49,53,-,3,3,-,31,31,34,-,10,10,-,130,130,140,-,4,4,-,29,29,33,1582
(25 a 28),-,6,6,-,12,12,18,-,5,5,-,19,19,24,-,28,28,-,176,176,204,-,5,5,-,18,18,23,-,23,23,-,170,170,193,-,19,19,-,106,106,125,-,8,8,-,40,40,48,-,38,38,-,175,175,213,-,2,2,-,9,9,11,-,2,2,-,22,22,24,-,6,6,-,32,32,38,-,10,10,-,58,58,68,-,15,15,-,99,99,114,-,4,4,-,28,28,32,-,25,25,-,138,138,163,-,-,-,-,-,-,-,-,2,2,-,6,6,8,-,7,7,-,47,47,54,-,7,7,-,50,50,57,-,16,16,-,102,102,118,-,10,10,-,23,23,33,1568
(29 a 34),-,3,3,-,15,15,18,-,3,3,-,19,19,22,-,44,44,-,185,185,229,-,3,3,-,25,25,28,-,43,43,-,193,193,236,-,37,37,-,158,158,195,-,11,11,-,41,41,52,-,55,55,-,204,204,259,-,1,1,-,12,12,13,-,6,6,-,26,26,32,-,6,6,-,47,47,53,-,16,16,-,70,70,86,-,25,25,-,96,96,121,-,9,9,-,33,33,42,-,43,43,-,175,175,218,-,-,-,-,1,1,1,-,2,2,-,16,16,18,-,6,6,-,36,36,42,-,6,6,-,63,63,69,-,18,18,-,101,101,119,-,12,12,-,36,36,48,1901
(35 a 39),-,4,4,-,9,9,13,-,5,5,-,9,9,14,-,29,29,-,119,119,148,-,4,4,-,12,12,16,-,40,40,-,105,105,145,-,26,26,-,86,86,112,-,4,4,-,24,24,28,-,26,26,-,115,115,141,-,-,-,-,3,3,3,-,4,4,-,15,15,19,-,7,7,-,25,25,32,-,12,12,-,48,48,60,-,17,17,-,56,56,73,-,5,5,-,25,25,30,-,37,37,-,93,93,130,-,-,-,-,1,1,1,-,-,-,-,3,3,3,-,3,3,-,18,18,21,-,18,18,-,38,38,56,-,13,13,-,65,65,78,-,2,2,-,17,17,19,1142
(40 a 44),-,4,4,-,6,6,10,-,1,1,-,8,8,9,-,28,28,-,68,68,96,-,3,3,-,10,10,13,-,19,19,-,53,53,72,-,17,17,-,44,44,61,-,9,9,-,13,13,22,-,21,21,-,82,82,103,-,1,1,-,1,1,2,-,3,3,-,7,7,10,-,5,5,-,15,15,20,-,10,10,-,28,28,38,-,10,10,-,35,35,45,-,7,7,-,14,14,21,-,28,28,-,67,67,95,-,-,-,-,-,-,-,-,-,-,-,7,7,7,-,5,5,-,13,13,18,-,13,13,-,25,25,38,-,11,11,-,27,27,38,-,6,6,-,13,13,19,737
(45 a 49),-,-,-,-,5,5,5,-,1,1,-,3,3,4,-,19,19,-,39,39,58,-,1,1,-,8,8,9,-,10,10,-,44,44,54,-,9,9,-,30,30,39,-,2,2,-,7,7,9,-,18,18,-,53,53,71,-,1,1,-,-,-,1,-,1,1,-,7,7,8,-,6,6,-,9,9,15,-,3,3,-,11,11,14,-,6,6,-,20,20,26,-,1,1,-,9,9,10,-,10,10,-,43,43,53,-,-,-,-,-,-,-,-,1,1,-,1,1,2,-,2,2,-,10,10,12,-,9,9,-,12,12,21,-,4,4,-,23,23,27,-,4,4,-,6,6,10,448
(50 a 54),-,-,-,-,1,1,1,-,1,1,-,6,6,7,-,11,11,-,25,25,36,-,3,3,-,5,5,8,-,8,8,-,20,20,28,-,8,8,-,29,29,37,-,2,2,-,4,4,6,-,21,21,-,29,29,50,-,1,1,-,2,2,3,-,-,-,-,3,3,3,-,3,3,-,3,3,6,-,4,4,-,11,11,15,-,6,6,-,10,10,16,-,-,-,-,3,3,3,-,7,7,-,25,25,32,-,-,-,-,-,-,-,-,1,1,-,3,3,4,-,-,-,-,5,5,5,-,1,1,-,13,13,14,-,4,4,-,13,13,17,-,2,2,-,10,10,12,303
(55 a 59),-,-,-,-,-,-,-,-,3,3,-,-,-,3,-,5,5,-,16,16,21,-,1,1,-,-,-,1,-,4,4,-,14,14,18,-,8,8,-,11,11,19,-,3,3,-,4,4,7,-,6,6,-,19,19,25,-,-,-,-,1,1,1,-,1,1,-,2,2,3,-,2,2,-,4,4,6,-,2,2,-,3,3,5,-,5,5,-,8,8,13,-,1,1,-,3,3,4,-,5,5,-,17,17,22,-,-,-,-,-,-,-,-,4,4,-,-,-,4,-,1,1,-,2,2,3,-,4,4,-,5,5,9,-,5,5,-,9,9,14,-,1,1,-,3,3,4,182
(60 a 64),-,-,-,-,-,-,-,-,-,-,-,-,-,-,-,4,4,-,6,6,10,-,-,-,-,1,1,1,-,3,3,-,6,6,9,-,3,3,-,4,4,7,-,3,3,-,-,-,3,-,3,3,-,5,5,8,-,-,-,-,1,1,1,-,-,-,-,1,1,1,-,2,2,-,2,2,4,-,-,-,-,3,3,3,-,2,2,-,5,5,7,-,5,5,-,2,2,7,-,5,5,-,8,8,13,-,-,-,-,1,1,1,-,-,-,-,-,-,-,-,1,1,-,2,2,3,-,2,2,-,4,4,6,-,-,-,-,3,3,3,-,1,1,-,2,2,3,90
(65 a 69),-,-,-,-,-,-,-,-,-,-,-,-,-,-,-,3,3,-,3,3,6,-,-,-,-,1,1,1,-,2,2,-,4,4,6,-,2,2,-,1,1,3,-,-,-,-,1,1,1,-,3,3,-,1,1,4,-,-,-,-,-,-,-,-,1,1,-,1,1,2,-,2,2,-,-,-,2,-,-,-,-,1,1,1,-,2,2,-,2,2,4,-,-,-,-,1,1,1,-,3,3,-,3,3,6,-,-,-,-,-,-,-,-,-,-,-,-,-,-,-,-,-,-,1,1,1,-,-,-,-,-,-,-,-,1,1,-,-,-,1,-,-,-,-,-,-,-,39
(70 a 74),-,-,-,-,1,1,1,-,-,-,-,-,-,-,-,-,-,-,1,1,1,-,-,-,-,-,-,-,-,2,2,-,-,-,2,-,1,1,-,1,1,2,-,-,-,-,1,1,1,-,1,1,-,2,2,3,-,-,-,-,-,-,-,-,-,-,-,-,-,-,-,1,1,-,-,-,1,-,-,-,-,2,2,2,-,1,1,-,1,1,2,-,-,-,-,-,-,-,-,1,1,-,-,-,1,-,-,-,-,-,-,-,-,-,-,-,-,-,-,-,-,-,-,1,1,1,-,-,-,-,2,2,2,-,-,-,-,-,-,-,-,-,-,-,1,1,1,20
(75 a 79),-,-,-,-,-,-,-,-,-,-,-,-,-,-,-,1,1,-,-,-,1,-,-,-,-,-,-,-,-,-,-,-,2,2,2,-,-,-,-,-,-,-,-,-,-,-,-,-,-,-,1,1,-,-,-,1,-,-,-,-,-,-,-,-,-,-,-,-,-,-,-,-,-,-,1,1,1,-,-,-,-,1,1,1,-,1,1,-,-,-,1,-,-,-,-,-,-,-,-,-,-,-,-,-,-,-,-,-,-,-,-,-,-,-,-,-,1,1,1,-,-,-,-,-,-,-,-,1,1,-,1,1,2,-,-,-,-,-,-,-,-,-,-,-,-,-,-,10
(80 y más),-,-,-,-,-,-,-,-,-,-,-,-,-,-,-,1,1,-,-,-,1,-,-,-,-,-,-,-,-,-,-,-,-,-,-,-,-,-,-,-,-,-,-,-,-,-,1,1,1,-,-,-,-,-,-,-,-,-,-,-,1,1,1,-,-,-,-,-,-,-,-,-,-,-,1,1,1,-,-,-,-,1,1,1,-,-,-,-,-,-,-,-,1,1,-,-,-,1,-,-,-,-,3,3,3,-,-,-,-,-,-,-,-,1,1,-,-,-,1,-,-,-,-,-,-,-,-,1,1,-,-,-,1,-,-,-,-,-,-,-,-,-,-,-,-,-,-,11
TOTAL,-,17,17,-,68,68,85,-,22,22,1,88,89,111,-,193,193,14,848,862,1055,-,24,24,1,99,100,124,1,182,183,12,861,873,1056,-,140,140,5,569,574,714,-,47,47,1,189,190,237,1,209,210,7,890,897,1107,-,9,9,1,37,38,47,-,19,19,2,121,123,142,-,46,46,2,174,176,222,-,60,60,-,337,337,397,-,108,108,7,471,478,586,-,38,38,2,158,160,198,-,184,184,5,717,722,906,-,-,-,-,3,3,3,-,14,14,1,44,45,59,-,29,29,5,191,196,225,-,67,67,2,250,252,319,-,83,83,8,496,504,587,-,42,42,6,146,152,194,8374
VARIABLE: CICLO VITAL,,,,,,,,,,,,,,,,,,,,,,,,,,,,,,,,,,,,,,,,,,,,,,,,,,,,,,,,,,,,,,,,,,,,,,,,,,,,,,,,,,,,,,,,,,,,,,,,,,,,,,,,,,,,,,,,,,,,,,,,,,,,,,,,,,,,,,,,,,,,,,,,,,,,
(12 a 17) Adolescencia,-,-,-,-,-,-,-,-,-,-,1,-,1,1,-,-,-,14,-,14,14,-,-,-,1,-,1,1,1,-,1,12,-,12,13,-,-,-,5,-,5,5,-,-,-,1,-,1,1,1,-,1,7,-,7,8,-,-,-,1,-,1,1,-,-,-,2,-,2,2,-,-,-,2,-,2,2,-,-,-,-,-,-,-,-,-,-,7,-,7,7,-,-,-,2,-,2,2,-,-,-,5,-,5,5,-,-,-,-,-,-,-,-,-,-,1,-,1,1,-,-,-,5,-,5,5,-,-,-,2,-,2,2,-,-,-,8,-,8,8,-,-,-,6,-,6,6,84
(18 a 28) Juventud,-,6,6,-,31,31,37,-,8,8,-,43,43,51,-,48,48,-,386,386,434,-,9,9,-,37,37,46,-,51,51,-,420,420,471,-,29,29,-,205,205,234,-,13,13,-,93,93,106,-,54,54,-,380,380,434,-,5,5,-,16,16,21,-,3,3,-,59,59,62,-,12,12,-,67,67,79,-,13,13,-,158,158,171,-,33,33,-,238,238,271,-,9,9,-,68,68,77,-,45,45,-,283,283,328,-,-,-,-,-,-,-,-,5,5,-,13,13,18,-,11,11,-,103,103,114,-,12,12,-,87,87,99,-,27,27,-,255,255,282,-,14,14,-,58,58,72,3407
(29 a 59) Adultez,-,11,11,-,36,36,47,-,14,14,-,45,45,59,-,136,136,-,452,452,588,-,15,15,-,60,60,75,-,124,124,-,429,429,553,-,105,105,-,358,358,463,-,31,31,-,93,93,124,-,147,147,-,502,502,649,-,4,4,-,19,19,23,-,15,15,-,60,60,75,-,29,29,-,103,103,132,-,47,47,-,171,171,218,-,69,69,-,225,225,294,-,23,23,-,87,87,110,-,130,130,-,420,420,550,-,-,-,-,2,2,2,-,8,8,-,30,30,38,-,17,17,-,84,84,101,-,51,51,-,156,156,207,-,55,55,-,238,238,293,-,27,27,-,85,85,112,4713
(Más de 60) Adulto Mayor,-,-,-,-,1,1,1,-,-,-,-,-,-,-,-,9,9,-,10,10,19,-,-,-,-,2,2,2,-,7,7,-,12,12,19,-,6,6,-,6,6,12,-,3,3,-,3,3,6,-,8,8,-,8,8,16,-,-,-,-,2,2,2,-,1,1,-,2,2,3,-,5,5,-,4,4,9,-,-,-,-,8,8,8,-,6,6,-,8,8,14,-,6,6,-,3,3,9,-,9,9,-,14,14,23,-,-,-,-,1,1,1,-,1,1,-,1,1,2,-,1,1,-,4,4,5,-,4,4,-,7,7,11,-,1,1,-,3,3,4,-,1,1,-,3,3,4,170
TOTAL,-,17,17,-,68,68,85,-,22,22,1,88,89,111,-,193,193,14,848,862,1055,-,24,24,1,99,100,124,1,182,183,12,861,873,1056,-,140,140,5,569,574,714,-,47,47,1,189,190,237,1,209,210,7,890,897,1107,-,9,9,1,37,38,47,-,19,19,2,121,123,142,-,46,46,2,174,176,222,-,60,60,-,337,337,397,-,108,108,7,471,478,586,-,38,38,2,158,160,198,-,184,184,5,717,722,906,-,-,-,-,3,3,3,-,14,14,1,44,45,59,-,29,29,5,191,196,225,-,67,67,2,250,252,319,-,83,83,8,496,504,587,-,42,42,6,146,152,194,8374
VARIABLE: ESCOLARIDAD,,,,,,,,,,,,,,,,,,,,,,,,,,,,,,,,,,,,,,,,,,,,,,,,,,,,,,,,,,,,,,,,,,,,,,,,,,,,,,,,,,,,,,,,,,,,,,,,,,,,,,,,,,,,,,,,,,,,,,,,,,,,,,,,,,,,,,,,,,,,,,,,,,,,
Educación inicial y educación preescolar,-,1,1,-,1,1,2,-,-,-,-,-,-,-,-,7,7,-,17,17,24,-,-,-,-,1,1,1,-,9,9,-,28,28,37,-,2,2,-,8,8,10,-,1,1,-,4,4,5,-,5,5,1,19,20,25,-,-,-,-,2,2,2,-,1,1,-,3,3,4,-,1,1,-,1,1,2,-,3,3,-,9,9,12,-,4,4,-,10,10,14,-,6,6,-,8,8,14,-,3,3,-,11,11,14,-,-,-,-,-,-,-,-,-,-,-,-,-,-,-,1,1,-,4,4,5,-,1,1,-,5,5,6,-,2,2,-,20,20,22,-,1,1,-,3,3,4,203
Educación básica primaria,-,1,1,-,5,5,6,-,4,4,-,6,6,10,-,33,33,8,106,114,147,-,2,2,1,13,14,16,1,41,42,10,156,166,208,-,12,12,2,53,55,67,-,3,3,-,13,13,16,1,38,39,2,109,111,150,-,3,3,1,3,4,7,-,4,4,2,18,20,24,-,7,7,2,11,13,20,-,16,16,-,46,46,62,-,19,19,2,61,63,82,-,7,7,1,27,28,35,-,17,17,3,73,76,93,-,-,-,-,-,-,-,-,2,2,-,4,4,6,-,6,6,3,26,29,35,-,6,6,-,21,21,27,-,14,14,5,84,89,103,-,6,6,3,17,20,26,1140
Educación básica secundaria o secundaria baja,-,1,1,-,4,4,5,-,2,2,1,4,5,7,-,17,17,6,58,64,81,-,1,1,-,3,3,4,-,17,17,1,83,84,101,-,4,4,2,22,24,28,-,3,3,-,7,7,10,-,11,11,2,63,65,76,-,1,1,-,5,5,6,-,1,1,-,9,9,10,-,1,1,-,5,5,6,-,5,5,-,34,34,39,-,9,9,4,34,38,47,-,1,1,-,11,11,12,-,8,8,-,37,37,45,-,-,-,-,1,1,1,-,-,-,-,3,3,3,-,3,3,2,7,9,12,-,2,2,2,4,6,8,-,6,6,2,40,42,48,-,1,1,3,11,14,15,564
Educación media o secundaria alta,-,8,8,-,38,38,46,-,8,8,-,50,50,58,-,103,103,-,490,490,593,-,14,14,-,46,46,60,-,95,95,1,448,449,544,-,72,72,1,319,320,392,-,30,30,1,111,112,142,-,99,99,2,478,480,579,-,3,3,-,14,14,17,-,7,7,-,59,59,66,-,24,24,-,87,87,111,-,26,26,-,182,182,208,-,60,60,1,274,275,335,-,17,17,1,84,85,102,-,91,91,2,386,388,479,-,-,-,-,2,2,2,-,7,7,1,12,13,20,-,14,14,-,110,110,124,-,27,27,-,120,120,147,-,53,53,1,273,274,327,-,29,29,-,87,87,116,4468
Educación técnica profesional y tecnológica,-,6,6,-,18,18,24,-,7,7,-,22,22,29,-,31,31,-,165,165,196,-,7,7,-,31,31,38,-,17,17,-,134,134,151,-,44,44,-,156,156,200,-,8,8,-,50,50,58,-,47,47,-,204,204,251,-,-,-,-,11,11,11,-,6,6,-,30,30,36,-,12,12,-,63,63,75,-,8,8,-,64,64,72,-,16,16,-,89,89,105,-,7,7,-,24,24,31,-,54,54,-,198,198,252,-,-,-,-,-,-,-,-,3,3,-,22,22,25,-,5,5,-,39,39,44,-,22,22,-,88,88,110,-,7,7,-,73,73,80,-,4,4,-,25,25,29,1817
Universitario,-,-,-,-,1,1,1,-,1,1,-,-,-,1,-,-,-,-,4,4,4,-,-,-,-,4,4,4,-,2,2,-,2,2,4,-,4,4,-,11,11,15,-,1,1,-,4,4,5,-,2,2,-,9,9,11,-,1,1,-,1,1,2,-,-,-,-,1,1,1,-,-,-,-,6,6,6,-,-,-,-,-,-,-,-,-,-,-,-,-,-,-,-,-,-,1,1,1,-,8,8,-,11,11,19,-,-,-,-,-,-,-,-,2,2,-,3,3,5,-,-,-,-,2,2,2,-,6,6,-,4,4,10,-,-,-,-,2,2,2,-,-,-,-,-,-,-,93
"Especialización, maestría o equivalente",-,-,-,-,-,-,-,-,-,-,-,4,4,4,-,-,-,-,-,-,-,-,-,-,-,1,1,1,-,-,-,-,-,-,-,-,2,2,-,-,-,2,-,1,1,-,-,-,1,-,1,1,-,3,3,4,-,-,-,-,-,-,-,-,-,-,-,1,1,1,-,-,-,-,-,-,-,-,-,-,-,-,-,-,-,-,-,-,-,-,-,-,-,-,-,1,1,1,-,1,1,-,-,-,1,-,-,-,-,-,-,-,-,-,-,-,-,-,-,-,-,-,-,1,1,1,-,3,3,-,8,8,11,-,-,-,-,-,-,-,-,-,-,-,-,-,-,27
Doctorado o equivalente,-,-,-,-,-,-,-,-,-,-,-,-,-,-,-,-,-,-,1,1,1,-,-,-,-,-,-,-,-,-,-,-,-,-,-,-,-,-,-,-,-,-,-,-,-,-,-,-,-,-,-,-,-,-,-,-,-,-,-,-,-,-,-,-,-,-,-,-,-,-,-,-,-,-,-,-,-,-,-,-,-,-,-,-,-,-,-,-,-,-,-,-,-,-,-,-,-,-,-,-,-,-,-,-,-,-,-,-,-,-,-,-,-,-,-,-,-,-,-,-,-,-,-,-,-,-,-,-,-,-,-,-,-,-,-,-,-,-,-,-,-,-,-,-,-,-,-,1
Sin escolaridad,-,-,-,-,-,-,-,-,-,-,-,2,2,2,-,2,2,-,4,4,6,-,-,-,-,-,-,-,-,-,-,-,7,7,7,-,-,-,-,-,-,-,-,-,-,-,-,-,-,-,1,1,-,3,3,4,-,1,1,-,1,1,2,-,-,-,-,-,-,-,-,-,-,-,-,-,-,-,-,-,-,2,2,2,-,-,-,-,2,2,2,-,-,-,-,2,2,2,-,2,2,-,1,1,3,-,-,-,-,-,-,-,-,-,-,-,-,-,-,-,-,-,-,1,1,1,-,-,-,-,-,-,-,-,-,-,-,4,4,4,-,-,-,-,-,-,-,35
Sin información,-,-,-,-,1,1,1,-,-,-,-,-,-,-,-,-,-,-,3,3,3,-,-,-,-,-,-,-,-,1,1,-,3,3,4,-,-,-,-,-,-,-,-,-,-,-,-,-,-,-,5,5,-,2,2,7,-,-,-,-,-,-,-,-,-,-,-,-,-,-,-,1,1,-,1,1,2,-,2,2,-,-,-,2,-,-,-,-,1,1,1,-,-,-,-,-,-,-,-,-,-,-,-,-,-,-,-,-,-,-,-,-,-,-,-,-,-,-,-,-,-,-,-,1,1,1,-,-,-,-,-,-,-,-,1,1,-,-,-,1,-,1,1,-,3,3,4,26
TOTAL,-,17,17,-,68,68,85,-,22,22,1,88,89,111,-,193,193,14,848,862,1055,-,24,24,1,99,100,124,1,182,183,12,861,873,1056,-,140,140,5,569,574,714,-,47,47,1,189,190,237,1,209,210,7,890,897,1107,-,9,9,1,37,38,47,-,19,19,2,121,123,142,-,46,46,2,174,176,222,-,60,60,-,337,337,397,-,108,108,7,471,478,586,-,38,38,2,158,160,198,-,184,184,5,717,722,906,-,-,-,-,3,3,3,-,14,14,1,44,45,59,-,29,29,5,191,196,225,-,67,67,2,250,252,319,-,83,83,8,496,504,587,-,42,42,6,146,152,194,8374
VARIABLE: ESTADO CIVIL,,,,,,,,,,,,,,,,,,,,,,,,,,,,,,,,,,,,,,,,,,,,,,,,,,,,,,,,,,,,,,,,,,,,,,,,,,,,,,,,,,,,,,,,,,,,,,,,,,,,,,,,,,,,,,,,,,,,,,,,,,,,,,,,,,,,,,,,,,,,,,,,,,,,
Soltero (a),-,9,9,-,27,27,36,-,11,11,1,52,53,64,-,69,69,9,353,362,431,-,8,8,1,45,46,54,1,51,52,10,316,326,378,-,45,45,4,221,225,270,-,12,12,1,91,92,104,-,73,73,5,369,374,447,-,4,4,1,18,19,23,-,7,7,1,49,50,57,-,18,18,2,69,71,89,-,27,27,-,147,147,174,-,44,44,5,210,215,259,-,17,17,2,71,73,90,-,55,55,3,268,271,326,-,-,-,-,-,-,-,-,5,5,-,20,20,25,-,13,13,2,87,89,102,-,21,21,2,104,106,127,-,26,26,6,218,224,250,-,19,19,6,68,74,93,3399
Unión libre,-,6,6,-,27,27,33,-,5,5,-,31,31,36,-,80,80,5,349,354,434,-,10,10,-,37,37,47,-,90,90,1,386,387,477,-,59,59,1,231,232,291,-,27,27,-,74,74,101,1,99,100,2,371,373,473,-,4,4,-,15,15,19,-,8,8,1,52,53,61,-,16,16,-,70,70,86,-,27,27,-,133,133,160,-,52,52,2,194,196,248,-,13,13,-,65,65,78,-,91,91,2,320,322,413,-,-,-,-,2,2,2,-,2,2,1,11,12,14,-,13,13,3,74,77,90,-,25,25,-,90,90,115,-,43,43,2,196,198,241,-,17,17,-,49,49,66,3485
Casado (a),-,2,2,-,11,11,13,-,6,6,-,4,4,10,-,31,31,-,97,97,128,-,4,4,-,16,16,20,-,26,26,-,74,74,100,-,28,28,-,93,93,121,-,5,5,-,19,19,24,-,24,24,-,110,110,134,-,1,1,-,3,3,4,-,3,3,-,16,16,19,-,9,9,-,27,27,36,-,4,4,-,35,35,39,-,10,10,-,45,45,55,-,6,6,-,13,13,19,-,34,34,-,108,108,142,-,-,-,-,-,-,-,-,5,5,-,12,12,17,-,1,1,-,19,19,20,-,16,16,-,48,48,64,-,7,7,-,54,54,61,-,2,2,-,17,17,19,1045
"Separado (a), Divorciado (a)",-,-,-,-,2,2,2,-,-,-,-,1,1,1,-,13,13,-,47,47,60,-,2,2,-,1,1,3,-,15,15,1,84,85,100,-,8,8,-,23,23,31,-,3,3,-,5,5,8,-,12,12,-,36,36,48,-,-,-,-,1,1,1,-,1,1,-,2,2,3,-,2,2,-,8,8,10,-,2,2,-,20,20,22,-,2,2,-,20,20,22,-,2,2,-,9,9,11,-,3,3,-,19,19,22,-,-,-,-,1,1,1,-,1,1,-,1,1,2,-,2,2,-,11,11,13,-,5,5,-,8,8,13,-,5,5,-,26,26,31,-,4,4,-,12,12,16,420
Viudo (a),-,-,-,-,-,-,-,-,-,-,-,-,-,-,-,-,-,-,1,1,1,-,-,-,-,-,-,-,-,-,-,-,-,-,-,-,-,-,-,1,1,1,-,-,-,-,-,-,-,-,-,-,-,1,1,1,-,-,-,-,-,-,-,-,-,-,-,2,2,2,-,-,-,-,-,-,-,-,-,-,-,2,2,2,-,-,-,-,1,1,1,-,-,-,-,-,-,-,-,1,1,-,1,1,2,-,-,-,-,-,-,-,-,-,-,-,-,-,-,-,-,-,-,-,-,-,-,-,-,-,-,-,-,-,1,1,-,1,1,2,-,-,-,-,-,-,-,12
Sin información,-,-,-,-,1,1,1,-,-,-,-,-,-,-,-,-,-,-,1,1,1,-,-,-,-,-,-,-,-,-,-,-,1,1,1,-,-,-,-,-,-,-,-,-,-,-,-,-,-,-,1,1,-,3,3,4,-,-,-,-,-,-,-,-,-,-,-,-,-,-,-,1,1,-,-,-,1,-,-,-,-,-,-,-,-,-,-,-,1,1,1,-,-,-,-,-,-,-,-,-,-,-,1,1,1,-,-,-,-,-,-,-,-,1,1,-,-,-,1,-,-,-,-,-,-,-,-,-,-,-,-,-,-,-,1,1,-,1,1,2,-,-,-,-,-,-,-,13
TOTAL,-,17,17,-,68,68,85,-,22,22,1,88,89,111,-,193,193,14,848,862,1055,-,24,24,1,99,100,124,1,182,183,12,861,873,1056,-,140,140,5,569,574,714,-,47,47,1,189,190,237,1,209,210,7,890,897,1107,-,9,9,1,37,38,47,-,19,19,2,121,123,142,-,46,46,2,174,176,222,-,60,60,-,337,337,397,-,108,108,7,471,478,586,-,38,38,2,158,160,198,-,184,184,5,717,722,906,-,-,-,-,3,3,3,-,14,14,1,44,45,59,-,29,29,5,191,196,225,-,67,67,2,250,252,319,-,83,83,8,496,504,587,-,42,42,6,146,152,194,8374
VARIABLE: FACTOR DE VULNERABILIDAD,,,,,,,,,,,,,,,,,,,,,,,,,,,,,,,,,,,,,,,,,,,,,,,,,,,,,,,,,,,,,,,,,,,,,,,,,,,,,,,,,,,,,,,,,,,,,,,,,,,,,,,,,,,,,,,,,,,,,,,,,,,,,,,,,,,,,,,,,,,,,,,,,,,,
Campesinos (as) y/o trabajadores (as) del campo,-,-,-,-,-,-,-,-,-,-,-,-,-,-,-,-,-,-,-,-,-,-,-,-,-,-,-,-,-,-,-,-,-,-,-,-,-,-,-,-,-,-,-,-,-,-,-,-,-,-,-,-,-,1,1,1,-,-,-,-,-,-,-,-,-,-,-,-,-,-,-,-,-,-,-,-,-,-,-,-,-,-,-,-,-,-,-,-,-,-,-,-,-,-,-,-,-,-,-,-,-,-,-,-,-,-,-,-,-,-,-,-,-,-,-,-,-,-,-,-,-,-,-,-,-,-,-,-,-,-,-,-,-,-,-,-,-,1,1,1,-,1,1,-,-,-,1,3
Comunidad LGBT,-,-,-,-,-,-,-,-,1,1,-,-,-,1,-,1,1,-,4,4,5,-,2,2,-,1,1,3,-,2,2,-,3,3,5,-,1,1,-,3,3,4,-,1,1,-,1,1,2,-,5,5,-,2,2,7,-,-,-,-,-,-,-,-,-,-,-,-,-,-,-,2,2,-,3,3,5,-,1,1,-,1,1,2,-,-,-,-,2,2,2,-,2,2,-,2,2,4,-,4,4,-,3,3,7,-,-,-,-,-,-,-,-,-,-,-,1,1,1,-,-,-,1,1,2,2,-,1,1,-,2,2,3,-,2,2,-,4,4,6,-,2,2,-,1,1,3,62
Conductores de vehículos de servicio público,-,-,-,-,-,-,-,-,-,-,-,-,-,-,-,-,-,-,-,-,-,-,-,-,-,1,1,1,-,1,1,-,1,1,2,-,-,-,-,-,-,-,-,-,-,-,-,-,-,-,1,1,-,-,-,1,-,-,-,-,-,-,-,-,-,-,-,-,-,-,-,-,-,-,-,-,-,-,-,-,-,-,-,-,-,-,-,-,1,1,1,-,-,-,-,1,1,1,-,4,4,-,11,11,15,-,-,-,-,-,-,-,-,-,-,-,-,-,-,-,-,-,-,-,-,-,-,-,-,-,1,1,1,-,-,-,-,-,-,-,-,-,-,-,-,-,-,22
Grupos étnicos,-,-,-,-,-,-,-,-,-,-,-,-,-,-,-,-,-,-,-,-,-,-,-,-,-,-,-,-,-,-,-,-,-,-,-,-,1,1,-,-,-,1,-,-,-,-,-,-,-,-,-,-,-,-,-,-,-,-,-,-,-,-,-,-,-,-,-,-,-,-,-,-,-,-,-,-,-,-,-,-,-,-,-,-,-,-,-,-,-,-,-,-,-,-,-,-,-,-,-,-,-,-,2,2,2,-,-,-,-,-,-,-,-,-,-,-,-,-,-,-,-,-,-,-,-,-,-,-,-,-,1,1,1,-,-,-,-,1,1,1,-,-,-,-,-,-,-,5
Mujer cabeza de hogar o de familia ,-,-,-,-,-,-,-,-,-,-,-,2,2,2,-,-,-,-,17,17,17,-,-,-,-,-,-,-,-,-,-,-,13,13,13,-,-,-,-,4,4,4,-,-,-,-,3,3,3,-,-,-,-,2,2,2,-,-,-,-,1,1,1,-,-,-,-,1,1,1,-,-,-,-,-,-,-,-,-,-,-,3,3,3,-,-,-,-,2,2,2,-,-,-,-,2,2,2,-,-,-,-,10,10,10,-,-,-,-,-,-,-,-,-,-,-,-,-,-,-,-,-,-,1,1,1,-,-,-,-,2,2,2,-,-,-,-,8,8,8,-,-,-,-,-,-,-,71
Persona adicta a una droga natural o sintética,-,1,1,-,6,6,7,-,1,1,-,6,6,7,-,4,4,-,46,46,50,-,1,1,-,6,6,7,-,10,10,-,64,64,74,-,2,2,-,27,27,29,-,2,2,-,7,7,9,-,9,9,-,40,40,49,-,1,1,-,2,2,3,-,-,-,-,6,6,6,-,-,-,-,1,1,1,-,4,4,-,20,20,24,-,6,6,-,28,28,34,-,-,-,-,8,8,8,-,9,9,-,86,86,95,-,-,-,-,-,-,-,-,1,1,-,1,1,2,-,-,-,-,13,13,13,-,1,1,-,18,18,19,-,1,1,-,38,38,39,-,5,5,-,9,9,14,490
Persona en condición de desplazamiento ,-,1,1,-,1,1,2,-,-,-,-,1,1,1,-,2,2,-,8,8,10,-,1,1,-,2,2,3,-,2,2,-,19,19,21,-,-,-,1,11,12,12,-,1,1,-,8,8,9,-,2,2,-,8,8,10,-,-,-,-,-,-,-,-,-,-,-,5,5,5,-,-,-,-,1,1,1,-,1,1,-,5,5,6,-,-,-,-,8,8,8,-,1,1,-,4,4,5,-,3,3,-,9,9,12,-,-,-,-,-,-,-,-,-,-,-,2,2,2,-,-,-,-,3,3,3,-,-,-,-,2,2,2,-,2,2,-,7,7,9,-,-,-,-,1,1,1,122
Persona habitante de la calle,-,-,-,-,-,-,-,-,-,-,-,-,-,-,-,-,-,-,-,-,-,-,-,-,-,-,-,-,-,-,-,-,-,-,-,-,-,-,-,1,1,1,-,-,-,-,-,-,-,-,-,-,-,-,-,-,-,-,-,-,-,-,-,-,-,-,-,-,-,-,-,-,-,-,-,-,-,-,-,-,-,-,-,-,-,-,-,-,-,-,-,-,-,-,-,-,-,-,-,-,-,-,-,-,-,-,-,-,-,-,-,-,-,-,-,-,-,-,-,-,-,-,-,-,-,-,-,-,-,-,-,-,-,-,-,-,-,-,-,-,-,-,-,-,-,-,-,1
Persona Recluida en establecimiento de rehabilitación y pabellones psiquiátricos,-,-,-,-,-,-,-,-,-,-,-,-,-,-,-,1,1,-,-,-,1,-,-,-,-,-,-,-,-,-,-,-,-,-,-,-,-,-,-,-,-,-,-,-,-,-,-,-,-,-,-,-,-,-,-,-,-,-,-,-,-,-,-,-,-,-,-,-,-,-,-,-,-,-,-,-,-,-,-,-,-,-,-,-,-,-,-,-,-,-,-,-,-,-,-,-,-,-,-,-,-,-,-,-,-,-,-,-,-,-,-,-,-,-,-,-,-,-,-,-,-,-,-,-,-,-,-,-,-,-,-,-,-,-,-,-,-,-,-,-,-,-,-,-,-,-,-,1
Personas bajo custodia,-,-,-,-,-,-,-,-,1,1,-,-,-,1,-,-,-,-,-,-,-,-,-,-,-,-,-,-,-,-,-,-,-,-,-,-,2,2,-,-,-,2,-,-,-,-,-,-,-,-,-,-,-,-,-,-,-,-,-,-,-,-,-,-,-,-,-,-,-,-,-,-,-,-,-,-,-,-,-,-,-,-,-,-,-,-,-,-,-,-,-,-,-,-,-,-,-,-,-,-,-,-,-,-,-,-,-,-,-,-,-,-,-,-,-,-,-,-,-,-,-,-,-,-,-,-,-,-,-,-,-,-,-,-,-,-,-,-,-,-,-,-,-,-,-,-,-,3
Personas en situación de prostitución,-,-,-,-,-,-,-,-,-,-,-,-,-,-,-,-,-,-,-,-,-,-,-,-,-,-,-,-,-,-,-,-,-,-,-,-,-,-,-,-,-,-,-,-,-,-,-,-,-,-,-,-,-,-,-,-,-,-,-,-,-,-,-,-,-,-,-,1,1,1,-,-,-,-,-,-,-,-,-,-,-,-,-,-,-,-,-,-,-,-,-,-,-,-,-,-,-,-,-,-,-,-,-,-,-,-,-,-,-,-,-,-,-,-,-,-,-,-,-,-,-,-,-,-,-,-,-,-,-,-,-,-,-,-,-,-,-,-,-,-,-,-,-,-,-,-,-,1
Ninguno,-,15,15,-,61,61,76,-,19,19,1,79,80,99,-,185,185,14,773,787,972,-,20,20,1,89,90,110,1,167,168,12,761,773,941,-,134,134,4,523,527,661,-,43,43,1,170,171,214,1,192,193,7,837,844,1037,-,8,8,1,34,35,43,-,19,19,2,108,110,129,-,44,44,2,169,171,215,-,54,54,-,308,308,362,-,102,102,7,430,437,539,-,35,35,2,141,143,178,-,164,164,5,596,601,765,-,-,-,-,3,3,3,-,13,13,1,40,41,54,-,29,29,4,173,177,206,-,65,65,2,224,226,291,-,78,78,8,437,445,523,-,34,34,6,135,141,175,7593
TOTAL,-,17,17,-,68,68,85,-,22,22,1,88,89,111,-,193,193,14,848,862,1055,-,24,24,1,99,100,124,1,182,183,12,861,873,1056,-,140,140,5,569,574,714,-,47,47,1,189,190,237,1,209,210,7,890,897,1107,-,9,9,1,37,38,47,-,19,19,2,121,123,142,-,46,46,2,174,176,222,-,60,60,-,337,337,397,-,108,108,7,471,478,586,-,38,38,2,158,160,198,-,184,184,5,717,722,906,-,-,-,-,3,3,3,-,14,14,1,44,45,59,-,29,29,5,191,196,225,-,67,67,2,250,252,319,-,83,83,8,496,504,587,-,42,42,6,146,152,194,8374
VARIABLE: PERTENENCIA ÉTNICA,,,,,,,,,,,,,,,,,,,,,,,,,,,,,,,,,,,,,,,,,,,,,,,,,,,,,,,,,,,,,,,,,,,,,,,,,,,,,,,,,,,,,,,,,,,,,,,,,,,,,,,,,,,,,,,,,,,,,,,,,,,,,,,,,,,,,,,,,,,,,,,,,,,,
Indígena,-,-,-,-,-,-,-,-,-,-,-,-,-,-,-,-,-,-,1,1,1,-,-,-,-,-,-,-,-,2,2,-,3,3,5,-,-,-,-,-,-,-,-,-,-,-,2,2,2,-,1,1,-,-,-,1,-,-,-,-,-,-,-,-,-,-,-,-,-,-,-,-,-,-,-,-,-,-,-,-,-,-,-,-,-,-,-,-,-,-,-,-,-,-,-,1,1,1,-,-,-,-,1,1,1,-,-,-,-,-,-,-,-,-,-,-,-,-,-,-,-,-,-,-,-,-,-,-,-,-,-,-,-,-,-,-,-,1,1,1,-,-,-,-,-,-,-,12
Negro/Afrodescendiente,-,1,1,-,-,-,1,-,-,-,-,1,1,1,-,1,1,-,3,3,4,-,-,-,-,-,-,-,-,1,1,-,11,11,12,-,1,1,-,10,10,11,-,-,-,-,6,6,6,-,1,1,-,4,4,5,-,-,-,-,-,-,-,-,-,-,-,1,1,1,-,-,-,-,-,-,-,-,1,1,-,1,1,2,-,-,-,-,4,4,4,-,1,1,-,2,2,3,-,2,2,-,3,3,5,-,-,-,-,-,-,-,-,-,-,-,-,-,-,-,-,-,-,2,2,2,-,-,-,-,2,2,2,-,1,1,-,5,5,6,-,-,-,-,1,1,1,66
Palenquero,-,-,-,-,-,-,-,-,-,-,-,-,-,-,-,-,-,-,-,-,-,-,-,-,-,-,-,-,-,-,-,-,-,-,-,-,-,-,-,-,-,-,-,-,-,-,-,-,-,-,-,-,-,-,-,-,-,-,-,-,-,-,-,-,-,-,-,-,-,-,-,-,-,-,1,1,1,-,-,-,-,-,-,-,-,-,-,-,-,-,-,-,-,-,-,-,-,-,-,-,-,-,-,-,-,-,-,-,-,-,-,-,-,-,-,-,-,-,-,-,-,-,-,-,-,-,-,-,-,-,-,-,-,-,-,-,-,-,-,-,-,-,-,-,-,-,-,1
Raizal,-,-,-,-,-,-,-,-,-,-,-,-,-,-,-,-,-,-,-,-,-,-,-,-,-,-,-,-,-,-,-,-,-,-,-,-,-,-,-,-,-,-,-,-,-,-,-,-,-,-,-,-,-,1,1,1,-,-,-,-,-,-,-,-,-,-,-,-,-,-,-,-,-,-,-,-,-,-,-,-,-,-,-,-,-,-,-,-,-,-,-,-,-,-,-,-,-,-,-,-,-,-,-,-,-,-,-,-,-,-,-,-,-,-,-,-,-,-,-,-,-,-,-,-,-,-,-,-,-,-,-,-,-,-,-,-,-,-,-,-,-,-,-,-,-,-,-,1
ROM (Gitano),-,-,-,-,-,-,-,-,-,-,-,-,-,-,-,-,-,-,-,-,-,-,-,-,-,-,-,-,-,-,-,-,-,-,-,-,-,-,-,-,-,-,-,-,-,-,-,-,-,-,-,-,-,-,-,-,-,-,-,-,-,-,-,-,-,-,-,-,-,-,-,-,-,-,-,-,-,-,-,-,-,-,-,-,-,-,-,-,-,-,-,-,-,-,-,-,-,-,-,-,-,-,-,-,-,-,-,-,-,-,-,-,-,-,-,-,-,-,-,-,-,-,-,-,-,-,-,-,-,-,-,-,-,-,-,-,-,1,1,1,-,-,-,-,-,-,-,1
Sin pertenencia étnica,-,14,14,-,61,61,75,-,17,17,1,77,78,95,-,167,167,14,748,762,929,-,22,22,1,92,93,115,1,163,164,12,792,804,968,-,128,128,5,519,524,652,-,42,42,1,159,160,202,1,176,177,7,822,829,1006,-,8,8,1,33,34,42,-,16,16,2,107,109,125,-,41,41,2,153,155,196,-,54,54,-,296,296,350,-,99,99,6,422,428,527,-,32,32,2,142,144,176,-,177,177,5,660,665,842,-,-,-,-,3,3,3,-,12,12,1,43,44,56,-,28,28,5,170,175,203,-,63,63,2,228,230,293,-,74,74,8,439,447,521,-,38,38,6,110,116,154,7530
Sin información,-,2,2,-,7,7,9,-,5,5,-,10,10,15,-,25,25,-,96,96,121,-,2,2,-,7,7,9,-,16,16,-,55,55,71,-,11,11,-,40,40,51,-,5,5,-,22,22,27,-,31,31,-,63,63,94,-,1,1,-,4,4,5,-,3,3,-,13,13,16,-,5,5,-,20,20,25,-,5,5,-,40,40,45,-,9,9,1,45,46,55,-,5,5,-,13,13,18,-,5,5,-,53,53,58,-,-,-,-,-,-,-,-,2,2,-,1,1,3,-,1,1,-,19,19,20,-,4,4,-,20,20,24,-,8,8,-,50,50,58,-,4,4,-,35,35,39,763
TOTAL,-,17,17,-,68,68,85,-,22,22,1,88,89,111,-,193,193,14,848,862,1055,-,24,24,1,99,100,124,1,182,183,12,861,873,1056,-,140,140,5,569,574,714,-,47,47,1,189,190,237,1,209,210,7,890,897,1107,-,9,9,1,37,38,47,-,19,19,2,121,123,142,-,46,46,2,174,176,222,-,60,60,-,337,337,397,-,108,108,7,471,478,586,-,38,38,2,158,160,198,-,184,184,5,717,722,906,-,-,-,-,3,3,3,-,14,14,1,44,45,59,-,29,29,5,191,196,225,-,67,67,2,250,252,319,-,83,83,8,496,504,587,-,42,42,6,146,152,194,8374
VARIABLE: PRESUNTO AGRESOR,,,,,,,,,,,,,,,,,,,,,,,,,,,,,,,,,,,,,,,,,,,,,,,,,,,,,,,,,,,,,,,,,,,,,,,,,,,,,,,,,,,,,,,,,,,,,,,,,,,,,,,,,,,,,,,,,,,,,,,,,,,,,,,,,,,,,,,,,,,,,,,,,,,,
Pareja o ex pareja,-,17,17,-,68,68,85,-,22,22,1,88,89,111,-,193,193,14,848,862,1055,-,24,24,1,99,100,124,1,182,183,12,861,873,1056,-,140,140,5,569,574,714,-,47,47,1,189,190,237,1,209,210,7,890,897,1107,-,9,9,1,37,38,47,-,19,19,2,121,123,142,-,46,46,2,174,176,222,-,60,60,-,337,337,397,-,108,108,7,471,478,586,-,38,38,2,158,160,198,-,184,184,5,717,722,906,-,-,-,-,3,3,3,-,14,14,1,44,45,59,-,29,29,5,191,196,225,-,67,67,2,250,252,319,-,83,83,8,496,504,587,-,42,42,6,146,152,194,8374
Amante ,-,-,-,-,-,-,-,-,-,-,-,-,-,-,-,-,-,-,1,1,1,-,-,-,-,1,1,1,-,-,-,-,-,-,-,-,-,-,-,-,-,-,-,-,-,-,-,-,-,-,-,-,-,-,-,-,-,-,-,-,-,-,-,-,-,-,-,-,-,-,-,-,-,-,-,-,-,-,-,-,-,1,1,1,-,-,-,-,-,-,-,-,-,-,-,-,-,-,-,1,1,-,-,-,1,-,-,-,-,-,-,-,-,-,-,-,-,-,-,-,-,-,-,-,-,-,-,-,-,-,-,-,-,-,-,-,-,-,-,-,-,-,-,-,-,-,-,4
Compañero (a)  permanente,-,11,11,-,32,32,43,-,10,10,-,41,41,51,-,89,89,6,439,445,534,-,11,11,-,44,44,55,1,93,94,6,421,427,521,-,68,68,3,252,255,323,-,30,30,-,101,101,131,1,111,112,4,470,474,586,-,6,6,1,16,17,23,-,13,13,-,54,54,67,-,20,20,-,77,77,97,-,35,35,-,163,163,198,-,54,54,1,226,227,281,-,18,18,-,74,74,92,-,85,85,2,362,364,449,-,-,-,-,2,2,2,-,5,5,-,18,18,23,-,17,17,4,96,100,117,-,29,29,-,108,108,137,-,44,44,4,249,253,297,-,21,21,3,67,70,91,4118
Esposo (a),-,1,1,-,9,9,10,-,5,5,-,6,6,11,-,24,24,-,70,70,94,-,2,2,-,12,12,14,-,17,17,-,60,60,77,-,23,23,-,87,87,110,-,4,4,-,21,21,25,-,22,22,-,102,102,124,-,1,1,-,2,2,3,-,1,1,-,12,12,13,-,11,11,-,21,21,32,-,1,1,-,30,30,31,-,10,10,-,38,38,48,-,4,4,-,9,9,13,-,27,27,-,100,100,127,-,-,-,-,-,-,-,-,6,6,-,9,9,15,-,-,-,-,16,16,16,-,16,16,-,44,44,60,-,6,6,-,44,44,50,-,2,2,-,10,10,12,885
Ex - Amante,-,-,-,-,-,-,-,-,-,-,-,-,-,-,-,-,-,-,1,1,1,-,-,-,-,-,-,-,-,-,-,-,-,-,-,-,1,1,-,-,-,1,-,-,-,-,-,-,-,-,-,-,-,-,-,-,-,-,-,-,-,-,-,-,-,-,-,-,-,-,-,-,-,-,-,-,-,-,1,1,-,-,-,1,-,-,-,-,-,-,-,-,1,1,-,-,-,1,-,3,3,-,6,6,9,-,-,-,-,-,-,-,-,-,-,-,-,-,-,-,-,-,-,-,-,-,-,-,-,-,-,-,-,-,-,-,-,-,-,-,-,-,-,-,-,-,-,13
Ex - compañero (a) permanente,-,4,4,-,21,21,25,-,7,7,-,32,32,39,-,69,69,6,284,290,359,-,7,7,-,21,21,28,-,62,62,4,313,317,379,-,39,39,1,185,186,225,-,10,10,-,55,55,65,-,57,57,3,238,241,298,-,1,1,-,18,18,19,-,5,5,-,46,46,51,-,13,13,-,55,55,68,-,19,19,-,114,114,133,-,37,37,1,173,174,211,-,10,10,-,56,56,66,-,59,59,1,183,184,243,-,-,-,-,1,1,1,-,1,1,-,10,10,11,-,6,6,1,61,62,68,-,18,18,-,69,69,87,-,28,28,2,167,169,197,-,16,16,1,51,52,68,2641
Ex - esposo (a),-,1,1,-,-,-,1,-,-,-,-,1,1,1,-,6,6,-,15,15,21,-,1,1,-,2,2,3,-,6,6,-,10,10,16,-,3,3,-,11,11,14,-,1,1,-,-,-,1,-,6,6,-,12,12,18,-,-,-,-,1,1,1,-,-,-,-,1,1,1,-,1,1,-,4,4,5,-,-,-,-,6,6,6,-,1,1,-,7,7,8,-,1,1,-,1,1,2,-,4,4,-,6,6,10,-,-,-,-,-,-,-,-,-,-,-,-,-,-,-,-,-,-,2,2,2,-,1,1,-,6,6,7,-,2,2,-,7,7,9,-,1,1,-,3,3,4,130
Ex - Novio (a),-,-,-,-,1,1,1,-,-,-,-,2,2,2,-,-,-,1,13,14,14,-,2,2,-,11,11,13,-,1,1,1,30,31,32,-,2,2,-,18,18,20,-,2,2,1,6,7,9,-,7,7,-,31,31,38,-,-,-,-,-,-,-,-,-,-,-,5,5,5,-,-,-,1,7,8,8,-,1,1,-,6,6,7,-,3,3,4,14,18,21,-,3,3,1,6,7,10,-,2,2,1,32,33,35,-,-,-,-,-,-,-,-,1,1,-,1,1,2,-,3,3,-,7,7,10,-,1,1,2,10,12,13,-,1,1,1,21,22,23,-,2,2,-,8,8,10,273
Novio (a),-,-,-,-,5,5,5,-,-,-,1,6,7,7,-,5,5,1,23,24,29,-,1,1,1,7,8,9,-,3,3,1,26,27,30,-,4,4,1,16,17,21,-,-,-,-,6,6,6,-,6,6,-,37,37,43,-,1,1,-,-,-,1,-,-,-,2,3,5,5,-,1,1,1,9,10,11,-,3,3,-,16,16,19,-,3,3,1,12,13,16,-,1,1,1,12,13,14,-,3,3,1,27,28,31,-,-,-,-,-,-,-,-,1,1,1,6,7,8,-,3,3,-,8,8,11,-,2,2,-,13,13,15,-,2,2,1,7,8,10,-,-,-,2,6,8,8,299
Sin información,-,-,-,-,-,-,-,-,-,-,-,-,-,-,-,-,-,-,2,2,2,-,-,-,-,1,1,1,-,-,-,-,1,1,1,-,-,-,-,-,-,-,-,-,-,-,-,-,-,-,-,-,-,-,-,-,-,-,-,-,-,-,-,-,-,-,-,-,-,-,-,-,-,-,1,1,1,-,-,-,-,1,1,1,-,-,-,-,1,1,1,-,-,-,-,-,-,-,-,-,-,-,1,1,1,-,-,-,-,-,-,-,-,-,-,-,-,-,-,-,-,-,-,1,1,1,-,-,-,-,-,-,-,-,-,-,-,1,1,1,-,-,-,-,1,1,1,11
TOTAL,-,17,17,-,68,68,85,-,22,22,1,88,89,111,-,193,193,14,848,862,1055,-,24,24,1,99,100,124,1,182,183,12,861,873,1056,-,140,140,5,569,574,714,-,47,47,1,189,190,237,1,209,210,7,890,897,1107,-,9,9,1,37,38,47,-,19,19,2,121,123,142,-,46,46,2,174,176,222,-,60,60,-,337,337,397,-,108,108,7,471,478,586,-,38,38,2,158,160,198,-,184,184,5,717,722,906,-,-,-,-,3,3,3,-,14,14,1,44,45,59,-,29,29,5,191,196,225,-,67,67,2,250,252,319,-,83,83,8,496,504,587,-,42,42,6,146,152,194,8374
VARIABLE: SEXO DEL PRESUNTO AGRESOR,,,,,,,,,,,,,,,,,,,,,,,,,,,,,,,,,,,,,,,,,,,,,,,,,,,,,,,,,,,,,,,,,,,,,,,,,,,,,,,,,,,,,,,,,,,,,,,,,,,,,,,,,,,,,,,,,,,,,,,,,,,,,,,,,,,,,,,,,,,,,,,,,,,,
Hombre,-,1,1,-,68,68,69,-,2,2,1,88,89,91,-,11,11,14,841,855,866,-,6,6,1,97,98,104,-,7,7,12,856,868,875,-,11,11,5,561,566,577,-,2,2,1,183,184,186,-,16,16,7,883,890,906,-,1,1,1,36,37,38,-,-,-,2,119,121,121,-,3,3,2,169,171,174,-,5,5,-,332,332,337,-,7,7,7,466,473,480,-,3,3,1,156,157,160,-,13,13,5,705,710,723,-,-,-,-,3,3,3,-,-,-,1,43,44,44,-,2,2,5,190,195,197,-,4,4,2,247,249,253,-,5,5,8,487,495,500,-,7,7,6,143,149,156,6860
Mujer,-,16,16,-,-,-,16,-,20,20,-,-,-,20,-,182,182,-,5,5,187,-,18,18,-,1,1,19,1,175,176,-,4,4,180,-,129,129,-,8,8,137,-,45,45,-,6,6,51,1,193,194,-,7,7,201,-,8,8,-,1,1,9,-,19,19,-,2,2,21,-,43,43,-,4,4,47,-,55,55,-,4,4,59,-,101,101,-,4,4,105,-,35,35,1,2,3,38,-,171,171,-,11,11,182,-,-,-,-,-,-,-,-,14,14,-,1,1,15,-,27,27,-,-,-,27,-,63,63,-,3,3,66,-,78,78,-,8,8,86,-,35,35,-,2,2,37,1503
Sin información,-,-,-,-,-,-,-,-,-,-,-,-,-,-,-,-,-,-,2,2,2,-,-,-,-,1,1,1,-,-,-,-,1,1,1,-,-,-,-,-,-,-,-,-,-,-,-,-,-,-,-,-,-,-,-,-,-,-,-,-,-,-,-,-,-,-,-,-,-,-,-,-,-,-,1,1,1,-,-,-,-,1,1,1,-,-,-,-,1,1,1,-,-,-,-,-,-,-,-,-,-,-,1,1,1,-,-,-,-,-,-,-,-,-,-,-,-,-,-,-,-,-,-,1,1,1,-,-,-,-,-,-,-,-,-,-,-,1,1,1,-,-,-,-,1,1,1,11
TOTAL,-,17,17,-,68,68,85,-,22,22,1,88,89,111,-,193,193,14,848,862,1055,-,24,24,1,99,100,124,1,182,183,12,861,873,1056,-,140,140,5,569,574,714,-,47,47,1,189,190,237,1,209,210,7,890,897,1107,-,9,9,1,37,38,47,-,19,19,2,121,123,142,-,46,46,2,174,176,222,-,60,60,-,337,337,397,-,108,108,7,471,478,586,-,38,38,2,158,160,198,-,184,184,5,717,722,906,-,-,-,-,3,3,3,-,14,14,1,44,45,59,-,29,29,5,191,196,225,-,67,67,2,250,252,319,-,83,83,8,496,504,587,-,42,42,6,146,152,194,8374
VARIABLE: ACTIVIDAD DURANTE EL HECHO,,,,,,,,,,,,,,,,,,,,,,,,,,,,,,,,,,,,,,,,,,,,,,,,,,,,,,,,,,,,,,,,,,,,,,,,,,,,,,,,,,,,,,,,,,,,,,,,,,,,,,,,,,,,,,,,,,,,,,,,,,,,,,,,,,,,,,,,,,,,,,,,,,,,
Actividades de desplazamiento de un lugar a otro,-,7,7,-,17,17,24,-,4,4,-,26,26,30,-,60,60,4,219,223,283,-,10,10,-,21,21,31,-,57,57,3,198,201,258,-,39,39,3,128,131,170,-,8,8,-,53,53,61,-,66,66,3,228,231,297,-,1,1,-,11,11,12,-,4,4,1,36,37,41,-,10,10,1,46,47,57,-,15,15,-,85,85,100,-,32,32,2,112,114,146,-,12,12,1,40,41,53,-,45,45,1,130,131,176,-,-,-,-,1,1,1,-,5,5,-,7,7,12,-,9,9,2,42,44,53,-,14,14,1,40,41,55,-,30,30,4,140,144,174,-,25,25,5,55,60,85,2119
Actividades de trabajo doméstico no pagado para el uso del propio hogar,-,4,4,-,27,27,31,-,4,4,-,21,21,25,-,52,52,3,231,234,286,-,4,4,1,21,22,26,-,45,45,2,208,210,255,-,24,24,-,103,103,127,-,16,16,-,48,48,64,-,52,52,4,245,249,301,-,3,3,-,12,12,15,-,4,4,-,23,23,27,-,9,9,-,50,50,59,-,16,16,-,107,107,123,-,32,32,1,169,170,202,-,6,6,1,38,39,45,-,22,22,-,145,145,167,-,-,-,-,1,1,1,-,2,2,-,12,12,14,-,5,5,1,59,60,65,-,13,13,-,50,50,63,-,23,23,1,152,153,176,-,5,5,-,58,58,63,2135
Actividades ilícitas o delictivas,-,-,-,-,1,1,1,-,-,-,-,1,1,1,-,4,4,-,14,14,18,-,-,-,-,1,1,1,-,2,2,-,4,4,6,-,8,8,-,4,4,12,-,1,1,-,1,1,2,-,8,8,-,4,4,12,-,1,1,-,1,1,2,-,-,-,-,2,2,2,-,1,1,-,-,-,1,-,1,1,-,-,-,1,-,3,3,-,2,2,5,-,1,1,-,4,4,5,-,2,2,-,7,7,9,-,-,-,-,-,-,-,-,-,-,-,1,1,1,-,2,2,-,1,1,3,-,1,1,-,3,3,4,-,2,2,-,3,3,5,-,2,2,-,6,6,8,99
Actividades relacionadas con el cuidado no pagado de miembros del hogar,-,-,-,-,-,-,-,-,-,-,-,-,-,-,-,-,-,-,1,1,1,-,-,-,-,-,-,-,-,-,-,-,-,-,-,-,-,-,-,1,1,1,-,-,-,-,-,-,-,-,-,-,-,1,1,1,-,-,-,-,-,-,-,-,-,-,-,-,-,-,-,-,-,-,-,-,-,-,-,-,-,-,-,-,-,-,-,-,-,-,-,-,-,-,-,-,-,-,-,-,-,-,-,-,-,-,-,-,-,-,-,-,-,-,-,-,-,-,-,-,-,-,-,-,-,-,-,-,-,-,-,-,-,-,-,-,-,-,-,-,-,-,-,-,-,-,-,3
Actividades relacionadas con el estudio y el aprendizaje,-,-,-,-,1,1,1,-,2,2,-,6,6,8,-,3,3,-,7,7,10,-,2,2,-,6,6,8,-,2,2,1,13,14,16,-,1,1,-,11,11,12,-,1,1,-,4,4,5,-,6,6,-,25,25,31,-,-,-,-,1,1,1,-,-,-,-,7,7,7,-,3,3,-,2,2,5,-,1,1,-,5,5,6,-,1,1,-,3,3,4,-,-,-,-,1,1,1,-,6,6,-,7,7,13,-,-,-,-,-,-,-,-,1,1,-,-,-,1,-,1,1,-,4,4,5,-,3,3,-,4,4,7,-,1,1,-,6,6,7,-,-,-,-,2,2,2,150
Actividades relacionadas con enfrentamientos armados,-,-,-,-,4,4,4,-,4,4,-,-,-,4,-,7,7,-,41,41,48,-,1,1,-,2,2,3,-,5,5,1,29,30,35,-,7,7,-,28,28,35,-,2,2,-,9,9,11,-,4,4,-,22,22,26,-,-,-,-,-,-,-,-,-,-,-,3,3,3,-,-,-,-,7,7,7,-,3,3,-,12,12,15,-,4,4,-,20,20,24,-,-,-,-,4,4,4,-,12,12,-,31,31,43,-,-,-,-,1,1,1,-,-,-,-,2,2,2,-,2,2,-,10,10,12,-,6,6,-,13,13,19,-,4,4,-,22,22,26,-,1,1,-,2,2,3,325
"Actividades relacionadas con la asistencia a eventos culturales, de entretenimiento y/o deportivos",-,1,1,-,2,2,3,-,-,-,-,1,1,1,-,5,5,-,20,20,25,-,-,-,-,4,4,4,-,7,7,-,18,18,25,-,1,1,-,5,5,6,-,-,-,-,5,5,5,-,11,11,-,22,22,33,-,-,-,-,1,1,1,-,-,-,-,3,3,3,-,-,-,-,2,2,2,-,3,3,-,14,14,17,-,5,5,1,11,12,17,-,-,-,-,4,4,4,-,6,6,-,14,14,20,-,-,-,-,-,-,-,-,2,2,-,2,2,4,-,1,1,-,6,6,7,-,-,-,-,3,3,3,-,2,2,-,8,8,10,-,2,2,-,6,6,8,198
Actividades relacionadas con los deportes y el ejercicio físico,-,-,-,-,-,-,-,-,-,-,-,-,-,-,-,-,-,-,-,-,-,-,-,-,-,-,-,-,-,-,-,-,1,1,1,-,-,-,-,-,-,-,-,-,-,-,-,-,-,-,-,-,-,-,-,-,-,-,-,-,-,-,-,-,-,-,-,-,-,-,-,-,-,-,-,-,-,-,-,-,-,-,-,-,-,-,-,-,1,1,1,-,-,-,-,-,-,-,-,-,-,-,-,-,-,-,-,-,-,-,-,-,-,-,-,-,-,-,-,-,-,-,-,-,-,-,-,-,-,-,-,-,-,-,-,-,-,-,-,-,-,-,-,-,-,-,-,2
"Actividades relacionadas con manifestaciones públicas (Marchas, protestas, etc)",-,-,-,-,-,-,-,-,-,-,-,-,-,-,-,-,-,-,-,-,-,-,-,-,-,-,-,-,-,-,-,-,-,-,-,-,-,-,-,-,-,-,-,-,-,-,-,-,-,-,-,-,-,-,-,-,-,-,-,-,-,-,-,-,-,-,-,-,-,-,-,-,-,-,-,-,-,-,-,-,-,-,-,-,-,-,-,-,-,-,-,-,-,-,-,-,-,-,-,-,-,-,1,1,1,-,-,-,-,-,-,-,-,-,-,-,-,-,-,-,-,-,-,-,-,-,-,-,-,-,-,-,-,-,-,-,-,-,-,-,-,-,-,-,-,-,-,1
Actividades vitales o relacionadas con el cuidado personal,-,4,4,-,14,14,18,-,8,8,1,32,33,41,-,53,53,7,302,309,362,-,5,5,-,41,41,46,1,61,62,5,376,381,443,-,57,57,2,278,280,337,-,17,17,1,65,66,83,1,60,61,-,320,320,381,-,4,4,1,9,10,14,-,8,8,1,44,45,53,-,22,22,1,63,64,86,-,20,20,-,104,104,124,-,28,28,3,142,145,173,-,16,16,-,60,60,76,-,87,87,4,365,369,456,-,-,-,-,-,-,-,-,4,4,1,20,21,25,-,7,7,2,64,66,73,-,27,27,1,133,134,161,-,19,19,3,151,154,173,-,7,7,1,15,16,23,3148
Otra,-,1,1,-,2,2,3,-,-,-,-,1,1,1,-,9,9,-,13,13,22,-,2,2,-,3,3,5,-,3,3,-,14,14,17,-,3,3,-,11,11,14,-,2,2,-,4,4,6,-,2,2,-,23,23,25,-,-,-,-,2,2,2,-,3,3,-,3,3,6,-,1,1,-,4,4,5,-,1,1,-,10,10,11,-,3,3,-,11,11,14,-,3,3,-,7,7,10,-,4,4,-,17,17,21,-,-,-,-,-,-,-,-,-,-,-,-,-,-,-,2,2,-,5,5,7,-,3,3,-,4,4,7,-,2,2,-,14,14,16,-,-,-,-,2,2,2,194
TOTAL,-,17,17,-,68,68,85,-,22,22,1,88,89,111,-,193,193,14,848,862,1055,-,24,24,1,99,100,124,1,182,183,12,861,873,1056,-,140,140,5,569,574,714,-,47,47,1,189,190,237,1,209,210,7,890,897,1107,-,9,9,1,37,38,47,-,19,19,2,121,123,142,-,46,46,2,174,176,222,-,60,60,-,337,337,397,-,108,108,7,471,478,586,-,38,38,2,158,160,198,-,184,184,5,717,722,906,-,-,-,-,3,3,3,-,14,14,1,44,45,59,-,29,29,5,191,196,225,-,67,67,2,250,252,319,-,83,83,8,496,504,587,-,42,42,6,146,152,194,8374
VARIABLE: FACTOR DESENCADENANTE DE LA AGRESIÓN,,,,,,,,,,,,,,,,,,,,,,,,,,,,,,,,,,,,,,,,,,,,,,,,,,,,,,,,,,,,,,,,,,,,,,,,,,,,,,,,,,,,,,,,,,,,,,,,,,,,,,,,,,,,,,,,,,,,,,,,,,,,,,,,,,,,,,,,,,,,,,,,,,,,
Abandono,-,-,-,-,-,-,-,-,-,-,-,-,-,-,-,-,-,-,2,2,2,-,-,-,-,-,-,-,-,-,-,-,3,3,3,-,-,-,-,-,-,-,-,1,1,-,-,-,1,-,-,-,-,2,2,2,-,-,-,-,-,-,-,-,-,-,-,1,1,1,-,-,-,-,-,-,-,-,-,-,-,-,-,-,-,-,-,-,1,1,1,-,-,-,-,-,-,-,-,-,-,-,-,-,-,-,-,-,-,-,-,-,-,-,-,-,-,-,-,-,-,-,-,-,-,-,-,-,-,-,1,1,1,-,-,-,-,1,1,1,-,-,-,-,-,-,-,12
"Celos, desconfianza, infidelidad",-,1,1,-,16,16,17,-,3,3,-,16,16,19,-,21,21,2,179,181,202,-,6,6,-,25,25,31,-,33,33,-,205,205,238,-,23,23,-,106,106,129,-,7,7,1,57,58,65,-,33,33,-,196,196,229,-,-,-,1,9,10,10,-,4,4,1,33,34,38,-,6,6,-,34,34,40,-,14,14,-,89,89,103,-,11,11,-,109,109,120,-,6,6,-,30,30,36,-,38,38,-,151,151,189,-,-,-,-,-,-,-,-,3,3,1,7,8,11,-,1,1,2,43,45,46,-,8,8,-,60,60,68,-,15,15,-,115,115,130,-,3,3,-,22,22,25,1746
Consumo de alcohol y/o sustancias psicoactivas,-,1,1,-,5,5,6,-,4,4,-,7,7,11,-,7,7,1,85,86,93,-,-,-,1,17,18,18,-,10,10,1,80,81,91,-,6,6,-,71,71,77,-,6,6,-,17,17,23,-,23,23,2,113,115,138,-,1,1,-,1,1,2,-,-,-,-,17,17,17,-,3,3,-,20,20,23,-,4,4,-,37,37,41,-,13,13,2,46,48,61,-,6,6,-,17,17,23,-,10,10,-,110,110,120,-,-,-,-,-,-,-,-,3,3,-,8,8,11,-,-,-,-,21,21,21,-,4,4,1,28,29,33,-,4,4,-,44,44,48,-,5,5,-,12,12,17,874
Económicas,-,-,-,-,-,-,-,-,1,1,-,2,2,3,-,5,5,-,9,9,14,-,2,2,-,2,2,4,-,1,1,-,5,5,6,-,5,5,-,3,3,8,-,-,-,-,3,3,3,-,3,3,-,6,6,9,-,-,-,-,-,-,-,-,-,-,-,1,1,1,-,-,-,-,3,3,3,-,1,1,-,4,4,5,-,-,-,-,2,2,2,-,-,-,-,1,1,1,-,1,1,-,13,13,14,-,-,-,-,-,-,-,-,-,-,-,1,1,1,-,-,-,-,2,2,2,-,-,-,-,4,4,4,-,3,3,-,5,5,8,-,-,-,-,-,-,-,88
Enfermedad fisica o mental,-,-,-,-,-,-,-,-,1,1,-,-,-,1,-,2,2,-,-,-,2,-,-,-,-,-,-,-,-,-,-,-,-,-,-,-,1,1,-,-,-,1,-,-,-,-,-,-,-,-,-,-,-,-,-,-,-,-,-,-,-,-,-,-,-,-,-,-,-,-,-,1,1,-,-,-,1,-,-,-,-,-,-,-,-,-,-,-,-,-,-,-,-,-,-,-,-,-,-,-,-,-,-,-,-,-,-,-,-,-,-,-,-,-,-,-,-,-,-,-,-,-,-,-,-,-,-,-,-,-,-,-,-,-,-,-,-,-,-,-,-,-,-,-,-,-,-,5
"Intolerancia, machismo",-,14,14,-,42,42,56,-,12,12,1,55,56,68,-,133,133,10,477,487,620,-,14,14,-,42,42,56,1,112,113,9,455,464,577,-,78,78,4,261,265,343,-,25,25,-,92,92,117,1,129,130,4,467,471,601,-,8,8,-,23,23,31,-,13,13,1,52,53,66,-,35,35,2,98,100,135,-,36,36,-,175,175,211,-,75,75,4,259,263,338,-,22,22,2,88,90,112,-,116,116,4,370,374,490,-,-,-,-,3,3,3,-,7,7,-,24,24,31,-,25,25,1,102,103,128,-,50,50,1,124,125,175,-,52,52,8,264,272,324,-,24,24,6,92,98,122,4604
Otras razones,-,-,-,-,1,1,1,-,-,-,-,-,-,-,-,-,-,-,4,4,4,-,-,-,-,1,1,1,-,1,1,-,6,6,7,-,-,-,-,1,1,1,-,-,-,-,-,-,-,-,1,1,-,3,3,4,-,-,-,-,-,-,-,-,-,-,-,-,-,-,-,-,-,-,2,2,2,-,-,-,-,3,3,3,-,1,1,-,5,5,6,-,1,1,-,-,-,1,-,-,-,-,2,2,2,-,-,-,-,-,-,-,-,-,-,-,-,-,-,-,1,1,-,4,4,5,-,-,-,-,-,-,-,-,-,-,-,2,2,2,-,-,-,-,1,1,1,40
Sin información,-,1,1,-,4,4,5,-,1,1,-,8,8,9,-,25,25,1,92,93,118,-,2,2,-,12,12,14,-,25,25,2,107,109,134,-,27,27,1,127,128,155,-,8,8,-,20,20,28,-,20,20,1,103,104,124,-,-,-,-,4,4,4,-,2,2,-,17,17,19,-,1,1,-,17,17,18,-,5,5,-,29,29,34,-,8,8,1,49,50,58,-,3,3,-,22,22,25,-,19,19,1,71,72,91,-,-,-,-,-,-,-,-,1,1,-,4,4,5,-,2,2,2,19,21,23,-,5,5,-,33,33,38,-,9,9,-,65,65,74,-,10,10,-,19,19,29,1005
TOTAL,-,17,17,-,68,68,85,-,22,22,1,88,89,111,-,193,193,14,848,862,1055,-,24,24,1,99,100,124,1,182,183,12,861,873,1056,-,140,140,5,569,574,714,-,47,47,1,189,190,237,1,209,210,7,890,897,1107,-,9,9,1,37,38,47,-,19,19,2,121,123,142,-,46,46,2,174,176,222,-,60,60,-,337,337,397,-,108,108,7,471,478,586,-,38,38,2,158,160,198,-,184,184,5,717,722,906,-,-,-,-,3,3,3,-,14,14,1,44,45,59,-,29,29,5,191,196,225,-,67,67,2,250,252,319,-,83,83,8,496,504,587,-,42,42,6,146,152,194,8374
VARIABLE: MECANISMO CAUSAL,,,,,,,,,,,,,,,,,,,,,,,,,,,,,,,,,,,,,,,,,,,,,,,,,,,,,,,,,,,,,,,,,,,,,,,,,,,,,,,,,,,,,,,,,,,,,,,,,,,,,,,,,,,,,,,,,,,,,,,,,,,,,,,,,,,,,,,,,,,,,,,,,,,,
Abrasivo,-,1,1,-,1,1,2,-,1,1,-,3,3,4,-,34,34,-,15,15,49,-,4,4,-,2,2,6,-,21,21,-,11,11,32,-,16,16,-,13,13,29,-,7,7,-,2,2,9,1,31,32,-,11,11,43,-,1,1,-,2,2,3,-,1,1,-,4,4,5,-,5,5,-,1,1,6,-,3,3,-,2,2,5,-,10,10,-,8,8,18,-,7,7,-,3,3,10,-,37,37,1,11,12,49,-,-,-,-,-,-,-,-,1,1,-,1,1,2,-,3,3,-,4,4,7,-,9,9,-,4,4,13,-,9,9,-,6,6,15,-,4,4,-,4,4,8,315
Agente químico,-,-,-,-,-,-,-,-,-,-,-,-,-,-,-,-,-,-,-,-,-,-,-,-,-,-,-,-,-,-,-,-,-,-,-,-,-,-,-,-,-,-,-,-,-,-,-,-,-,-,1,1,-,-,-,1,-,-,-,-,-,-,-,-,-,-,-,-,-,-,-,-,-,-,-,-,-,-,-,-,-,-,-,-,-,-,-,-,-,-,-,-,-,-,-,-,-,-,-,-,-,-,-,-,-,-,-,-,-,-,-,-,-,-,-,-,-,-,-,-,-,-,-,-,-,-,-,-,-,-,-,-,-,-,-,-,-,-,-,-,-,-,-,-,-,-,-,1
Biodinámico,-,-,-,-,-,-,-,-,-,-,-,1,1,1,-,-,-,-,2,2,2,-,-,-,-,-,-,-,-,-,-,-,-,-,-,-,-,-,-,1,1,1,-,-,-,-,-,-,-,-,-,-,-,1,1,1,-,-,-,-,-,-,-,-,-,-,-,-,-,-,-,-,-,-,-,-,-,-,-,-,-,1,1,1,-,-,-,-,1,1,1,-,-,-,-,-,-,-,-,-,-,-,3,3,3,-,-,-,-,-,-,-,-,-,-,-,-,-,-,-,-,-,-,1,1,1,-,-,-,-,1,1,1,-,-,-,-,2,2,2,-,-,-,-,-,-,-,14
Cáustico ,-,-,-,-,-,-,-,-,-,-,-,-,-,-,-,-,-,-,-,-,-,-,-,-,-,-,-,-,-,-,-,-,-,-,-,-,-,-,-,-,-,-,-,-,-,-,-,-,-,-,-,-,-,1,1,1,-,-,-,-,-,-,-,-,-,-,-,-,-,-,-,-,-,-,-,-,-,-,-,-,-,-,-,-,-,-,-,-,1,1,1,-,1,1,-,-,-,1,-,-,-,-,-,-,-,-,-,-,-,-,-,-,-,-,-,-,-,-,-,-,-,-,-,1,1,1,-,-,-,-,-,-,-,-,-,-,-,-,-,-,-,-,-,-,-,-,-,4
Contundente,-,4,4,-,28,28,32,-,3,3,1,44,45,48,-,28,28,8,414,422,450,-,5,5,-,51,51,56,-,27,27,5,433,438,465,-,25,25,2,261,263,288,-,8,8,-,96,96,104,-,42,42,2,478,480,522,-,1,1,1,21,22,23,-,5,5,1,63,64,69,-,5,5,1,81,82,87,-,10,10,-,181,181,191,-,15,15,3,250,253,268,-,6,6,-,83,83,89,-,27,27,1,340,341,368,-,-,-,-,2,2,2,-,4,4,1,19,20,24,-,4,4,2,95,97,101,-,10,10,1,112,113,123,-,9,9,3,235,238,247,-,6,6,2,70,72,78,3635
Cortante,-,-,-,-,-,-,-,-,1,1,-,-,-,1,-,5,5,-,3,3,8,-,1,1,-,-,-,1,-,2,2,1,4,5,7,-,-,-,-,1,1,1,-,-,-,1,1,2,2,-,3,3,-,5,5,8,-,-,-,-,-,-,-,-,-,-,-,2,2,2,-,1,1,-,1,1,2,-,-,-,-,1,1,1,-,3,3,-,2,2,5,-,-,-,-,-,-,-,-,2,2,-,5,5,7,-,-,-,-,-,-,-,-,1,1,-,-,-,1,-,-,-,-,1,1,1,-,-,-,-,2,2,2,-,3,3,-,1,1,4,-,2,2,-,2,2,4,57
Corto contundente,-,1,1,-,3,3,4,-,4,4,-,4,4,8,-,36,36,-,25,25,61,-,2,2,-,2,2,4,-,31,31,-,32,32,63,-,21,21,1,14,15,36,-,9,9,-,8,8,17,-,29,29,-,24,24,53,-,2,2,-,-,-,2,-,2,2,1,2,3,5,-,8,8,-,6,6,14,-,15,15,-,9,9,24,-,21,21,1,11,12,33,-,5,5,-,4,4,9,-,32,32,-,19,19,51,-,-,-,-,-,-,-,-,1,1,-,2,2,3,-,2,2,-,6,6,8,-,8,8,-,5,5,13,-,13,13,-,12,12,25,-,3,3,-,2,2,5,438
Corto punzante,-,-,-,-,-,-,-,-,-,-,-,-,-,-,-,6,6,-,5,5,11,-,-,-,-,-,-,-,-,5,5,-,6,6,11,-,2,2,-,2,2,4,-,1,1,-,1,1,2,-,7,7,-,7,7,14,-,2,2,-,-,-,2,-,-,-,-,2,2,2,-,-,-,-,-,-,-,-,1,1,-,3,3,4,-,3,3,-,3,3,6,-,2,2,-,2,2,4,-,2,2,-,3,3,5,-,-,-,-,-,-,-,-,1,1,-,-,-,1,-,1,1,-,1,1,2,-,-,-,-,3,3,3,-,2,2,-,7,7,9,-,-,-,-,2,2,2,82
Eléctrico,-,-,-,-,-,-,-,-,-,-,-,-,-,-,-,-,-,-,-,-,-,-,-,-,-,-,-,-,-,-,-,-,-,-,-,-,-,-,-,-,-,-,-,-,-,-,-,-,-,-,-,-,-,-,-,-,-,-,-,-,-,-,-,-,-,-,-,-,-,-,-,-,-,-,-,-,-,-,-,-,-,-,-,-,-,-,-,-,-,-,-,-,-,-,-,-,-,-,-,-,-,-,-,-,-,-,-,-,-,-,-,-,-,-,-,-,-,-,-,-,-,-,-,-,-,-,-,-,-,-,-,-,-,-,-,-,-,-,-,-,-,1,1,-,-,-,1,1
Generadores de asfixia,-,-,-,-,-,-,-,-,-,-,-,-,-,-,-,-,-,-,-,-,-,-,-,-,-,-,-,-,-,-,-,-,-,-,-,-,-,-,-,-,-,-,-,-,-,-,-,-,-,-,-,-,-,1,1,1,-,-,-,-,-,-,-,-,-,-,-,-,-,-,-,-,-,-,-,-,-,-,-,-,-,-,-,-,-,-,-,-,-,-,-,-,-,-,-,-,-,-,-,-,-,-,-,-,-,-,-,-,-,-,-,-,-,-,-,-,-,-,-,-,-,-,-,-,-,-,-,-,-,-,-,-,-,-,-,-,-,1,1,1,-,-,-,-,-,-,-,2
Mecanismo múltiple,-,9,9,-,20,20,29,-,8,8,-,20,20,28,-,43,43,4,207,211,254,-,8,8,1,29,30,38,1,63,64,4,224,228,292,-,53,53,2,153,155,208,-,19,19,-,40,40,59,-,69,69,3,225,228,297,-,2,2,-,9,9,11,-,9,9,-,29,29,38,-,17,17,-,57,57,74,-,21,21,-,84,84,105,-,49,49,1,94,95,144,-,13,13,2,43,45,58,-,59,59,-,199,199,258,-,-,-,-,-,-,-,-,4,4,-,9,9,13,-,14,14,1,49,50,64,-,30,30,-,70,70,100,-,35,35,2,132,134,169,-,19,19,4,32,36,55,2294
Proyectil de arma de fuego,-,-,-,-,-,-,-,-,-,-,-,-,-,-,-,-,-,-,-,-,-,-,-,-,-,-,-,-,-,-,-,-,-,-,-,-,-,-,-,1,1,1,-,-,-,-,-,-,-,-,-,-,-,-,-,-,-,-,-,-,-,-,-,-,-,-,-,-,-,-,-,-,-,-,-,-,-,-,-,-,-,-,-,-,-,-,-,-,-,-,-,-,1,1,-,-,-,1,-,-,-,-,-,-,-,-,-,-,-,-,-,-,-,-,-,-,-,-,-,-,-,-,-,-,-,-,-,-,-,-,-,-,-,-,-,-,-,-,-,-,-,-,-,-,-,-,-,2
Punzante,-,-,-,-,-,-,-,-,-,-,-,-,-,-,-,-,-,-,-,-,-,-,-,-,-,-,-,-,-,-,-,-,-,-,-,-,-,-,-,-,-,-,-,-,-,-,-,-,-,-,-,-,-,-,-,-,-,-,-,-,-,-,-,-,-,-,-,-,-,-,-,1,1,-,1,1,2,-,-,-,-,-,-,-,-,-,-,-,-,-,-,-,-,-,-,-,-,-,-,-,-,-,-,-,-,-,-,-,-,-,-,-,-,-,-,-,-,-,-,-,-,-,-,1,1,1,-,-,-,-,-,-,-,-,-,-,-,-,-,-,-,-,-,-,1,1,1,4
Térmico,-,-,-,-,-,-,-,-,-,-,-,-,-,-,-,-,-,-,-,-,-,-,-,-,-,-,-,-,-,1,1,-,-,-,1,-,-,-,-,1,1,1,-,-,-,-,-,-,-,-,2,2,-,-,-,2,-,-,-,-,-,-,-,-,1,1,-,1,1,2,-,-,-,-,-,-,-,-,1,1,-,-,-,1,-,-,-,-,-,-,-,-,-,-,-,-,-,-,-,-,-,-,2,2,2,-,-,-,-,-,-,-,-,-,-,-,-,-,-,-,-,-,-,-,-,-,-,-,-,-,-,-,-,-,-,-,-,-,-,-,-,-,-,-,-,-,-,9
Por determinar,-,2,2,-,16,16,18,-,5,5,-,16,16,21,-,41,41,2,177,179,220,-,4,4,-,15,15,19,-,32,32,2,151,153,185,-,23,23,-,122,122,145,-,3,3,-,41,41,44,-,25,25,2,137,139,164,-,1,1,-,5,5,6,-,1,1,-,18,18,19,-,9,9,1,27,28,37,-,9,9,-,56,56,65,-,7,7,2,101,103,110,-,3,3,-,23,23,26,-,25,25,3,135,138,163,-,-,-,-,1,1,1,-,2,2,-,13,13,15,-,5,5,2,32,34,39,-,10,10,1,53,54,64,-,12,12,3,100,103,115,-,7,7,-,33,33,40,1516
TOTAL,-,17,17,-,68,68,85,-,22,22,1,88,89,111,-,193,193,14,848,862,1055,-,24,24,1,99,100,124,1,182,183,12,861,873,1056,-,140,140,5,569,574,714,-,47,47,1,189,190,237,1,209,210,7,890,897,1107,-,9,9,1,37,38,47,-,19,19,2,121,123,142,-,46,46,2,174,176,222,-,60,60,-,337,337,397,-,108,108,7,471,478,586,-,38,38,2,158,160,198,-,184,184,5,717,722,906,-,-,-,-,3,3,3,-,14,14,1,44,45,59,-,29,29,5,191,196,225,-,67,67,2,250,252,319,-,83,83,8,496,504,587,-,42,42,6,146,152,194,8374
VARIABLE: DIAGNÓSTICO TOPOGRÁFICO DE LA LESIÓN,,,,,,,,,,,,,,,,,,,,,,,,,,,,,,,,,,,,,,,,,,,,,,,,,,,,,,,,,,,,,,,,,,,,,,,,,,,,,,,,,,,,,,,,,,,,,,,,,,,,,,,,,,,,,,,,,,,,,,,,,,,,,,,,,,,,,,,,,,,,,,,,,,,,
Piel y faneras,-,1,1,-,2,2,3,-,-,-,-,2,2,2,-,4,4,3,28,31,35,-,-,-,-,1,1,1,-,5,5,-,15,15,20,-,2,2,-,7,7,9,-,2,2,-,4,4,6,-,8,8,1,12,13,21,-,-,-,-,3,3,3,-,1,1,-,4,4,5,-,-,-,-,6,6,6,-,3,3,-,5,5,8,-,3,3,-,12,12,15,-,2,2,-,3,3,5,-,2,2,-,14,14,16,-,-,-,-,1,1,1,-,-,-,-,-,-,-,-,2,2,-,5,5,7,-,-,-,-,6,6,6,-,3,3,-,8,8,11,-,3,3,3,11,14,17,197
Politraumatismo,-,8,8,-,30,30,38,-,10,10,-,47,47,57,-,66,66,8,358,366,432,-,10,10,1,35,36,46,1,73,74,6,370,376,450,-,62,62,3,249,252,314,-,18,18,1,74,75,93,1,95,96,3,395,398,494,-,4,4,-,18,18,22,-,10,10,2,53,55,65,-,22,22,-,80,80,102,-,33,33,-,147,147,180,-,57,57,2,186,188,245,-,16,16,-,68,68,84,-,78,78,1,312,313,391,-,-,-,-,1,1,1,-,4,4,1,19,20,24,-,14,14,2,75,77,91,-,35,35,1,109,110,145,-,36,36,3,231,234,270,-,18,18,3,47,50,68,3612
Trauma área pélvica,-,-,-,-,-,-,-,-,-,-,-,-,-,-,-,1,1,-,1,1,2,-,-,-,-,-,-,-,-,-,-,-,-,-,-,-,-,-,-,-,-,-,-,-,-,-,-,-,-,-,-,-,-,3,3,3,-,-,-,-,-,-,-,-,-,-,-,-,-,-,-,-,-,-,-,-,-,-,-,-,-,-,-,-,-,-,-,-,2,2,2,-,-,-,-,2,2,2,-,-,-,-,-,-,-,-,-,-,-,-,-,-,-,-,-,-,1,1,1,-,-,-,-,1,1,1,-,-,-,-,2,2,2,-,-,-,-,-,-,-,-,-,-,-,-,-,-,13
Trauma craneano,-,-,-,-,1,1,1,-,1,1,-,1,1,2,-,6,6,-,11,11,17,-,-,-,-,1,1,1,-,3,3,-,8,8,11,-,1,1,-,6,6,7,-,-,-,-,1,1,1,-,2,2,-,8,8,10,-,-,-,-,1,1,1,-,1,1,-,-,-,1,-,-,-,-,3,3,3,-,1,1,-,5,5,6,-,1,1,-,7,7,8,-,1,1,-,3,3,4,-,2,2,-,9,9,11,-,-,-,-,-,-,-,-,-,-,-,1,1,1,-,1,1,-,2,2,3,-,-,-,-,4,4,4,-,-,-,1,5,6,6,-,2,2,-,1,1,3,101
Trauma de abdomen,-,-,-,-,-,-,-,-,-,-,-,-,-,-,-,-,-,-,2,2,2,-,-,-,-,1,1,1,-,2,2,-,1,1,3,-,-,-,-,1,1,1,-,-,-,-,1,1,1,-,1,1,-,1,1,2,-,-,-,-,-,-,-,-,-,-,-,-,-,-,-,-,-,-,1,1,1,-,-,-,-,-,-,-,-,-,-,-,-,-,-,-,-,-,-,-,-,-,-,1,1,-,1,1,2,-,-,-,-,-,-,-,-,1,1,-,-,-,1,-,-,-,-,-,-,-,-,-,-,-,-,-,-,-,-,-,-,-,-,-,-,-,-,-,-,-,-,14
Trauma de cuello,-,-,-,-,-,-,-,-,-,-,-,3,3,3,-,5,5,-,11,11,16,-,1,1,-,-,-,1,-,4,4,-,14,14,18,-,4,4,-,-,-,4,-,2,2,-,2,2,4,-,4,4,-,8,8,12,-,-,-,-,-,-,-,-,-,-,-,2,2,2,-,2,2,-,3,3,5,-,1,1,-,5,5,6,-,2,2,-,4,4,6,-,-,-,-,1,1,1,-,4,4,-,4,4,8,-,-,-,-,-,-,-,-,-,-,-,1,1,1,-,-,-,-,-,-,-,-,3,3,-,3,3,6,-,1,1,-,2,2,3,-,2,2,-,3,3,5,101
Trauma de miembros,-,3,3,-,10,10,13,-,5,5,-,9,9,14,-,36,36,-,142,142,178,-,6,6,-,24,24,30,-,33,33,2,145,147,180,-,21,21,1,110,111,132,-,11,11,-,25,25,36,-,41,41,-,163,163,204,-,3,3,1,3,4,7,-,1,1,-,25,25,26,-,9,9,-,36,36,45,-,4,4,-,55,55,59,-,18,18,-,71,71,89,-,7,7,-,28,28,35,-,37,37,1,131,132,169,-,-,-,-,1,1,1,-,4,4,-,5,5,9,-,2,2,-,39,39,41,-,6,6,-,44,44,50,-,12,12,2,76,78,90,-,3,3,-,25,25,28,1436
Trauma de tórax,-,1,1,-,1,1,2,-,-,-,-,1,1,1,-,8,8,-,14,14,22,-,-,-,-,2,2,2,-,3,3,-,8,8,11,-,2,2,-,7,7,9,-,1,1,-,3,3,4,-,2,2,-,15,15,17,-,-,-,-,-,-,-,-,3,3,-,5,5,8,-,-,-,-,1,1,1,-,-,-,-,3,3,3,-,1,1,-,4,4,5,-,2,2,-,1,1,3,-,6,6,-,7,7,13,-,-,-,-,-,-,-,-,-,-,-,1,1,1,-,1,1,-,4,4,5,-,2,2,-,4,4,6,-,3,3,-,5,5,8,-,3,3,-,2,2,5,126
Trauma facial,-,2,2,-,8,8,10,-,1,1,1,9,10,11,-,29,29,1,101,102,131,-,3,3,-,20,20,23,-,28,28,2,144,146,174,-,26,26,1,67,68,94,-,10,10,-,36,36,46,-,30,30,2,149,151,181,-,2,2,-,7,7,9,-,3,3,-,14,14,17,-,6,6,1,17,18,24,-,11,11,-,63,63,74,-,19,19,3,85,88,107,-,7,7,2,28,30,37,-,31,31,-,103,103,134,-,-,-,-,-,-,-,-,3,3,-,3,3,6,-,4,4,1,32,33,37,-,11,11,-,26,26,37,-,17,17,-,69,69,86,-,4,4,-,23,23,27,1265
Por determinar,-,2,2,-,16,16,18,-,5,5,-,16,16,21,-,38,38,2,180,182,220,-,4,4,-,15,15,19,-,31,31,2,156,158,189,-,22,22,-,122,122,144,-,3,3,-,43,43,46,-,26,26,1,136,137,163,-,-,-,-,5,5,5,-,-,-,-,18,18,18,-,7,7,1,27,28,35,-,7,7,-,54,54,61,-,7,7,2,100,102,109,-,3,3,-,24,24,27,-,23,23,3,136,139,162,-,-,-,-,-,-,-,-,2,2,-,13,13,15,-,5,5,2,33,35,40,-,10,10,1,52,53,63,-,11,11,2,100,102,113,-,7,7,-,34,34,41,1509
TOTAL,-,17,17,-,68,68,85,-,22,22,1,88,89,111,-,193,193,14,848,862,1055,-,24,24,1,99,100,124,1,182,183,12,861,873,1056,-,140,140,5,569,574,714,-,47,47,1,189,190,237,1,209,210,7,890,897,1107,-,9,9,1,37,38,47,-,19,19,2,121,123,142,-,46,46,2,174,176,222,-,60,60,-,337,337,397,-,108,108,7,471,478,586,-,38,38,2,158,160,198,-,184,184,5,717,722,906,-,-,-,-,3,3,3,-,14,14,1,44,45,59,-,29,29,5,191,196,225,-,67,67,2,250,252,319,-,83,83,8,496,504,587,-,42,42,6,146,152,194,8374
VARIABLE: DÍAS DE INCAPACIDAD MÉDICO LEGAL,,,,,,,,,,,,,,,,,,,,,,,,,,,,,,,,,,,,,,,,,,,,,,,,,,,,,,,,,,,,,,,,,,,,,,,,,,,,,,,,,,,,,,,,,,,,,,,,,,,,,,,,,,,,,,,,,,,,,,,,,,,,,,,,,,,,,,,,,,,,,,,,,,,,
Cero días y Sin información,-,2,2,-,16,16,18,-,5,5,-,17,17,22,-,39,39,2,178,180,219,-,5,5,-,15,15,20,-,32,32,2,153,155,187,-,24,24,-,122,122,146,-,3,3,-,42,42,45,-,26,26,2,143,145,171,-,1,1,-,5,5,6,-,-,-,-,18,18,18,-,8,8,1,28,29,37,-,8,8,-,56,56,64,-,7,7,2,102,104,111,-,4,4,-,24,24,28,-,25,25,3,136,139,164,-,-,-,-,1,1,1,-,2,2,-,13,13,15,-,5,5,2,32,34,39,-,11,11,1,54,55,66,-,12,12,3,103,106,118,-,8,8,-,33,33,41,1536
1 a 30,-,15,15,-,51,51,66,-,17,17,1,70,71,88,-,152,152,12,663,675,827,-,19,19,1,82,83,102,1,148,149,10,701,711,860,-,116,116,5,442,447,563,-,42,42,1,146,147,189,1,178,179,5,739,744,923,-,8,8,1,32,33,41,-,19,19,2,102,104,123,-,38,38,1,146,147,185,-,52,52,-,279,279,331,-,101,101,5,365,370,471,-,33,33,2,134,136,169,-,159,159,2,579,581,740,-,-,-,-,2,2,2,-,12,12,1,30,31,43,-,24,24,3,154,157,181,-,56,56,1,193,194,250,-,71,71,5,390,395,466,-,34,34,6,112,118,152,6772
31 a 90,-,-,-,-,1,1,1,-,-,-,-,1,1,1,-,1,1,-,7,7,8,-,-,-,-,2,2,2,-,2,2,-,7,7,9,-,-,-,-,5,5,5,-,2,2,-,1,1,3,-,5,5,-,7,7,12,-,-,-,-,-,-,-,-,-,-,-,1,1,1,-,-,-,-,-,-,-,-,-,-,-,2,2,2,-,-,-,-,4,4,4,-,1,1,-,-,-,1,-,-,-,-,2,2,2,-,-,-,-,-,-,-,-,-,-,-,1,1,1,-,-,-,-,5,5,5,-,-,-,-,3,3,3,-,-,-,-,3,3,3,-,-,-,-,1,1,1,64
Más de 90,-,-,-,-,-,-,-,-,-,-,-,-,-,-,-,1,1,-,-,-,1,-,-,-,-,-,-,-,-,-,-,-,-,-,-,-,-,-,-,-,-,-,-,-,-,-,-,-,-,-,-,-,-,1,1,1,-,-,-,-,-,-,-,-,-,-,-,-,-,-,-,-,-,-,-,-,-,-,-,-,-,-,-,-,-,-,-,-,-,-,-,-,-,-,-,-,-,-,-,-,-,-,-,-,-,-,-,-,-,-,-,-,-,-,-,-,-,-,-,-,-,-,-,-,-,-,-,-,-,-,-,-,-,-,-,-,-,-,-,-,-,-,-,-,-,-,-,2
TOTAL,-,17,17,-,68,68,85,-,22,22,1,88,89,111,-,193,193,14,848,862,1055,-,24,24,1,99,100,124,1,182,183,12,861,873,1056,-,140,140,5,569,574,714,-,47,47,1,189,190,237,1,209,210,7,890,897,1107,-,9,9,1,37,38,47,-,19,19,2,121,123,142,-,46,46,2,174,176,222,-,60,60,-,337,337,397,-,108,108,7,471,478,586,-,38,38,2,158,160,198,-,184,184,5,717,722,906,-,-,-,-,3,3,3,-,14,14,1,44,45,59,-,29,29,5,191,196,225,-,67,67,2,250,252,319,-,83,83,8,496,504,587,-,42,42,6,146,152,194,8374
VARIABLE: PAÍS DE NACIMIENTO DE LA VÍCTIMA,,,,,,,,,,,,,,,,,,,,,,,,,,,,,,,,,,,,,,,,,,,,,,,,,,,,,,,,,,,,,,,,,,,,,,,,,,,,,,,,,,,,,,,,,,,,,,,,,,,,,,,,,,,,,,,,,,,,,,,,,,,,,,,,,,,,,,,,,,,,,,,,,,,,
Argentina,-,-,-,-,-,-,-,-,-,-,-,-,-,-,-,-,-,-,-,-,-,-,-,-,-,-,-,-,-,-,-,-,-,-,-,-,-,-,-,-,-,-,-,-,-,-,-,-,-,-,-,-,-,-,-,-,-,-,-,-,1,1,1,-,-,-,-,-,-,-,-,-,-,-,-,-,-,-,-,-,-,-,-,-,-,-,-,-,-,-,-,-,-,-,-,-,-,-,-,-,-,-,-,-,-,-,-,-,-,-,-,-,-,-,-,-,-,-,-,-,-,-,-,-,-,-,-,-,-,-,-,-,-,-,-,-,-,-,-,-,-,-,-,-,-,-,-,1
Chile,-,-,-,-,-,-,-,-,-,-,-,-,-,-,-,-,-,-,-,-,-,-,-,-,-,-,-,-,-,-,-,-,-,-,-,-,-,-,-,1,1,1,-,-,-,-,-,-,-,-,-,-,-,-,-,-,-,-,-,-,-,-,-,-,-,-,-,-,-,-,-,-,-,-,-,-,-,-,-,-,-,-,-,-,-,-,-,-,-,-,-,-,-,-,-,-,-,-,-,-,-,-,-,-,-,-,-,-,-,-,-,-,-,-,-,-,-,-,-,-,-,-,-,-,-,-,-,-,-,-,-,-,-,-,-,-,-,-,-,-,-,-,-,-,-,-,-,1
Colombia,-,16,16,-,61,61,77,-,21,21,1,80,81,102,-,191,191,14,824,838,1029,-,19,19,1,91,92,111,1,182,183,12,840,852,1035,-,134,134,5,548,553,687,-,47,47,1,181,182,229,1,204,205,6,847,853,1058,-,8,8,1,32,33,41,-,18,18,2,110,112,130,-,45,45,2,169,171,216,-,58,58,-,323,323,381,-,105,105,7,455,462,567,-,34,34,2,141,143,177,-,181,181,4,687,691,872,-,-,-,-,3,3,3,-,14,14,1,40,41,55,-,29,29,5,175,180,209,-,65,65,2,234,236,301,-,80,80,8,485,493,573,-,40,40,5,139,144,184,8037
Cuba,-,-,-,-,-,-,-,-,-,-,-,-,-,-,-,-,-,-,-,-,-,-,-,-,-,-,-,-,-,-,-,-,-,-,-,-,-,-,-,-,-,-,-,-,-,-,-,-,-,-,-,-,-,-,-,-,-,-,-,-,-,-,-,-,-,-,-,-,-,-,-,-,-,-,-,-,-,-,-,-,-,-,-,-,-,1,1,-,-,-,1,-,-,-,-,-,-,-,-,-,-,-,-,-,-,-,-,-,-,-,-,-,-,-,-,-,-,-,-,-,-,-,-,-,-,-,-,-,-,-,-,-,-,-,-,-,-,-,-,-,-,-,-,-,-,-,-,1
Estados Unidos,-,-,-,-,-,-,-,-,-,-,-,-,-,-,-,-,-,-,-,-,-,-,-,-,-,-,-,-,-,-,-,-,-,-,-,-,-,-,-,-,-,-,-,-,-,-,-,-,-,-,-,-,-,-,-,-,-,-,-,-,-,-,-,-,-,-,-,-,-,-,-,-,-,-,-,-,-,-,-,-,-,-,-,-,-,-,-,-,-,-,-,-,-,-,-,-,-,-,-,-,-,-,1,1,1,-,-,-,-,-,-,-,-,-,-,-,-,-,-,-,-,-,-,-,-,-,-,-,-,-,-,-,-,-,-,-,-,-,-,-,-,-,-,-,-,-,-,1
Filipinas,-,-,-,-,-,-,-,-,-,-,-,-,-,-,-,-,-,-,-,-,-,-,-,-,-,-,-,-,-,-,-,-,-,-,-,-,-,-,-,-,-,-,-,-,-,-,-,-,-,-,-,-,-,-,-,-,-,-,-,-,-,-,-,-,-,-,-,-,-,-,-,-,-,-,-,-,-,-,-,-,-,-,-,-,-,-,-,-,-,-,-,-,-,-,-,-,-,-,-,-,-,-,-,-,-,-,-,-,-,-,-,-,-,-,-,-,-,-,-,-,-,-,-,-,-,-,-,1,1,-,-,-,1,-,-,-,-,-,-,-,-,-,-,-,-,-,-,1
Francia,-,-,-,-,-,-,-,-,-,-,-,-,-,-,-,-,-,-,-,-,-,-,-,-,-,-,-,-,-,-,-,-,-,-,-,-,-,-,-,-,-,-,-,-,-,-,-,-,-,-,-,-,-,-,-,-,-,-,-,-,-,-,-,-,-,-,-,-,-,-,-,-,-,-,-,-,-,-,-,-,-,-,-,-,-,-,-,-,-,-,-,-,-,-,-,-,-,-,-,-,-,-,-,-,-,-,-,-,-,-,-,-,-,-,-,-,-,-,-,-,-,-,-,-,-,-,-,1,1,-,-,-,1,-,-,-,-,-,-,-,-,-,-,-,-,-,-,1
México,-,-,-,-,1,1,1,-,-,-,-,-,-,-,-,-,-,-,-,-,-,-,-,-,-,-,-,-,-,-,-,-,-,-,-,-,-,-,-,-,-,-,-,-,-,-,-,-,-,-,-,-,-,-,-,-,-,-,-,-,-,-,-,-,-,-,-,-,-,-,-,-,-,-,-,-,-,-,-,-,-,-,-,-,-,1,1,-,-,-,1,-,-,-,-,-,-,-,-,-,-,-,-,-,-,-,-,-,-,-,-,-,-,-,-,-,-,-,-,-,-,-,-,-,-,-,-,-,-,-,-,-,-,-,-,-,-,-,-,-,-,-,-,-,-,-,-,2
Perú,-,-,-,-,-,-,-,-,-,-,-,-,-,-,-,-,-,-,1,1,1,-,-,-,-,-,-,-,-,-,-,-,-,-,-,-,-,-,-,-,-,-,-,-,-,-,-,-,-,-,-,-,-,-,-,-,-,-,-,-,-,-,-,-,-,-,-,-,-,-,-,-,-,-,-,-,-,-,-,-,-,-,-,-,-,-,-,-,-,-,-,-,-,-,-,-,-,-,-,-,-,-,-,-,-,-,-,-,-,-,-,-,-,-,-,-,-,-,-,-,-,-,-,-,-,-,-,-,-,-,-,-,-,-,-,-,-,-,-,-,-,-,-,-,-,-,-,1
Venezuela,-,1,1,-,5,5,6,-,1,1,-,8,8,9,-,2,2,-,23,23,25,-,4,4,-,8,8,12,-,-,-,-,20,20,20,-,6,6,-,20,20,26,-,-,-,-,8,8,8,-,5,5,1,43,44,49,-,1,1,-,3,3,4,-,1,1,-,11,11,12,-,1,1,-,5,5,6,-,1,1,-,14,14,15,-,1,1,-,16,16,17,-,4,4,-,17,17,21,-,3,3,-,28,28,31,-,-,-,-,-,-,-,-,-,-,-,4,4,4,-,-,-,-,16,16,16,-,-,-,-,15,15,15,-,3,3,-,11,11,14,-,2,2,1,7,8,10,320
Sin Información,-,-,-,-,1,1,1,-,-,-,-,-,-,-,-,-,-,-,-,-,-,-,1,1,-,-,-,1,-,-,-,-,1,1,1,-,-,-,-,-,-,-,-,-,-,-,-,-,-,-,-,-,-,-,-,-,-,-,-,-,1,1,1,-,-,-,-,-,-,-,-,-,-,-,-,-,-,-,1,1,-,-,-,1,-,-,-,-,-,-,-,-,-,-,-,-,-,-,-,-,-,1,1,2,2,-,-,-,-,-,-,-,-,-,-,-,-,-,-,-,-,-,-,-,-,-,-,-,-,-,1,1,1,-,-,-,-,-,-,-,-,-,-,-,-,-,-,8
TOTAL,-,17,17,-,68,68,85,-,22,22,1,88,89,111,-,193,193,14,848,862,1055,-,24,24,1,99,100,124,1,182,183,12,861,873,1056,-,140,140,5,569,574,714,-,47,47,1,189,190,237,1,209,210,7,890,897,1107,-,9,9,1,37,38,47,-,19,19,2,121,123,142,-,46,46,2,174,176,222,-,60,60,-,337,337,397,-,108,108,7,471,478,586,-,38,38,2,158,160,198,-,184,184,5,717,722,906,-,-,-,-,3,3,3,-,14,14,1,44,45,59,-,29,29,5,191,196,225,-,67,67,2,250,252,319,-,83,83,8,496,504,587,-,42,42,6,146,152,194,8374
VARIABLE: ESCENARIO DEL HECHO,,,,,,,,,,,,,,,,,,,,,,,,,,,,,,,,,,,,,,,,,,,,,,,,,,,,,,,,,,,,,,,,,,,,,,,,,,,,,,,,,,,,,,,,,,,,,,,,,,,,,,,,,,,,,,,,,,,,,,,,,,,,,,,,,,,,,,,,,,,,,,,,,,,,
Ambulancia - Transporte Sanitario,-,-,-,-,-,-,-,-,-,-,-,-,-,-,-,-,-,-,-,-,-,-,-,-,-,-,-,-,-,-,-,-,-,-,-,-,-,-,-,-,-,-,-,-,-,-,-,-,-,-,1,1,-,-,-,1,-,-,-,-,-,-,-,-,-,-,-,-,-,-,-,-,-,-,-,-,-,-,-,-,-,-,-,-,-,-,-,-,-,-,-,-,-,-,-,-,-,-,-,-,-,-,-,-,-,-,-,-,-,-,-,-,-,-,-,-,-,-,-,-,-,-,-,-,-,-,-,-,-,-,-,-,-,-,-,-,-,-,-,-,-,-,-,-,-,-,-,1
Áreas Deportivas y/o Recreativas,-,-,-,-,-,-,-,-,-,-,-,1,1,1,-,1,1,-,3,3,4,-,-,-,-,-,-,-,-,1,1,-,3,3,4,-,-,-,-,2,2,2,-,-,-,-,-,-,-,-,-,-,-,2,2,2,-,-,-,-,2,2,2,-,-,-,-,3,3,3,-,-,-,-,1,1,1,-,-,-,-,-,-,-,-,-,-,-,1,1,1,-,-,-,-,-,-,-,-,2,2,-,4,4,6,-,-,-,-,-,-,-,-,-,-,-,-,-,-,-,-,-,-,1,1,1,-,-,-,-,-,-,-,-,1,1,-,-,-,1,-,1,1,-,2,2,3,31
"Calle (Autopista, Avenida, Dentro de La Ciudad)",-,3,3,-,8,8,11,-,2,2,-,11,11,13,-,22,22,4,101,105,127,-,6,6,-,11,11,17,-,22,22,3,81,84,106,-,19,19,2,61,63,82,-,8,8,-,23,23,31,-,28,28,-,99,99,127,-,-,-,-,5,5,5,-,2,2,1,17,18,20,-,4,4,-,17,17,21,-,10,10,-,37,37,47,-,21,21,4,48,52,73,-,2,2,-,27,27,29,-,14,14,1,72,73,87,-,-,-,-,1,1,1,-,2,2,-,3,3,5,-,4,4,1,18,19,23,-,9,9,-,20,20,29,-,16,16,4,54,58,74,-,16,16,1,38,39,55,983
Carretera (Fuera de La Ciudad),-,-,-,-,-,-,-,-,-,-,-,-,-,-,-,-,-,-,2,2,2,-,-,-,-,-,-,-,-,-,-,-,-,-,-,-,-,-,-,-,-,-,-,-,-,-,-,-,-,-,-,-,-,-,-,-,-,-,-,-,-,-,-,-,-,-,-,-,-,-,-,-,-,-,-,-,-,-,-,-,-,1,1,1,-,-,-,-,1,1,1,-,-,-,-,-,-,-,-,-,-,-,-,-,-,-,-,-,-,-,-,-,-,-,-,-,-,-,-,-,-,-,-,-,-,-,-,-,-,-,-,-,-,-,-,-,-,-,-,-,-,1,1,-,1,1,2,6
"Centro de Atención Médica (Hospital, Clínica, Consultorio, Etc)",-,-,-,-,-,-,-,-,-,-,-,1,1,1,-,-,-,-,1,1,1,-,1,1,-,1,1,2,-,-,-,-,-,-,-,-,-,-,-,-,-,-,-,-,-,-,-,-,-,-,-,-,-,-,-,-,-,-,-,-,1,1,1,-,-,-,-,-,-,-,-,-,-,-,-,-,-,-,-,-,-,-,-,-,-,-,-,-,-,-,-,-,-,-,-,-,-,-,-,-,-,-,1,1,1,-,-,-,-,-,-,-,-,-,-,-,-,-,-,-,-,-,-,-,-,-,-,-,-,-,1,1,1,-,1,1,-,-,-,1,-,-,-,-,-,-,-,8
Centros Educativos,-,-,-,-,-,-,-,-,-,-,-,-,-,-,-,-,-,-,1,1,1,-,-,-,-,-,-,-,-,-,-,-,-,-,-,-,-,-,-,-,-,-,-,-,-,-,-,-,-,-,1,1,-,1,1,2,-,-,-,-,-,-,-,-,-,-,-,-,-,-,-,-,-,-,-,-,-,-,-,-,-,-,-,-,-,-,-,-,-,-,-,-,-,-,-,-,-,-,-,-,-,-,-,-,-,-,-,-,-,-,-,-,-,-,-,-,-,-,-,-,-,-,-,-,-,-,-,-,-,-,-,-,-,-,-,-,-,-,-,-,-,-,-,-,-,-,-,3
"Espacios Terrestres al Aire Libre (Bosque, Potrero, Montaña, Playa, Etc)",-,-,-,-,-,-,-,-,-,-,-,-,-,-,-,-,-,-,-,-,-,-,-,-,-,1,1,1,-,-,-,-,-,-,-,-,-,-,-,-,-,-,-,-,-,-,-,-,-,-,-,-,-,-,-,-,-,-,-,-,-,-,-,-,-,-,-,-,-,-,-,-,-,-,-,-,-,-,-,-,-,1,1,1,-,-,-,-,-,-,-,-,-,-,-,-,-,-,-,-,-,-,-,-,-,-,-,-,-,-,-,-,-,-,-,-,-,-,-,-,-,-,-,-,-,-,-,-,-,-,-,-,-,-,-,-,-,-,-,-,-,-,-,-,-,-,-,2
"Establecimiento Comercial (Tienda, Centro Comercial, Almacén, Plaza de Mercado)",-,1,1,-,1,1,2,-,-,-,-,3,3,3,-,5,5,-,9,9,14,-,2,2,-,5,5,7,-,1,1,-,7,7,8,-,-,-,-,3,3,3,-,-,-,-,2,2,2,-,4,4,1,15,16,20,-,1,1,-,1,1,2,-,-,-,-,8,8,8,-,1,1,-,1,1,2,-,1,1,-,3,3,4,-,-,-,-,7,7,7,-,-,-,-,2,2,2,-,5,5,-,5,5,10,-,-,-,-,-,-,-,-,-,-,-,-,-,-,-,1,1,-,2,2,3,-,1,1,-,4,4,5,-,-,-,-,3,3,3,-,-,-,-,2,2,2,107
"Establecimiento Industrial (Fábrica, Planta) y/o Obras en Construcción",-,-,-,-,-,-,-,-,1,1,-,-,-,1,-,-,-,-,-,-,-,-,-,-,-,-,-,-,-,-,-,-,-,-,-,-,1,1,-,-,-,1,-,-,-,-,-,-,-,-,-,-,-,-,-,-,-,-,-,-,-,-,-,-,-,-,-,-,-,-,-,-,-,-,1,1,1,-,-,-,-,-,-,-,-,-,-,-,-,-,-,-,-,-,-,-,-,-,-,-,-,-,-,-,-,-,-,-,-,-,-,-,-,-,-,-,-,-,-,-,-,-,-,-,-,-,-,-,-,-,-,-,-,-,1,1,-,-,-,1,-,-,-,-,-,-,-,4
"Establecimientos de Expendio de Comidas (Restaurantes, Asaderos, Salsamentarias, Etc)",-,-,-,-,-,-,-,-,-,-,-,-,-,-,-,-,-,-,-,-,-,-,-,-,-,1,1,1,-,-,-,-,-,-,-,-,-,-,-,3,3,3,-,-,-,-,-,-,-,-,-,-,-,1,1,1,-,-,-,-,-,-,-,-,-,-,-,-,-,-,-,-,-,-,-,-,-,-,-,-,-,-,-,-,-,-,-,-,-,-,-,-,-,-,-,-,-,-,-,-,-,-,-,-,-,-,-,-,-,-,-,-,-,-,-,-,-,-,-,-,-,-,-,-,-,-,-,-,-,-,-,-,-,-,-,-,-,1,1,1,-,-,-,-,-,-,-,6
"Establecimientos Dedicados a la Administración Pública (Cortes, Juzgados, Ministerios, Etc)",-,-,-,-,-,-,-,-,-,-,-,-,-,-,-,-,-,-,-,-,-,-,1,1,-,-,-,1,-,-,-,-,-,-,-,-,-,-,-,-,-,-,-,-,-,-,-,-,-,-,-,-,-,-,-,-,-,-,-,-,-,-,-,-,-,-,-,-,-,-,-,-,-,-,-,-,-,-,-,-,-,-,-,-,-,-,-,-,-,-,-,-,-,-,-,-,-,-,-,-,-,-,-,-,-,-,-,-,-,-,-,-,-,-,-,-,-,-,-,-,-,-,-,-,-,-,-,-,-,-,-,-,-,-,-,-,-,-,-,-,-,-,-,-,-,-,-,1
Guarniciones Militares y/o de Policía,-,-,-,-,-,-,-,-,-,-,-,-,-,-,-,-,-,-,-,-,-,-,-,-,-,-,-,-,-,-,-,-,-,-,-,-,-,-,-,-,-,-,-,-,-,-,-,-,-,-,1,1,-,1,1,2,-,-,-,-,-,-,-,-,-,-,-,-,-,-,-,-,-,-,-,-,-,-,-,-,-,-,-,-,-,-,-,-,-,-,-,-,-,-,-,-,-,-,-,-,-,-,-,-,-,-,-,-,-,-,-,-,-,-,-,-,-,-,-,-,-,-,-,-,-,-,-,-,-,-,-,-,-,-,-,-,-,-,-,-,-,-,-,-,-,-,-,2
"Lugares de Actividades Culturales (Cines, Teatros, Museos, Bibliotecas, Etc)",-,-,-,-,-,-,-,-,-,-,-,-,-,-,-,-,-,-,-,-,-,-,-,-,-,-,-,-,-,-,-,-,-,-,-,-,-,-,-,-,-,-,-,-,-,-,-,-,-,-,-,-,-,-,-,-,-,-,-,-,-,-,-,-,-,-,-,-,-,-,-,-,-,-,-,-,-,-,-,-,-,-,-,-,-,-,-,-,-,-,-,-,-,-,-,-,-,-,-,-,-,-,-,-,-,-,-,-,-,-,-,-,-,-,-,-,-,-,-,-,-,-,-,-,-,-,-,1,1,-,-,-,1,-,-,-,-,-,-,-,-,-,-,-,-,-,-,1
"Lugares de Cuidado de Personas (Hospicios, Orfelinatos, Hogares Geriatricos, Etc)",-,-,-,-,-,-,-,-,-,-,-,-,-,-,-,-,-,-,-,-,-,-,-,-,-,1,1,1,-,-,-,-,-,-,-,-,-,-,-,-,-,-,-,-,-,-,-,-,-,-,-,-,-,-,-,-,-,-,-,-,-,-,-,-,-,-,-,-,-,-,-,-,-,-,-,-,-,-,-,-,-,-,-,-,-,-,-,-,-,-,-,-,-,-,-,-,-,-,-,-,-,-,-,-,-,-,-,-,-,-,-,-,-,-,-,-,-,-,-,-,-,-,-,-,-,-,-,-,-,-,-,-,-,-,-,-,-,-,-,-,-,-,-,-,-,-,-,1
Lugares de Esparcimiento con Expendio de Alcohol,-,-,-,-,-,-,-,-,-,-,-,1,1,1,-,1,1,-,4,4,5,-,-,-,-,1,1,1,-,2,2,-,-,-,2,-,-,-,-,2,2,2,-,-,-,-,-,-,-,-,-,-,-,3,3,3,-,-,-,-,-,-,-,-,-,-,-,-,-,-,-,-,-,-,-,-,-,-,-,-,-,3,3,3,-,-,-,-,1,1,1,-,-,-,-,1,1,1,-,-,-,-,1,1,1,-,-,-,-,-,-,-,-,1,1,-,-,-,1,-,-,-,-,1,1,1,-,-,-,-,-,-,-,-,-,-,-,1,1,1,-,-,-,-,1,1,1,24
"Lugares de Hospedaje (Hoteles, Campamentos Y Otros Tipos de Hospedaje No Permanente, Moteles, Etc)",-,2,2,-,2,2,4,-,-,-,-,2,2,2,-,10,10,-,42,42,52,-,2,2,-,14,14,16,-,5,5,-,11,11,16,-,4,4,1,9,10,14,-,-,-,-,-,-,-,1,14,15,-,65,65,80,-,-,-,-,1,1,1,-,-,-,-,3,3,3,-,1,1,1,4,5,6,-,-,-,-,8,8,8,-,1,1,1,10,11,12,-,1,1,-,3,3,4,-,51,51,1,180,181,232,-,-,-,-,-,-,-,-,-,-,-,-,-,-,-,-,-,-,5,5,5,-,9,9,-,39,39,48,-,1,1,-,7,7,8,-,2,2,-,1,1,3,514
Oficinas y/o Edificios de Oficinas,-,-,-,-,1,1,1,-,-,-,-,-,-,-,-,-,-,-,-,-,-,-,-,-,-,-,-,-,-,1,1,-,2,2,3,-,-,-,-,-,-,-,-,-,-,-,-,-,-,-,-,-,-,-,-,-,-,-,-,-,-,-,-,-,1,1,-,-,-,1,-,-,-,-,-,-,-,-,-,-,-,1,1,1,-,1,1,-,1,1,2,-,-,-,-,-,-,-,-,-,-,-,-,-,-,-,-,-,-,-,-,-,-,-,-,-,-,-,-,-,-,-,-,-,-,-,-,1,1,-,-,-,1,-,-,-,-,-,-,-,-,-,-,-,1,1,1,10
"Parqueaderos, Estacionamientos",-,-,-,-,-,-,-,-,-,-,-,-,-,-,-,1,1,-,-,-,1,-,-,-,-,-,-,-,-,-,-,-,-,-,-,-,-,-,-,-,-,-,-,-,-,-,-,-,-,-,1,1,-,-,-,1,-,-,-,-,-,-,-,-,-,-,-,-,-,-,-,-,-,-,-,-,-,-,-,-,-,-,-,-,-,-,-,-,-,-,-,-,-,-,-,-,-,-,-,-,-,-,2,2,2,-,-,-,-,-,-,-,-,-,-,-,-,-,-,-,-,-,-,-,-,-,-,-,-,-,1,1,1,-,-,-,-,-,-,-,-,-,-,-,-,-,-,5
Taller,-,-,-,-,-,-,-,-,-,-,-,-,-,-,-,-,-,-,-,-,-,-,-,-,-,-,-,-,-,-,-,-,1,1,1,-,-,-,-,-,-,-,-,-,-,-,-,-,-,-,-,-,-,-,-,-,-,-,-,-,-,-,-,-,-,-,-,-,-,-,-,-,-,-,-,-,-,-,-,-,-,-,-,-,-,-,-,-,-,-,-,-,-,-,-,-,-,-,-,-,-,-,1,1,1,-,-,-,-,-,-,-,-,-,-,-,-,-,-,-,-,-,-,-,-,-,-,-,-,-,-,-,-,-,-,-,-,-,-,-,-,-,-,-,-,-,-,2
Terminales de Pasajeros,-,-,-,-,-,-,-,-,-,-,-,1,1,1,-,-,-,-,-,-,-,-,-,-,-,-,-,-,-,-,-,-,-,-,-,-,-,-,-,-,-,-,-,-,-,-,1,1,1,-,-,-,-,1,1,1,-,-,-,-,-,-,-,-,-,-,-,-,-,-,-,-,-,-,1,1,1,-,-,-,-,-,-,-,-,-,-,-,1,1,1,-,-,-,-,-,-,-,-,-,-,-,1,1,1,-,-,-,-,-,-,-,-,-,-,-,-,-,-,-,-,-,-,-,-,-,-,-,-,-,-,-,-,-,-,-,-,-,-,-,-,-,-,-,-,-,-,6
Vehículo Servicio Particular,-,-,-,-,1,1,1,-,-,-,-,1,1,1,-,-,-,-,2,2,2,-,-,-,-,1,1,1,-,-,-,-,2,2,2,-,-,-,-,2,2,2,-,-,-,-,3,3,3,-,-,-,-,1,1,1,-,-,-,-,-,-,-,-,-,-,-,-,-,-,-,-,-,-,1,1,1,-,1,1,-,-,-,1,-,1,1,-,2,2,3,-,1,1,-,-,-,1,-,1,1,-,3,3,4,-,-,-,-,-,-,-,-,1,1,-,1,1,2,-,-,-,-,-,-,-,-,2,2,-,2,2,4,-,1,1,-,-,-,1,-,-,-,-,-,-,-,30
Vía Pública,-,-,-,-,6,6,6,-,2,2,-,7,7,9,-,4,4,-,42,42,46,-,3,3,-,7,7,10,-,10,10,1,49,50,60,-,5,5,-,21,21,26,-,1,1,1,9,10,11,-,5,5,-,27,27,32,-,1,1,-,1,1,2,-,-,-,-,11,11,11,-,1,1,-,5,5,6,-,2,2,-,18,18,20,-,5,5,-,25,25,30,-,5,5,-,20,20,25,-,8,8,-,32,32,40,-,-,-,-,-,-,-,-,-,-,-,2,2,2,-,4,4,-,6,6,10,-,-,-,-,11,11,11,-,5,5,-,32,32,37,-,-,-,2,13,15,15,409
Vivienda,-,11,11,-,49,49,60,-,16,16,1,60,61,77,-,149,149,10,639,649,798,-,8,8,1,53,54,62,1,140,141,8,702,710,851,-,111,111,2,460,462,573,-,37,37,-,149,149,186,-,151,151,6,669,675,826,-,7,7,1,26,27,34,-,14,14,1,73,74,88,-,37,37,1,140,141,178,-,46,46,-,264,264,310,-,78,78,2,372,374,452,-,29,29,2,105,107,136,-,101,101,3,411,414,515,-,-,-,-,2,2,2,-,9,9,1,38,39,48,-,20,20,4,155,159,179,-,44,44,2,169,171,215,-,56,56,4,396,400,456,-,22,22,2,86,88,110,6156
Otros,-,-,-,-,-,-,-,-,1,1,-,-,-,1,-,-,-,-,2,2,2,-,1,1,-,2,2,3,-,-,-,-,3,3,3,-,-,-,-,5,5,5,-,1,1,-,2,2,3,-,3,3,-,5,5,8,-,-,-,-,-,-,-,-,2,2,-,6,6,8,-,2,2,-,3,3,5,-,-,-,-,1,1,1,-,1,1,-,2,2,3,-,-,-,-,-,-,-,-,1,1,-,3,3,4,-,-,-,-,-,-,-,-,1,1,-,-,-,1,-,-,-,-,3,3,3,-,-,-,-,3,3,3,-,1,1,-,2,2,3,-,-,-,-,-,-,-,56
Sin Información,-,-,-,-,-,-,-,-,-,-,-,-,-,-,-,-,-,-,-,-,-,-,-,-,-,1,1,1,-,-,-,-,-,-,-,-,-,-,-,1,1,1,-,-,-,-,-,-,-,-,-,-,-,-,-,-,-,-,-,-,-,-,-,-,-,-,-,-,-,-,-,-,-,-,-,-,-,-,-,-,-,-,-,-,-,-,-,-,-,-,-,-,-,-,-,-,-,-,-,1,1,-,1,1,2,-,-,-,-,-,-,-,-,-,-,-,-,-,-,-,-,-,-,-,-,-,-,-,-,-,-,-,-,-,-,-,-,-,-,-,-,-,-,1,1,2,2,6
TOTAL,-,17,17,-,68,68,85,-,22,22,1,88,89,111,-,193,193,14,848,862,1055,-,24,24,1,99,100,124,1,182,183,12,861,873,1056,-,140,140,5,569,574,714,-,47,47,1,189,190,237,1,209,210,7,890,897,1107,-,9,9,1,37,38,47,-,19,19,2,121,123,142,-,46,46,2,174,176,222,-,60,60,-,337,337,397,-,108,108,7,471,478,586,-,38,38,2,158,160,198,-,184,184,5,717,722,906,-,-,-,-,3,3,3,-,14,14,1,44,45,59,-,29,29,5,191,196,225,-,67,67,2,250,252,319,-,83,83,8,496,504,587,-,42,42,6,146,152,194,8374
VARIABLE: ZONA DEL HECHO,,,,,,,,,,,,,,,,,,,,,,,,,,,,,,,,,,,,,,,,,,,,,,,,,,,,,,,,,,,,,,,,,,,,,,,,,,,,,,,,,,,,,,,,,,,,,,,,,,,,,,,,,,,,,,,,,,,,,,,,,,,,,,,,,,,,,,,,,,,,,,,,,,,,
Cabecera municipal,-,16,16,-,63,63,79,-,21,21,1,85,86,107,-,184,184,14,838,852,1036,-,24,24,1,96,97,121,1,180,181,12,845,857,1038,-,139,139,5,556,561,700,-,46,46,1,189,190,236,1,205,206,6,874,880,1086,-,8,8,1,37,38,46,-,19,19,2,120,122,141,-,44,44,2,173,175,219,-,56,56,-,332,332,388,-,106,106,7,465,472,578,-,38,38,1,151,152,190,-,179,179,5,702,707,886,-,-,-,-,3,3,3,-,13,13,1,44,45,58,-,28,28,4,184,188,216,-,65,65,2,244,246,311,-,81,81,8,486,494,575,-,41,41,6,145,151,192,8206
"Centro poblado (corregimiento, inspección de policía y caserío) ",-,1,1,-,3,3,4,-,1,1,-,2,2,3,-,7,7,-,8,8,15,-,-,-,-,3,3,3,-,2,2,-,10,10,12,-,1,1,-,9,9,10,-,1,1,-,-,-,1,-,2,2,1,12,13,15,-,-,-,-,-,-,-,-,-,-,-,1,1,1,-,-,-,-,1,1,1,-,3,3,-,2,2,5,-,1,1,-,4,4,5,-,-,-,1,3,4,4,-,4,4,-,8,8,12,-,-,-,-,-,-,-,-,1,1,-,-,-,1,-,1,1,1,6,7,8,-,1,1,-,4,4,5,-,1,1,-,4,4,5,-,-,-,-,-,-,-,110
Parte rural (vereda y campo),-,-,-,-,-,-,-,-,-,-,-,-,-,-,-,-,-,-,-,-,-,-,-,-,-,-,-,-,-,-,-,-,1,1,1,-,-,-,-,1,1,1,-,-,-,-,-,-,-,-,-,-,-,-,-,-,-,-,-,-,-,-,-,-,-,-,-,-,-,-,-,-,-,-,-,-,-,-,-,-,-,2,2,2,-,-,-,-,-,-,-,-,-,-,-,-,-,-,-,-,-,-,3,3,3,-,-,-,-,-,-,-,-,-,-,-,-,-,-,-,-,-,-,-,-,-,-,1,1,-,2,2,3,-,-,-,-,3,3,3,-,-,-,-,-,-,-,13
Sin información,-,-,-,-,2,2,2,-,-,-,-,1,1,1,-,2,2,-,2,2,4,-,-,-,-,-,-,-,-,-,-,-,5,5,5,-,-,-,-,3,3,3,-,-,-,-,-,-,-,-,2,2,-,4,4,6,-,1,1,-,-,-,1,-,-,-,-,-,-,-,-,2,2,-,-,-,2,-,1,1,-,1,1,2,-,1,1,-,2,2,3,-,-,-,-,4,4,4,-,1,1,-,4,4,5,-,-,-,-,-,-,-,-,-,-,-,-,-,-,-,-,-,-,1,1,1,-,-,-,-,-,-,-,-,1,1,-,3,3,4,-,1,1,-,1,1,2,45
TOTAL,-,17,17,-,68,68,85,-,22,22,1,88,89,111,-,193,193,14,848,862,1055,-,24,24,1,99,100,124,1,182,183,12,861,873,1056,-,140,140,5,569,574,714,-,47,47,1,189,190,237,1,209,210,7,890,897,1107,-,9,9,1,37,38,47,-,19,19,2,121,123,142,-,46,46,2,174,176,222,-,60,60,-,337,337,397,-,108,108,7,471,478,586,-,38,38,2,158,160,198,-,184,184,5,717,722,906,-,-,-,-,3,3,3,-,14,14,1,44,45,59,-,29,29,5,191,196,225,-,67,67,2,250,252,319,-,83,83,8,496,504,587,-,42,42,6,146,152,194,8374
VARIABLE: MES DEL HECHO,,,,,,,,,,,,,,,,,,,,,,,,,,,,,,,,,,,,,,,,,,,,,,,,,,,,,,,,,,,,,,,,,,,,,,,,,,,,,,,,,,,,,,,,,,,,,,,,,,,,,,,,,,,,,,,,,,,,,,,,,,,,,,,,,,,,,,,,,,,,,,,,,,,,
enero,-,2,2,-,7,7,9,-,1,1,-,12,12,13,-,33,33,1,97,98,131,-,4,4,-,9,9,13,-,16,16,1,88,89,105,-,21,21,1,56,57,78,-,8,8,-,22,22,30,1,23,24,1,104,105,129,-,1,1,-,5,5,6,-,5,5,1,17,18,23,-,8,8,-,18,18,26,-,10,10,-,47,47,57,-,10,10,1,52,53,63,-,4,4,-,19,19,23,-,22,22,1,74,75,97,-,-,-,-,-,-,-,-,3,3,-,5,5,8,-,3,3,-,23,23,26,-,7,7,-,24,24,31,-,6,6,3,55,58,64,-,2,2,-,17,17,19,951
febrero,-,2,2,-,10,10,12,-,6,6,-,16,16,22,-,26,26,-,102,102,128,-,6,6,-,13,13,19,1,13,14,-,100,100,114,-,12,12,2,82,84,96,-,9,9,1,25,26,35,-,30,30,-,110,110,140,-,1,1,-,1,1,2,-,1,1,-,12,12,13,-,5,5,-,19,19,24,-,11,11,-,50,50,61,-,7,7,2,50,52,59,-,5,5,2,18,20,25,-,13,13,1,98,99,112,-,-,-,-,-,-,-,-,2,2,1,4,5,7,-,2,2,2,12,14,16,-,5,5,-,26,26,31,-,9,9,2,69,71,80,-,5,5,1,15,16,21,1017
marzo,-,2,2,-,7,7,9,-,-,-,-,13,13,13,-,21,21,1,75,76,97,-,-,-,-,12,12,12,-,18,18,1,84,85,103,-,11,11,1,47,48,59,-,3,3,-,10,10,13,-,25,25,-,77,77,102,-,-,-,-,1,1,1,-,1,1,-,9,9,10,-,3,3,-,19,19,22,-,8,8,-,28,28,36,-,17,17,-,54,54,71,-,8,8,-,16,16,24,-,19,19,-,66,66,85,-,-,-,-,1,1,1,-,2,2,-,6,6,8,-,1,1,-,16,16,17,-,2,2,-,24,24,26,-,10,10,-,47,47,57,-,3,3,-,8,8,11,777
abril,-,-,-,-,3,3,3,-,2,2,-,5,5,7,-,12,12,1,59,60,72,-,3,3,-,7,7,10,-,15,15,2,54,56,71,-,6,6,-,39,39,45,-,2,2,-,10,10,12,-,7,7,1,54,55,62,-,1,1,-,5,5,6,-,2,2,-,8,8,10,-,1,1,-,12,12,13,-,6,6,-,22,22,28,-,7,7,-,27,27,34,-,2,2,-,12,12,14,-,14,14,-,49,49,63,-,-,-,-,-,-,-,-,-,-,-,2,2,2,-,1,1,1,23,24,25,-,10,10,-,24,24,34,-,3,3,-,23,23,26,-,1,1,-,5,5,6,543
mayo,-,-,-,-,6,6,6,-,1,1,-,6,6,7,-,18,18,2,71,73,91,-,-,-,-,7,7,7,-,22,22,2,79,81,103,-,12,12,-,49,49,61,-,2,2,-,16,16,18,-,15,15,-,62,62,77,-,1,1,-,3,3,4,-,1,1,-,10,10,11,-,4,4,-,16,16,20,-,2,2,-,24,24,26,-,6,6,-,35,35,41,-,2,2,-,14,14,16,-,14,14,-,71,71,85,-,-,-,-,1,1,1,-,-,-,-,4,4,4,-,1,1,-,15,15,16,-,15,15,-,23,23,38,-,9,9,1,44,45,54,-,2,2,-,13,13,15,701
junio,-,2,2,-,8,8,10,-,3,3,-,5,5,8,-,9,9,2,73,75,84,-,2,2,-,8,8,10,-,10,10,1,73,74,84,-,14,14,-,46,46,60,-,4,4,-,14,14,18,-,10,10,1,61,62,72,-,-,-,-,1,1,1,-,2,2,-,7,7,9,-,2,2,-,10,10,12,-,2,2,-,27,27,29,-,8,8,-,44,44,52,-,4,4,-,9,9,13,-,15,15,2,41,43,58,-,-,-,-,-,-,-,-,1,1,-,5,5,6,-,5,5,-,13,13,18,-,4,4,1,11,12,16,-,4,4,-,39,39,43,-,5,5,-,12,12,17,620
julio,-,1,1,-,3,3,4,-,1,1,-,5,5,6,-,12,12,1,53,54,66,-,-,-,-,4,4,4,-,9,9,-,59,59,68,-,10,10,-,37,37,47,-,1,1,-,20,20,21,-,5,5,-,56,56,61,-,1,1,-,5,5,6,-,-,-,-,10,10,10,-,7,7,-,16,16,23,-,2,2,-,19,19,21,-,12,12,1,27,28,40,-,-,-,-,7,7,7,-,15,15,1,51,52,67,-,-,-,-,1,1,1,-,1,1,-,3,3,4,-,4,4,1,12,13,17,-,6,6,1,22,23,29,-,4,4,1,39,40,44,-,-,-,2,13,15,15,561
agosto,-,1,1,-,5,5,6,-,3,3,-,4,4,7,-,10,10,-,66,66,76,-,4,4,1,10,11,15,-,21,21,1,79,80,101,-,16,16,-,46,46,62,-,3,3,-,17,17,20,-,21,21,1,66,67,88,-,-,-,-,2,2,2,-,2,2,1,9,10,12,-,1,1,1,13,14,15,-,2,2,-,27,27,29,-,8,8,-,43,43,51,-,1,1,-,19,19,20,-,8,8,-,51,51,59,-,-,-,-,-,-,-,-,-,-,-,3,3,3,-,2,2,-,16,16,18,-,4,4,-,16,16,20,-,4,4,-,43,43,47,-,3,3,-,5,5,8,659
septiembre,-,4,4,-,6,6,10,-,1,1,-,4,4,5,-,12,12,1,66,67,79,-,1,1,-,7,7,8,-,18,18,-,53,53,71,-,6,6,1,36,37,43,-,3,3,-,12,12,15,-,13,13,2,67,69,82,-,1,1,1,3,4,5,-,-,-,-,8,8,8,-,3,3,1,16,17,20,-,2,2,-,22,22,24,-,13,13,-,48,48,61,-,6,6,-,14,14,20,-,10,10,-,59,59,69,-,-,-,-,-,-,-,-,-,-,-,3,3,3,-,-,-,1,18,19,19,-,1,1,-,24,24,25,-,7,7,1,36,37,44,-,4,4,2,9,11,15,626
octubre,-,2,2,-,7,7,9,-,1,1,1,5,6,7,-,16,16,1,63,64,80,-,-,-,-,9,9,9,-,15,15,3,70,73,88,-,14,14,-,49,49,63,-,4,4,-,19,19,23,-,20,20,1,85,86,106,-,2,2,-,2,2,4,-,1,1,-,11,11,12,-,5,5,-,9,9,14,-,8,8,-,26,26,34,-,3,3,2,28,30,33,-,4,4,-,8,8,12,-,21,21,-,55,55,76,-,-,-,-,-,-,-,-,4,4,-,3,3,7,-,2,2,-,11,11,13,-,4,4,-,18,18,22,-,12,12,-,41,41,53,-,5,5,-,19,19,24,689
noviembre,-,1,1,-,3,3,4,-,2,2,-,5,5,7,-,16,16,1,68,69,85,-,-,-,-,8,8,8,-,16,16,1,63,64,80,-,8,8,-,41,41,49,-,6,6,-,13,13,19,-,23,23,-,64,64,87,-,1,1,-,8,8,9,-,2,2,-,10,10,12,-,1,1,-,10,10,11,-,4,4,-,27,27,31,-,7,7,1,39,40,47,-,1,1,-,14,14,15,-,17,17,-,51,51,68,-,-,-,-,-,-,-,-,-,-,-,1,1,1,-,3,3,-,21,21,24,-,7,7,-,22,22,29,-,8,8,-,36,36,44,-,3,3,-,16,16,19,649
diciembre,-,-,-,-,3,3,3,-,1,1,-,8,8,9,-,8,8,3,55,58,66,-,4,4,-,5,5,9,-,9,9,-,59,59,68,-,10,10,-,41,41,51,-,2,2,-,11,11,13,-,17,17,-,84,84,101,-,-,-,-,1,1,1,-,2,2,-,10,10,12,-,6,6,-,16,16,22,-,3,3,-,18,18,21,-,10,10,-,24,24,34,-,1,1,-,8,8,9,-,16,16,-,51,51,67,-,-,-,-,-,-,-,-,1,1,-,5,5,6,-,5,5,-,11,11,16,-,2,2,-,16,16,18,-,7,7,-,24,24,31,-,9,9,1,14,15,24,581
TOTAL,-,17,17,-,68,68,85,-,22,22,1,88,89,111,-,193,193,14,848,862,1055,-,24,24,1,99,100,124,1,182,183,12,861,873,1056,-,140,140,5,569,574,714,-,47,47,1,189,190,237,1,209,210,7,890,897,1107,-,9,9,1,37,38,47,-,19,19,2,121,123,142,-,46,46,2,174,176,222,-,60,60,-,337,337,397,-,108,108,7,471,478,586,-,38,38,2,158,160,198,-,184,184,5,717,722,906,-,-,-,-,3,3,3,-,14,14,1,44,45,59,-,29,29,5,191,196,225,-,67,67,2,250,252,319,-,83,83,8,496,504,587,-,42,42,6,146,152,194,8374
VARIABLE: DÍA DEL HECHO,,,,,,,,,,,,,,,,,,,,,,,,,,,,,,,,,,,,,,,,,,,,,,,,,,,,,,,,,,,,,,,,,,,,,,,,,,,,,,,,,,,,,,,,,,,,,,,,,,,,,,,,,,,,,,,,,,,,,,,,,,,,,,,,,,,,,,,,,,,,,,,,,,,,
lunes,-,3,3,-,7,7,10,-,5,5,-,12,12,17,-,31,31,3,128,131,162,-,1,1,-,15,15,16,-,29,29,3,126,129,158,-,20,20,-,66,66,86,-,6,6,-,26,26,32,-,27,27,1,116,117,144,-,1,1,-,3,3,4,-,4,4,1,20,21,25,-,3,3,1,24,25,28,-,8,8,-,50,50,58,-,14,14,-,69,69,83,-,1,1,-,20,20,21,-,33,33,2,102,104,137,-,-,-,-,-,-,-,-,4,4,-,3,3,7,-,4,4,-,24,24,28,-,8,8,1,44,45,53,-,14,14,1,80,81,95,-,9,9,2,15,17,26,1190
martes,-,1,1,-,11,11,12,-,-,-,-,11,11,11,-,23,23,-,112,112,135,-,2,2,-,16,16,18,-,22,22,2,81,83,105,-,21,21,-,69,69,90,-,3,3,-,20,20,23,1,24,25,-,96,96,121,-,2,2,-,4,4,6,-,2,2,-,18,18,20,-,9,9,-,20,20,29,-,9,9,-,38,38,47,-,16,16,1,66,67,83,-,8,8,-,24,24,32,-,24,24,-,88,88,112,-,-,-,-,2,2,2,-,5,5,1,9,10,15,-,2,2,1,22,23,25,-,11,11,-,31,31,42,-,16,16,2,51,53,69,-,5,5,-,23,23,28,1025
miércoles,-,3,3,-,11,11,14,-,4,4,-,17,17,21,-,22,22,2,99,101,123,-,6,6,-,12,12,18,-,20,20,2,116,118,138,-,22,22,1,62,63,85,-,5,5,-,25,25,30,-,24,24,1,119,120,144,-,-,-,-,2,2,2,-,3,3,-,17,17,20,-,8,8,-,30,30,38,-,6,6,-,44,44,50,-,10,10,2,52,54,64,-,5,5,-,25,25,30,-,25,25,2,77,79,104,-,-,-,-,-,-,-,-,1,1,-,10,10,11,-,3,3,-,23,23,26,-,11,11,-,26,26,37,-,13,13,2,70,72,85,-,1,1,-,12,12,13,1053
jueves,-,1,1,-,4,4,5,-,2,2,-,8,8,10,-,16,16,1,93,94,110,-,4,4,-,14,14,18,-,24,24,-,102,102,126,-,16,16,-,69,69,85,-,3,3,-,21,21,24,-,27,27,1,101,102,129,-,1,1,-,8,8,9,-,2,2,-,16,16,18,-,9,9,-,28,28,37,-,12,12,-,35,35,47,-,9,9,-,54,54,63,-,5,5,-,24,24,29,-,18,18,-,68,68,86,-,-,-,-,-,-,-,-,-,-,-,8,8,8,-,9,9,1,23,24,33,-,8,8,-,26,26,34,-,8,8,1,47,48,56,-,4,4,1,22,23,27,954
viernes,-,2,2,-,8,8,10,-,6,6,-,8,8,14,-,19,19,1,97,98,117,-,3,3,-,6,6,9,-,18,18,1,84,85,103,-,19,19,-,69,69,88,-,9,9,-,22,22,31,-,23,23,2,113,115,138,-,2,2,-,7,7,9,-,-,-,-,13,13,13,-,7,7,1,23,24,31,-,2,2,-,30,30,32,-,17,17,1,47,48,65,-,2,2,-,19,19,21,-,21,21,1,91,92,113,-,-,-,-,-,-,-,-,1,1,-,3,3,4,-,4,4,1,30,31,35,-,9,9,-,36,36,45,-,5,5,-,48,48,53,-,4,4,2,13,15,19,950
sábado,-,6,6,-,14,14,20,-,1,1,1,11,12,13,-,36,36,1,116,117,153,-,4,4,1,16,17,21,1,31,32,1,134,135,167,-,13,13,1,84,85,98,-,11,11,-,28,28,39,-,30,30,1,136,137,167,-,2,2,1,7,8,10,-,4,4,1,23,24,28,-,7,7,-,19,19,26,-,12,12,-,65,65,77,-,16,16,1,73,74,90,-,8,8,1,18,19,27,-,20,20,-,115,115,135,-,-,-,-,1,1,1,-,-,-,-,5,5,5,-,3,3,1,29,30,33,-,9,9,-,41,41,50,-,12,12,1,83,84,96,-,7,7,-,21,21,28,1284
domingo,-,1,1,-,13,13,14,-,4,4,-,21,21,25,-,46,46,6,203,209,255,-,4,4,-,20,20,24,-,38,38,3,218,221,259,-,29,29,3,150,153,182,-,10,10,1,47,48,58,-,54,54,1,209,210,264,-,1,1,-,6,6,7,-,4,4,-,14,14,18,-,3,3,-,30,30,33,-,11,11,-,75,75,86,-,26,26,2,110,112,138,-,9,9,1,28,29,38,-,43,43,-,176,176,219,-,-,-,-,-,-,-,-,3,3,-,6,6,9,-,4,4,1,40,41,45,-,11,11,1,46,47,58,-,15,15,1,117,118,133,-,12,12,1,40,41,53,1918
TOTAL,-,17,17,-,68,68,85,-,22,22,1,88,89,111,-,193,193,14,848,862,1055,-,24,24,1,99,100,124,1,182,183,12,861,873,1056,-,140,140,5,569,574,714,-,47,47,1,189,190,237,1,209,210,7,890,897,1107,-,9,9,1,37,38,47,-,19,19,2,121,123,142,-,46,46,2,174,176,222,-,60,60,-,337,337,397,-,108,108,7,471,478,586,-,38,38,2,158,160,198,-,184,184,5,717,722,906,-,-,-,-,3,3,3,-,14,14,1,44,45,59,-,29,29,5,191,196,225,-,67,67,2,250,252,319,-,83,83,8,496,504,587,-,42,42,6,146,152,194,8374
VARIABLE: RANGO DE HORA DEL HECHO (X 3 HORAS),,,,,,,,,,,,,,,,,,,,,,,,,,,,,,,,,,,,,,,,,,,,,,,,,,,,,,,,,,,,,,,,,,,,,,,,,,,,,,,,,,,,,,,,,,,,,,,,,,,,,,,,,,,,,,,,,,,,,,,,,,,,,,,,,,,,,,,,,,,,,,,,,,,,
(00:00 a 02:59),-,1,1,-,6,6,7,-,-,-,-,7,7,7,-,6,6,1,50,51,57,-,1,1,-,7,7,8,-,6,6,2,48,50,56,-,6,6,-,43,43,49,-,4,4,-,16,16,20,-,10,10,-,68,68,78,-,1,1,-,4,4,5,-,2,2,-,3,3,5,-,1,1,-,13,13,14,-,4,4,-,30,30,34,-,7,7,1,39,40,47,-,3,3,-,5,5,8,-,13,13,-,60,60,73,-,-,-,-,-,-,-,-,-,-,-,3,3,3,-,1,1,1,7,8,9,-,1,1,-,15,15,16,-,3,3,1,30,31,34,-,4,4,1,10,11,15,545
(03:00 a 05:59),-,1,1,-,4,4,5,-,-,-,-,7,7,7,-,6,6,-,55,55,61,-,1,1,-,8,8,9,-,7,7,-,51,51,58,-,4,4,-,31,31,35,-,3,3,-,13,13,16,-,12,12,-,63,63,75,-,-,-,-,2,2,2,-,2,2,-,7,7,9,-,1,1,-,11,11,12,-,3,3,-,22,22,25,-,7,7,-,26,26,33,-,3,3,-,13,13,16,-,5,5,-,45,45,50,-,-,-,-,-,-,-,-,2,2,-,2,2,4,-,-,-,-,12,12,12,-,2,2,-,17,17,19,-,5,5,-,30,30,35,-,4,4,-,12,12,16,499
(06:00 a 08:59),-,-,-,-,8,8,8,-,-,-,-,9,9,9,-,15,15,3,68,71,86,-,-,-,-,7,7,7,-,22,22,1,79,80,102,-,15,15,-,43,43,58,-,2,2,-,14,14,16,-,20,20,-,99,99,119,-,-,-,-,3,3,3,-,1,1,1,7,8,9,-,5,5,-,10,10,15,-,6,6,-,26,26,32,-,8,8,1,34,35,43,-,4,4,-,18,18,22,-,19,19,-,68,68,87,-,-,-,-,-,-,-,-,2,2,-,5,5,7,-,7,7,-,22,22,29,-,2,2,-,24,24,26,-,12,12,1,43,44,56,-,8,8,2,12,14,22,756
(09:00 a 11:59),-,2,2,-,9,9,11,-,1,1,-,16,16,17,-,30,30,2,105,107,137,-,4,4,-,15,15,19,-,22,22,-,131,131,153,-,27,27,1,72,73,100,-,6,6,-,16,16,22,-,28,28,2,131,133,161,-,1,1,-,9,9,10,-,3,3,-,20,20,23,-,15,15,1,35,36,51,-,7,7,-,45,45,52,-,16,16,1,60,61,77,-,5,5,-,23,23,28,-,33,33,-,90,90,123,-,-,-,-,1,1,1,-,2,2,1,10,11,13,-,3,3,-,31,31,34,-,8,8,1,32,33,41,-,13,13,-,77,77,90,-,4,4,-,16,16,20,1183
(12:00 a 14:59),-,3,3,-,8,8,11,-,9,9,-,6,6,15,-,21,21,-,86,86,107,-,4,4,-,11,11,15,-,27,27,-,100,100,127,-,17,17,-,79,79,96,-,6,6,-,23,23,29,1,20,21,-,103,103,124,-,-,-,-,4,4,4,-,2,2,-,21,21,23,-,5,5,-,23,23,28,-,6,6,-,30,30,36,-,11,11,-,64,64,75,-,1,1,1,16,17,18,-,24,24,1,76,77,101,-,-,-,-,1,1,1,-,4,4,-,7,7,11,-,4,4,-,26,26,30,-,10,10,1,20,21,31,-,10,10,1,70,71,81,-,6,6,2,20,22,28,991
(15:00 a 17:59),-,1,1,-,6,6,7,-,3,3,1,10,11,14,-,30,30,3,105,108,138,-,2,2,-,12,12,14,1,30,31,1,84,85,116,-,18,18,1,69,70,88,-,4,4,-,21,21,25,-,23,23,3,83,86,109,-,1,1,-,3,3,4,-,2,2,-,9,9,11,-,6,6,-,18,18,24,-,6,6,-,39,39,45,-,15,15,1,53,54,69,-,3,3,1,17,18,21,-,26,26,-,70,70,96,-,-,-,-,1,1,1,-,-,-,-,2,2,2,-,2,2,2,24,26,28,-,9,9,-,35,35,44,-,10,10,-,64,64,74,-,4,4,1,16,17,21,951
(18:00 a 20:59),-,1,1,-,11,11,12,-,3,3,-,19,19,22,-,47,47,-,182,182,229,-,7,7,-,14,14,21,-,37,37,4,185,189,226,-,24,24,3,110,113,137,-,14,14,1,41,42,56,-,45,45,2,165,167,212,-,5,5,-,7,7,12,-,4,4,1,27,28,32,-,8,8,-,29,29,37,-,14,14,-,67,67,81,-,30,30,1,101,102,132,-,9,9,-,34,34,43,-,30,30,3,142,145,175,-,-,-,-,-,-,-,-,2,2,-,3,3,5,-,4,4,1,30,31,35,-,23,23,-,50,50,73,-,20,20,1,79,80,100,-,6,6,-,26,26,32,1672
(21:00 a 23:59),-,8,8,-,15,15,23,-,6,6,-,13,13,19,-,34,34,4,167,171,205,-,3,3,1,21,22,25,-,22,22,1,153,154,176,-,22,22,-,106,106,128,-,7,7,-,40,40,47,-,48,48,-,151,151,199,-,1,1,1,3,4,5,-,2,2,-,23,23,25,-,4,4,-,27,27,31,-,12,12,-,68,68,80,-,12,12,1,83,84,96,-,9,9,-,31,31,40,-,28,28,-,151,151,179,-,-,-,-,-,-,-,-,2,2,-,7,7,9,-,6,6,1,34,35,41,-,11,11,-,50,50,61,-,6,6,-,87,87,93,-,4,4,-,23,23,27,1509
Sin información,-,-,-,-,1,1,1,-,-,-,-,1,1,1,-,4,4,1,30,31,35,-,2,2,-,4,4,6,-,9,9,3,30,33,42,-,7,7,-,16,16,23,-,1,1,-,5,5,6,-,3,3,-,27,27,30,-,-,-,-,2,2,2,-,1,1,-,4,4,5,-,1,1,1,8,9,10,-,2,2,-,10,10,12,-,2,2,1,11,12,14,-,1,1,-,1,1,2,-,6,6,1,15,16,22,-,-,-,-,-,-,-,-,-,-,-,5,5,5,-,2,2,-,5,5,7,-,1,1,-,7,7,8,-,4,4,4,16,20,24,-,2,2,-,11,11,13,268
TOTAL,-,17,17,-,68,68,85,-,22,22,1,88,89,111,-,193,193,14,848,862,1055,-,24,24,1,99,100,124,1,182,183,12,861,873,1056,-,140,140,5,569,574,714,-,47,47,1,189,190,237,1,209,210,7,890,897,1107,-,9,9,1,37,38,47,-,19,19,2,121,123,142,-,46,46,2,174,176,222,-,60,60,-,337,337,397,-,108,108,7,471,478,586,-,38,38,2,158,160,198,-,184,184,5,717,722,906,-,-,-,-,3,3,3,-,14,14,1,44,45,59,-,29,29,5,191,196,225,-,67,67,2,250,252,319,-,83,83,8,496,504,587,-,42,42,6,146,152,194,8374
Violencia de pareja: se incluyen los grupos de edad mayores de 10 años,,,,,,,,,,,,,,,,,,,,,,,,,,,,,,,,,,,,,,,,,,,,,,,,,,,,,,,,,,,,,,,,,,,,,,,,,,,,,,,,,,,,,,,,,,,,,,,,,,,,,,,,,,,,,,,,,,,,,,,,,,,,,,,,,,,,,,,,,,,,,,,,,,,,
"Circunstancia del hecho: para el contexto de Violencia de Pareja es catalogada como la variable ""Factor desencadenante de la agresión""",,,,,,,,,,,,,,,,,,,,,,,,,,,,,,,,,,,,,,,,,,,,,,,,,,,,,,,,,,,,,,,,,,,,,,,,,,,,,,,,,,,,,,,,,,,,,,,,,,,,,,,,,,,,,,,,,,,,,,,,,,,,,,,,,,,,,,,,,,,,,,,,,,,,
FUENTE: Instituto Nacional de Medicina Legal y Ciencias Forenses - INMLCF,,,,,,,,,,,,,,,,,,,,,,,,,,,,,,,,,,,,,,,,,,,,,,,,,,,,,,,,,,,,,,,,,,,,,,,,,,,,,,,,,,,,,,,,,,,,,,,,,,,,,,,,,,,,,,,,,,,,,,,,,,,,,,,,,,,,,,,,,,,,,,,,,,,,
Grupo: Centro de Referencia Nacional sobre Violencia - GCRNV,,,,,,,,,,,,,,,,,,,,,,,,,,,,,,,,,,,,,,,,,,,,,,,,,,,,,,,,,,,,,,,,,,,,,,,,,,,,,,,,,,,,,,,,,,,,,,,,,,,,,,,,,,,,,,,,,,,,,,,,,,,,,,,,,,,,,,,,,,,,,,,,,,,,
2020: Base: Sistema de Información de Clínica y Odontología Forense - SICLICO ,,,,,,,,,,,,,,,,,,,,,,,,,,,,,,,,,,,,,,,,,,,,,,,,,,,,,,,,,,,,,,,,,,,,,,,,,,,,,,,,,,,,,,,,,,,,,,,,,,,,,,,,,,,,,,,,,,,,,,,,,,,,,,,,,,,,,,,,,,,,,,,,,,,,
