HOMICIDIOS EN BOGOTÁ D.C AÑO 2020 / LOCALIDAD DEL HECHO,Antonio Nariño,Antonio Nariño.1,Antonio Nariño.2,Antonio Nariño.3,Antonio Nariño.4,Antonio Nariño.5,Antonio Nariño.6,Barrios Unidos,Barrios Unidos.1,Barrios Unidos.2,Barrios Unidos.3,Barrios Unidos.4,Barrios Unidos.5,Barrios Unidos.6,Bosa,Bosa.1,Bosa.2,Bosa.3,Bosa.4,Bosa.5,Bosa.6,Chapinero,Chapinero.1,Chapinero.2,Chapinero.3,Chapinero.4,Chapinero.5,Chapinero.6,Ciudad Bolivar,Ciudad Bolivar.1,Ciudad Bolivar.2,Ciudad Bolivar.3,Ciudad Bolivar.4,Ciudad Bolivar.5,Ciudad Bolivar.6,Engativa,Engativa.1,Engativa.2,Engativa.3,Engativa.4,Engativa.5,Engativa.6,Fontibon,Fontibon.1,Fontibon.2,Fontibon.3,Fontibon.4,Fontibon.5,Fontibon.6,Kennedy,Kennedy.1,Kennedy.2,Kennedy.3,Kennedy.4,Kennedy.5,Kennedy.6,Los Martires,Los Martires.1,Los Martires.2,Los Martires.3,Los Martires.4,Los Martires.5,Los Martires.6,Puente Aranda,Puente Aranda.1,Puente Aranda.2,Puente Aranda.3,Puente Aranda.4,Puente Aranda.5,Puente Aranda.6,Rafael Uribe Uribe,Rafael Uribe Uribe.1,Rafael Uribe Uribe.2,Rafael Uribe Uribe.3,Rafael Uribe Uribe.4,Rafael Uribe Uribe.5,Rafael Uribe Uribe.6,San Cristobal,San Cristobal.1,San Cristobal.2,San Cristobal.3,San Cristobal.4,San Cristobal.5,San Cristobal.6,Santa Fe,Santa Fe.1,Santa Fe.2,Santa Fe.3,Santa Fe.4,Santa Fe.5,Santa Fe.6,Suba,Suba.1,Suba.2,Suba.3,Suba.4,Suba.5,Suba.6,Sumapaz,Sumapaz.1,Sumapaz.2,Sumapaz.3,Sumapaz.4,Sumapaz.5,Sumapaz.6,Teusaquillo,Teusaquillo.1,Teusaquillo.2,Teusaquillo.3,Teusaquillo.4,Teusaquillo.5,Teusaquillo.6,Tunjuelito,Tunjuelito.1,Tunjuelito.2,Tunjuelito.3,Tunjuelito.4,Tunjuelito.5,Tunjuelito.6,Usaquen,Usaquen.1,Usaquen.2,Usaquen.3,Usaquen.4,Usaquen.5,Usaquen.6,Usme,Usme.1,Usme.2,Usme.3,Usme.4,Usme.5,Usme.6,Sin información,Sin información.1,Sin información.2,Sin información.3,Sin información.4,Sin información.5,Sin información.6,CIFRA
CÓDIGOS DIVIPOLA,,,,,,,,,,,,,,,,,,,,,,,,,,,,,,,,,,,,,,,,,,,,,,,,,,,,,,,,,,,,,,,,,,,,,,,,,,,,,,,,,,,,,,,,,,,,,,,,,,,,,,,,,,,,,,,,,,,,,,,,,,,,,,,,,,,,,,,,,,,,,
SEXO,Hombre,Hombre,HOMBRE,Mujer,Mujer,MUJER,TOTAL,Hombre,Hombre,HOMBRE,Mujer,Mujer,MUJER,TOTAL,Hombre,Hombre,HOMBRE,Mujer,Mujer,MUJER,TOTAL,Hombre,Hombre,HOMBRE,Mujer,Mujer,MUJER,TOTAL,Hombre,Hombre,HOMBRE,Mujer,Mujer,MUJER,TOTAL,Hombre,Hombre,HOMBRE,Mujer,Mujer,MUJER,TOTAL,Hombre,Hombre,HOMBRE,Mujer,Mujer,MUJER,TOTAL,Hombre,Hombre,HOMBRE,Mujer,Mujer,MUJER,TOTAL,Hombre,Hombre,HOMBRE,Mujer,Mujer,MUJER,TOTAL,Hombre,Hombre,HOMBRE,Mujer,Mujer,MUJER,TOTAL,Hombre,Hombre,HOMBRE,Mujer,Mujer,MUJER,TOTAL,Hombre,Hombre,HOMBRE,Mujer,Mujer,MUJER,TOTAL,Hombre,Hombre,HOMBRE,Mujer,Mujer,MUJER,TOTAL,Hombre,Hombre,HOMBRE,Mujer,Mujer,MUJER,TOTAL,Hombre,Hombre,HOMBRE,Mujer,Mujer,MUJER,TOTAL,Hombre,Hombre,HOMBRE,Mujer,Mujer,MUJER,TOTAL,Hombre,Hombre,HOMBRE,Mujer,Mujer,MUJER,TOTAL,Hombre,Hombre,HOMBRE,Mujer,Mujer,MUJER,TOTAL,Hombre,Hombre,HOMBRE,Mujer,Mujer,MUJER,TOTAL,Hombre,Hombre,HOMBRE,Mujer,Mujer,MUJER,TOTAL,TOTAL
VARIABLE / MAYOR DE EDAD (> 18 AÑOS) O MENOR DE EDAD (< 18 AÑOS),Menores de Edad (<18 años),Mayores de Edad (>18 años),TOTAL,Menores de Edad (<18 años),Mayores de Edad (>18 años),TOTAL,,Menores de Edad (<18 años),Mayores de Edad (>18 años),TOTAL,Menores de Edad (<18 años),Mayores de Edad (>18 años),TOTAL,,Menores de Edad (<18 años),Mayores de Edad (>18 años),TOTAL,Menores de Edad (<18 años),Mayores de Edad (>18 años),TOTAL,,Menores de Edad (<18 años),Mayores de Edad (>18 años),TOTAL,Menores de Edad (<18 años),Mayores de Edad (>18 años),TOTAL,,Menores de Edad (<18 años),Mayores de Edad (>18 años),TOTAL,Menores de Edad (<18 años),Mayores de Edad (>18 años),TOTAL,,Menores de Edad (<18 años),Mayores de Edad (>18 años),TOTAL,Menores de Edad (<18 años),Mayores de Edad (>18 años),TOTAL,,Menores de Edad (<18 años),Mayores de Edad (>18 años),TOTAL,Menores de Edad (<18 años),Mayores de Edad (>18 años),TOTAL,,Menores de Edad (<18 años),Mayores de Edad (>18 años),TOTAL,Menores de Edad (<18 años),Mayores de Edad (>18 años),TOTAL,,Menores de Edad (<18 años),Mayores de Edad (>18 años),TOTAL,Menores de Edad (<18 años),Mayores de Edad (>18 años),TOTAL,,Menores de Edad (<18 años),Mayores de Edad (>18 años),TOTAL,Menores de Edad (<18 años),Mayores de Edad (>18 años),TOTAL,,Menores de Edad (<18 años),Mayores de Edad (>18 años),TOTAL,Menores de Edad (<18 años),Mayores de Edad (>18 años),TOTAL,,Menores de Edad (<18 años),Mayores de Edad (>18 años),TOTAL,Menores de Edad (<18 años),Mayores de Edad (>18 años),TOTAL,,Menores de Edad (<18 años),Mayores de Edad (>18 años),TOTAL,Menores de Edad (<18 años),Mayores de Edad (>18 años),TOTAL,,Menores de Edad (<18 años),Mayores de Edad (>18 años),TOTAL,Menores de Edad (<18 años),Mayores de Edad (>18 años),TOTAL,,Menores de Edad (<18 años),Mayores de Edad (>18 años),TOTAL,Menores de Edad (<18 años),Mayores de Edad (>18 años),TOTAL,,Menores de Edad (<18 años),Mayores de Edad (>18 años),TOTAL,Menores de Edad (<18 años),Mayores de Edad (>18 años),TOTAL,,Menores de Edad (<18 años),Mayores de Edad (>18 años),TOTAL,Menores de Edad (<18 años),Mayores de Edad (>18 años),TOTAL,,Menores de Edad (<18 años),Mayores de Edad (>18 años),TOTAL,Menores de Edad (<18 años),Mayores de Edad (>18 años),TOTAL,,Menores de Edad (<18 años),Mayores de Edad (>18 años),TOTAL,Menores de Edad (<18 años),Mayores de Edad (>18 años),TOTAL,,Menores de Edad (<18 años),Mayores de Edad (>18 años),TOTAL,Menores de Edad (<18 años),Mayores de Edad (>18 años),TOTAL,,GENERAL
VARIABLE: GRUPO DE EDAD,,,,,,,,,,,,,,,,,,,,,,,,,,,,,,,,,,,,,,,,,,,,,,,,,,,,,,,,,,,,,,,,,,,,,,,,,,,,,,,,,,,,,,,,,,,,,,,,,,,,,,,,,,,,,,,,,,,,,,,,,,,,,,,,,,,,,,,,,,,,,
(00 a 04),-,-,-,-,-,-,-,-,-,-,-,-,-,-,-,-,-,-,-,-,-,-,-,-,-,-,-,-,-,-,-,-,-,-,-,-,-,-,-,-,-,-,-,-,-,-,-,-,-,1,-,1,3,-,3,4,-,-,-,-,-,-,-,-,-,-,-,-,-,-,-,-,-,-,-,-,-,1,-,1,-,-,-,1,-,-,-,-,-,-,-,-,-,-,-,-,-,-,-,-,-,-,-,-,-,-,-,-,-,-,-,-,-,-,-,-,-,-,-,-,-,-,-,-,-,-,-,-,-,-,-,-,-,-,-,-,-,-,-,-,5
(05 a 09),-,-,-,-,-,-,-,-,-,-,-,-,-,-,-,-,-,1,-,1,1,-,-,-,-,-,-,-,-,-,-,-,-,-,-,-,-,-,-,-,-,-,-,-,-,-,-,-,-,-,-,-,-,-,-,-,-,-,-,-,-,-,-,-,-,-,-,-,-,-,-,-,-,-,-,-,-,-,-,-,-,-,-,-,-,-,-,-,-,-,-,-,-,-,-,-,-,-,-,-,-,-,-,-,-,-,-,-,-,-,-,-,-,-,-,-,-,-,-,-,-,-,-,-,-,-,-,-,-,-,-,-,-,-,-,-,-,-,-,-,1
(10 a 14),-,-,-,-,-,-,-,-,-,-,-,-,-,-,1,-,1,-,-,-,1,-,-,-,-,-,-,-,-,-,-,-,-,-,-,-,-,-,-,-,-,-,-,-,-,-,-,-,-,-,-,-,-,-,-,-,-,-,-,-,-,-,-,-,-,-,-,-,-,-,-,-,-,-,-,-,-,-,-,-,-,-,-,-,-,-,-,-,-,-,-,-,-,-,-,-,-,-,-,-,-,-,-,-,-,-,-,-,-,-,-,-,-,-,-,-,-,-,-,-,-,-,-,-,-,-,-,-,-,-,-,-,-,-,-,-,-,-,-,-,1
(15 a 17),1,-,1,-,-,-,1,1,-,1,1,-,1,2,4,-,4,-,-,-,4,-,-,-,1,-,1,1,6,-,6,-,-,-,6,-,-,-,-,-,-,-,-,-,-,-,-,-,-,5,-,5,-,-,-,5,-,-,-,-,-,-,-,1,-,1,-,-,-,1,3,-,3,-,-,-,3,1,-,1,2,-,2,3,1,-,1,1,-,1,2,-,-,-,-,-,-,-,-,-,-,-,-,-,-,-,-,-,-,-,-,-,-,-,-,-,-,-,-,4,-,4,-,-,-,4,4,-,4,-,-,-,4,1,-,1,-,-,-,1,37
(18 a 19),-,-,-,-,-,-,-,-,-,-,-,-,-,-,-,7,7,-,-,-,7,-,1,1,-,-,-,1,-,4,4,-,2,2,6,-,3,3,-,1,1,4,-,-,-,-,-,-,-,-,8,8,-,-,-,8,-,2,2,-,-,-,2,-,-,-,-,1,1,1,-,1,1,-,-,-,1,-,3,3,-,-,-,3,-,1,1,-,-,-,1,-,2,2,-,1,1,3,-,-,-,-,-,-,-,-,1,1,-,-,-,1,-,2,2,-,-,-,2,-,3,3,-,-,-,3,-,4,4,-,-,-,4,-,1,1,-,-,-,1,48
(20 a 24),-,1,1,-,-,-,1,-,-,-,-,-,-,-,-,18,18,-,2,2,20,-,2,2,-,-,-,2,-,44,44,-,7,7,51,-,8,8,-,1,1,9,-,1,1,-,-,-,1,-,22,22,-,2,2,24,-,8,8,-,2,2,10,-,6,6,-,2,2,8,-,9,9,-,1,1,10,-,15,15,-,2,2,17,-,7,7,-,2,2,9,-,14,14,-,1,1,15,-,-,-,-,-,-,-,-,1,1,-,-,-,1,-,5,5,-,-,-,5,-,14,14,-,-,-,14,-,17,17,-,-,-,17,-,4,4,-,-,-,4,218
(25 a 29),-,2,2,-,-,-,2,-,2,2,-,-,-,2,-,16,16,-,3,3,19,-,-,-,-,-,-,-,-,44,44,-,-,-,44,-,8,8,-,-,-,8,-,3,3,-,-,-,3,-,26,26,-,2,2,28,-,6,6,-,-,-,6,-,12,12,-,-,-,12,-,10,10,-,1,1,11,-,10,10,-,-,-,10,-,9,9,-,1,1,10,-,10,10,-,3,3,13,-,-,-,-,-,-,-,-,-,-,-,-,-,-,-,6,6,-,-,-,6,-,7,7,-,2,2,9,-,11,11,-,-,-,11,-,6,6,-,-,-,6,200
(30 a 34),-,-,-,-,-,-,-,-,1,1,-,1,1,2,-,11,11,-,1,1,12,-,1,1,-,-,-,1,-,26,26,-,2,2,28,-,7,7,-,-,-,7,-,2,2,-,-,-,2,-,19,19,-,2,2,21,-,8,8,-,-,-,8,-,7,7,-,-,-,7,-,11,11,-,1,1,12,-,12,12,-,-,-,12,-,9,9,-,1,1,10,-,13,13,-,-,-,13,-,-,-,-,-,-,-,-,-,-,-,-,-,-,-,-,-,-,1,1,1,-,6,6,-,-,-,6,-,8,8,-,1,1,9,-,6,6,-,-,-,6,157
(35 a 39),-,1,1,-,-,-,1,-,-,-,-,-,-,-,-,9,9,-,1,1,10,-,2,2,-,-,-,2,-,19,19,-,-,-,19,-,10,10,-,-,-,10,-,3,3,-,-,-,3,-,13,13,-,1,1,14,-,5,5,-,-,-,5,-,5,5,-,-,-,5,-,8,8,-,-,-,8,-,12,12,-,3,3,15,-,6,6,-,-,-,6,-,4,4,-,-,-,4,-,1,1,-,-,-,1,-,2,2,-,-,-,2,-,3,3,-,-,-,3,-,10,10,-,-,-,10,-,5,5,-,-,-,5,-,9,9,-,-,-,9,132
(40 a 44),-,1,1,-,-,-,1,-,1,1,-,-,-,1,-,4,4,-,-,-,4,-,-,-,-,-,-,-,-,10,10,-,1,1,11,-,4,4,-,1,1,5,-,4,4,-,2,2,6,-,8,8,-,3,3,11,-,3,3,-,-,-,3,-,1,1,-,-,-,1,-,8,8,-,-,-,8,-,3,3,-,1,1,4,-,2,2,-,2,2,4,-,4,4,-,1,1,5,-,-,-,-,-,-,-,-,-,-,-,-,-,-,-,2,2,-,-,-,2,-,3,3,-,1,1,4,-,5,5,-,-,-,5,-,2,2,-,-,-,2,77
(45 a 49),-,1,1,-,-,-,1,-,1,1,-,-,-,1,-,3,3,-,-,-,3,-,2,2,-,-,-,2,-,6,6,-,1,1,7,-,4,4,-,-,-,4,-,3,3,-,-,-,3,-,6,6,-,4,4,10,-,-,-,-,-,-,-,-,4,4,-,-,-,4,-,1,1,-,-,-,1,-,4,4,-,1,1,5,-,3,3,-,2,2,5,-,2,2,-,2,2,4,-,-,-,-,-,-,-,-,1,1,-,-,-,1,-,1,1,-,-,-,1,-,4,4,-,-,-,4,-,2,2,-,-,-,2,-,1,1,-,-,-,1,59
(50 a 54),-,1,1,-,-,-,1,-,-,-,-,-,-,-,-,2,2,-,-,-,2,-,3,3,-,-,-,3,-,7,7,-,1,1,8,-,3,3,-,-,-,3,-,-,-,-,-,-,-,-,6,6,-,-,-,6,-,1,1,-,-,-,1,-,1,1,-,-,-,1,-,3,3,-,-,-,3,-,1,1,-,-,-,1,-,-,-,-,-,-,-,-,2,2,-,1,1,3,-,-,-,-,-,-,-,-,-,-,-,-,-,-,-,2,2,-,-,-,2,-,1,1,-,-,-,1,-,3,3,-,1,1,4,-,-,-,-,-,-,-,39
(55 a 59),-,1,1,-,-,-,1,-,2,2,-,-,-,2,-,-,-,-,-,-,-,-,1,1,-,-,-,1,-,5,5,-,-,-,5,-,2,2,-,-,-,2,-,3,3,-,-,-,3,-,3,3,-,-,-,3,-,1,1,-,-,-,1,-,1,1,-,-,-,1,-,2,2,-,-,-,2,-,-,-,-,-,-,-,-,2,2,-,-,-,2,-,1,1,-,-,-,1,-,-,-,-,-,-,-,-,-,-,-,-,-,-,-,1,1,-,-,-,1,-,2,2,-,-,-,2,-,2,2,-,-,-,2,-,2,2,-,-,-,2,31
(60 a 64),-,-,-,-,-,-,-,-,1,1,-,-,-,1,-,-,-,-,-,-,-,-,-,-,-,-,-,-,-,2,2,-,-,-,2,-,1,1,-,-,-,1,-,-,-,-,-,-,-,-,1,1,-,-,-,1,-,-,-,-,-,-,-,-,-,-,-,-,-,-,-,2,2,-,-,-,2,-,-,-,-,-,-,-,-,-,-,-,-,-,-,-,1,1,-,1,1,2,-,-,-,-,-,-,-,-,-,-,-,-,-,-,-,1,1,-,1,1,2,-,-,-,-,-,-,-,-,-,-,-,1,1,1,-,-,-,-,-,-,-,12
(65 a 69),-,-,-,-,-,-,-,-,-,-,-,-,-,-,-,-,-,-,-,-,-,-,-,-,-,-,-,-,-,1,1,-,-,-,1,-,1,1,-,-,-,1,-,-,-,-,-,-,-,-,-,-,-,-,-,-,-,-,-,-,-,-,-,-,-,-,-,-,-,-,-,1,1,-,1,1,2,-,1,1,-,-,-,1,-,-,-,-,-,-,-,-,-,-,-,1,1,1,-,-,-,-,-,-,-,-,-,-,-,-,-,-,-,1,1,-,-,-,1,-,-,-,-,-,-,-,-,4,4,-,-,-,4,-,-,-,-,-,-,-,11
(70 a 74),-,1,1,-,-,-,1,-,-,-,-,-,-,-,-,-,-,-,-,-,-,-,-,-,-,-,-,-,-,-,-,-,-,-,-,-,-,-,-,-,-,-,-,-,-,-,-,-,-,-,1,1,-,-,-,1,-,1,1,-,-,-,1,-,-,-,-,-,-,-,-,2,2,-,-,-,2,-,-,-,-,-,-,-,-,-,-,-,-,-,-,-,-,-,-,-,-,-,-,-,-,-,-,-,-,-,-,-,-,1,1,1,-,-,-,-,-,-,-,-,-,-,-,-,-,-,-,1,1,-,-,-,1,-,1,1,-,-,-,1,8
(80 y más),-,2,2,-,-,-,2,-,-,-,-,-,-,-,-,-,-,-,-,-,-,-,-,-,-,-,-,-,-,-,-,-,1,1,1,-,-,-,-,-,-,-,-,-,-,-,-,-,-,-,-,-,-,-,-,-,-,-,-,-,-,-,-,-,-,-,-,-,-,-,-,1,1,-,-,-,1,-,-,-,-,-,-,-,-,-,-,-,-,-,-,-,-,-,-,-,-,-,-,-,-,-,-,-,-,-,-,-,-,-,-,-,-,-,-,-,-,-,-,-,-,-,-,-,-,-,-,-,-,-,-,-,-,-,-,-,-,-,-,-,4
TOTAL,1,11,12,-,-,-,12,1,8,9,1,1,2,11,5,70,75,1,7,8,83,-,12,12,1,-,1,13,6,168,174,-,15,15,189,-,51,51,-,3,3,54,-,19,19,-,2,2,21,6,113,119,3,14,17,136,-,35,35,-,2,2,37,1,37,38,-,3,3,41,3,59,62,-,4,4,66,2,61,63,2,7,9,72,1,39,40,1,8,9,49,-,53,53,-,11,11,64,-,1,1,-,-,-,1,-,5,5,-,1,1,6,-,24,24,-,2,2,26,4,50,54,-,3,3,57,4,62,66,-,3,3,69,1,32,33,-,-,-,33,1040
VARIABLE: GRUPO EDAD JUDICIAL,,,,,,,,,,,,,,,,,,,,,,,,,,,,,,,,,,,,,,,,,,,,,,,,,,,,,,,,,,,,,,,,,,,,,,,,,,,,,,,,,,,,,,,,,,,,,,,,,,,,,,,,,,,,,,,,,,,,,,,,,,,,,,,,,,,,,,,,,,,,,
(00 a 04),-,-,-,-,-,-,-,-,-,-,-,-,-,-,-,-,-,-,-,-,-,-,-,-,-,-,-,-,-,-,-,-,-,-,-,-,-,-,-,-,-,-,-,-,-,-,-,-,-,1,-,1,3,-,3,4,-,-,-,-,-,-,-,-,-,-,-,-,-,-,-,-,-,-,-,-,-,1,-,1,-,-,-,1,-,-,-,-,-,-,-,-,-,-,-,-,-,-,-,-,-,-,-,-,-,-,-,-,-,-,-,-,-,-,-,-,-,-,-,-,-,-,-,-,-,-,-,-,-,-,-,-,-,-,-,-,-,-,-,-,5
(05 a 09),-,-,-,-,-,-,-,-,-,-,-,-,-,-,-,-,-,1,-,1,1,-,-,-,-,-,-,-,-,-,-,-,-,-,-,-,-,-,-,-,-,-,-,-,-,-,-,-,-,-,-,-,-,-,-,-,-,-,-,-,-,-,-,-,-,-,-,-,-,-,-,-,-,-,-,-,-,-,-,-,-,-,-,-,-,-,-,-,-,-,-,-,-,-,-,-,-,-,-,-,-,-,-,-,-,-,-,-,-,-,-,-,-,-,-,-,-,-,-,-,-,-,-,-,-,-,-,-,-,-,-,-,-,-,-,-,-,-,-,-,1
(14 a 17),1,-,1,-,-,-,1,1,-,1,1,-,1,2,5,-,5,-,-,-,5,-,-,-,1,-,1,1,6,-,6,-,-,-,6,-,-,-,-,-,-,-,-,-,-,-,-,-,-,5,-,5,-,-,-,5,-,-,-,-,-,-,-,1,-,1,-,-,-,1,3,-,3,-,-,-,3,1,-,1,2,-,2,3,1,-,1,1,-,1,2,-,-,-,-,-,-,-,-,-,-,-,-,-,-,-,-,-,-,-,-,-,-,-,-,-,-,-,-,4,-,4,-,-,-,4,4,-,4,-,-,-,4,1,-,1,-,-,-,1,38
(18 a 19),-,-,-,-,-,-,-,-,-,-,-,-,-,-,-,7,7,-,-,-,7,-,1,1,-,-,-,1,-,4,4,-,2,2,6,-,3,3,-,1,1,4,-,-,-,-,-,-,-,-,8,8,-,-,-,8,-,2,2,-,-,-,2,-,-,-,-,1,1,1,-,1,1,-,-,-,1,-,3,3,-,-,-,3,-,1,1,-,-,-,1,-,2,2,-,1,1,3,-,-,-,-,-,-,-,-,1,1,-,-,-,1,-,2,2,-,-,-,2,-,3,3,-,-,-,3,-,4,4,-,-,-,4,-,1,1,-,-,-,1,48
(20 a 24),-,1,1,-,-,-,1,-,-,-,-,-,-,-,-,18,18,-,2,2,20,-,2,2,-,-,-,2,-,44,44,-,7,7,51,-,8,8,-,1,1,9,-,1,1,-,-,-,1,-,22,22,-,2,2,24,-,8,8,-,2,2,10,-,6,6,-,2,2,8,-,9,9,-,1,1,10,-,15,15,-,2,2,17,-,7,7,-,2,2,9,-,14,14,-,1,1,15,-,-,-,-,-,-,-,-,1,1,-,-,-,1,-,5,5,-,-,-,5,-,14,14,-,-,-,14,-,17,17,-,-,-,17,-,4,4,-,-,-,4,218
(25 a 28),-,1,1,-,-,-,1,-,2,2,-,-,-,2,-,12,12,-,3,3,15,-,-,-,-,-,-,-,-,38,38,-,-,-,38,-,6,6,-,-,-,6,-,3,3,-,-,-,3,-,22,22,-,2,2,24,-,6,6,-,-,-,6,-,7,7,-,-,-,7,-,7,7,-,1,1,8,-,9,9,-,-,-,9,-,7,7,-,1,1,8,-,9,9,-,2,2,11,-,-,-,-,-,-,-,-,-,-,-,-,-,-,-,5,5,-,-,-,5,-,6,6,-,1,1,7,-,10,10,-,-,-,10,-,6,6,-,-,-,6,166
(29 a 34),-,1,1,-,-,-,1,-,1,1,-,1,1,2,-,15,15,-,1,1,16,-,1,1,-,-,-,1,-,32,32,-,2,2,34,-,9,9,-,-,-,9,-,2,2,-,-,-,2,-,23,23,-,2,2,25,-,8,8,-,-,-,8,-,12,12,-,-,-,12,-,14,14,-,1,1,15,-,13,13,-,-,-,13,-,11,11,-,1,1,12,-,14,14,-,1,1,15,-,-,-,-,-,-,-,-,-,-,-,-,-,-,-,1,1,-,1,1,2,-,7,7,-,1,1,8,-,9,9,-,1,1,10,-,6,6,-,-,-,6,191
(35 a 39),-,1,1,-,-,-,1,-,-,-,-,-,-,-,-,9,9,-,1,1,10,-,2,2,-,-,-,2,-,19,19,-,-,-,19,-,10,10,-,-,-,10,-,3,3,-,-,-,3,-,13,13,-,1,1,14,-,5,5,-,-,-,5,-,5,5,-,-,-,5,-,8,8,-,-,-,8,-,12,12,-,3,3,15,-,6,6,-,-,-,6,-,4,4,-,-,-,4,-,1,1,-,-,-,1,-,2,2,-,-,-,2,-,3,3,-,-,-,3,-,10,10,-,-,-,10,-,5,5,-,-,-,5,-,9,9,-,-,-,9,132
(40 a 44),-,1,1,-,-,-,1,-,1,1,-,-,-,1,-,4,4,-,-,-,4,-,-,-,-,-,-,-,-,10,10,-,1,1,11,-,4,4,-,1,1,5,-,4,4,-,2,2,6,-,8,8,-,3,3,11,-,3,3,-,-,-,3,-,1,1,-,-,-,1,-,8,8,-,-,-,8,-,3,3,-,1,1,4,-,2,2,-,2,2,4,-,4,4,-,1,1,5,-,-,-,-,-,-,-,-,-,-,-,-,-,-,-,2,2,-,-,-,2,-,3,3,-,1,1,4,-,5,5,-,-,-,5,-,2,2,-,-,-,2,77
(45 a 49),-,1,1,-,-,-,1,-,1,1,-,-,-,1,-,3,3,-,-,-,3,-,2,2,-,-,-,2,-,6,6,-,1,1,7,-,4,4,-,-,-,4,-,3,3,-,-,-,3,-,6,6,-,4,4,10,-,-,-,-,-,-,-,-,4,4,-,-,-,4,-,1,1,-,-,-,1,-,4,4,-,1,1,5,-,3,3,-,2,2,5,-,2,2,-,2,2,4,-,-,-,-,-,-,-,-,1,1,-,-,-,1,-,1,1,-,-,-,1,-,4,4,-,-,-,4,-,2,2,-,-,-,2,-,1,1,-,-,-,1,59
(50 a 54),-,1,1,-,-,-,1,-,-,-,-,-,-,-,-,2,2,-,-,-,2,-,3,3,-,-,-,3,-,7,7,-,1,1,8,-,3,3,-,-,-,3,-,-,-,-,-,-,-,-,6,6,-,-,-,6,-,1,1,-,-,-,1,-,1,1,-,-,-,1,-,3,3,-,-,-,3,-,1,1,-,-,-,1,-,-,-,-,-,-,-,-,2,2,-,1,1,3,-,-,-,-,-,-,-,-,-,-,-,-,-,-,-,2,2,-,-,-,2,-,1,1,-,-,-,1,-,3,3,-,1,1,4,-,-,-,-,-,-,-,39
(55 a 59),-,1,1,-,-,-,1,-,2,2,-,-,-,2,-,-,-,-,-,-,-,-,1,1,-,-,-,1,-,5,5,-,-,-,5,-,2,2,-,-,-,2,-,3,3,-,-,-,3,-,3,3,-,-,-,3,-,1,1,-,-,-,1,-,1,1,-,-,-,1,-,2,2,-,-,-,2,-,-,-,-,-,-,-,-,2,2,-,-,-,2,-,1,1,-,-,-,1,-,-,-,-,-,-,-,-,-,-,-,-,-,-,-,1,1,-,-,-,1,-,2,2,-,-,-,2,-,2,2,-,-,-,2,-,2,2,-,-,-,2,31
(60 a 64),-,-,-,-,-,-,-,-,1,1,-,-,-,1,-,-,-,-,-,-,-,-,-,-,-,-,-,-,-,2,2,-,-,-,2,-,1,1,-,-,-,1,-,-,-,-,-,-,-,-,1,1,-,-,-,1,-,-,-,-,-,-,-,-,-,-,-,-,-,-,-,2,2,-,-,-,2,-,-,-,-,-,-,-,-,-,-,-,-,-,-,-,1,1,-,1,1,2,-,-,-,-,-,-,-,-,-,-,-,-,-,-,-,1,1,-,1,1,2,-,-,-,-,-,-,-,-,-,-,-,1,1,1,-,-,-,-,-,-,-,12
(65 a 69),-,-,-,-,-,-,-,-,-,-,-,-,-,-,-,-,-,-,-,-,-,-,-,-,-,-,-,-,-,1,1,-,-,-,1,-,1,1,-,-,-,1,-,-,-,-,-,-,-,-,-,-,-,-,-,-,-,-,-,-,-,-,-,-,-,-,-,-,-,-,-,1,1,-,1,1,2,-,1,1,-,-,-,1,-,-,-,-,-,-,-,-,-,-,-,1,1,1,-,-,-,-,-,-,-,-,-,-,-,-,-,-,-,1,1,-,-,-,1,-,-,-,-,-,-,-,-,4,4,-,-,-,4,-,-,-,-,-,-,-,11
(70 a 74),-,1,1,-,-,-,1,-,-,-,-,-,-,-,-,-,-,-,-,-,-,-,-,-,-,-,-,-,-,-,-,-,-,-,-,-,-,-,-,-,-,-,-,-,-,-,-,-,-,-,1,1,-,-,-,1,-,1,1,-,-,-,1,-,-,-,-,-,-,-,-,2,2,-,-,-,2,-,-,-,-,-,-,-,-,-,-,-,-,-,-,-,-,-,-,-,-,-,-,-,-,-,-,-,-,-,-,-,-,1,1,1,-,-,-,-,-,-,-,-,-,-,-,-,-,-,-,1,1,-,-,-,1,-,1,1,-,-,-,1,8
(80 y más),-,2,2,-,-,-,2,-,-,-,-,-,-,-,-,-,-,-,-,-,-,-,-,-,-,-,-,-,-,-,-,-,1,1,1,-,-,-,-,-,-,-,-,-,-,-,-,-,-,-,-,-,-,-,-,-,-,-,-,-,-,-,-,-,-,-,-,-,-,-,-,1,1,-,-,-,1,-,-,-,-,-,-,-,-,-,-,-,-,-,-,-,-,-,-,-,-,-,-,-,-,-,-,-,-,-,-,-,-,-,-,-,-,-,-,-,-,-,-,-,-,-,-,-,-,-,-,-,-,-,-,-,-,-,-,-,-,-,-,-,4
TOTAL,1,11,12,-,-,-,12,1,8,9,1,1,2,11,5,70,75,1,7,8,83,-,12,12,1,-,1,13,6,168,174,-,15,15,189,-,51,51,-,3,3,54,-,19,19,-,2,2,21,6,113,119,3,14,17,136,-,35,35,-,2,2,37,1,37,38,-,3,3,41,3,59,62,-,4,4,66,2,61,63,2,7,9,72,1,39,40,1,8,9,49,-,53,53,-,11,11,64,-,1,1,-,-,-,1,-,5,5,-,1,1,6,-,24,24,-,2,2,26,4,50,54,-,3,3,57,4,62,66,-,3,3,69,1,32,33,-,-,-,33,1040
VARIABLE: CICLO VITAL,,,,,,,,,,,,,,,,,,,,,,,,,,,,,,,,,,,,,,,,,,,,,,,,,,,,,,,,,,,,,,,,,,,,,,,,,,,,,,,,,,,,,,,,,,,,,,,,,,,,,,,,,,,,,,,,,,,,,,,,,,,,,,,,,,,,,,,,,,,,,
(00 a 05) Primera Infancia,-,-,-,-,-,-,-,-,-,-,-,-,-,-,-,-,-,-,-,-,-,-,-,-,-,-,-,-,-,-,-,-,-,-,-,-,-,-,-,-,-,-,-,-,-,-,-,-,-,1,-,1,3,-,3,4,-,-,-,-,-,-,-,-,-,-,-,-,-,-,-,-,-,-,-,-,-,1,-,1,-,-,-,1,-,-,-,-,-,-,-,-,-,-,-,-,-,-,-,-,-,-,-,-,-,-,-,-,-,-,-,-,-,-,-,-,-,-,-,-,-,-,-,-,-,-,-,-,-,-,-,-,-,-,-,-,-,-,-,-,5
(06 a 11) Infancia,-,-,-,-,-,-,-,-,-,-,-,-,-,-,-,-,-,1,-,1,1,-,-,-,-,-,-,-,-,-,-,-,-,-,-,-,-,-,-,-,-,-,-,-,-,-,-,-,-,-,-,-,-,-,-,-,-,-,-,-,-,-,-,-,-,-,-,-,-,-,-,-,-,-,-,-,-,-,-,-,-,-,-,-,-,-,-,-,-,-,-,-,-,-,-,-,-,-,-,-,-,-,-,-,-,-,-,-,-,-,-,-,-,-,-,-,-,-,-,-,-,-,-,-,-,-,-,-,-,-,-,-,-,-,-,-,-,-,-,-,1
(12 a 17) Adolescencia,1,-,1,-,-,-,1,1,-,1,1,-,1,2,5,-,5,-,-,-,5,-,-,-,1,-,1,1,6,-,6,-,-,-,6,-,-,-,-,-,-,-,-,-,-,-,-,-,-,5,-,5,-,-,-,5,-,-,-,-,-,-,-,1,-,1,-,-,-,1,3,-,3,-,-,-,3,1,-,1,2,-,2,3,1,-,1,1,-,1,2,-,-,-,-,-,-,-,-,-,-,-,-,-,-,-,-,-,-,-,-,-,-,-,-,-,-,-,-,4,-,4,-,-,-,4,4,-,4,-,-,-,4,1,-,1,-,-,-,1,38
(18 a 28) Juventud,-,2,2,-,-,-,2,-,2,2,-,-,-,2,-,37,37,-,5,5,42,-,3,3,-,-,-,3,-,86,86,-,9,9,95,-,17,17,-,2,2,19,-,4,4,-,-,-,4,-,52,52,-,4,4,56,-,16,16,-,2,2,18,-,13,13,-,3,3,16,-,17,17,-,2,2,19,-,27,27,-,2,2,29,-,15,15,-,3,3,18,-,25,25,-,4,4,29,-,-,-,-,-,-,-,-,2,2,-,-,-,2,-,12,12,-,-,-,12,-,23,23,-,1,1,24,-,31,31,-,-,-,31,-,11,11,-,-,-,11,432
(29 a 59) Adultez,-,6,6,-,-,-,6,-,5,5,-,1,1,6,-,33,33,-,2,2,35,-,9,9,-,-,-,9,-,79,79,-,5,5,84,-,32,32,-,1,1,33,-,15,15,-,2,2,17,-,59,59,-,10,10,69,-,18,18,-,-,-,18,-,24,24,-,-,-,24,-,36,36,-,1,1,37,-,33,33,-,5,5,38,-,24,24,-,5,5,29,-,27,27,-,5,5,32,-,1,1,-,-,-,1,-,3,3,-,-,-,3,-,10,10,-,1,1,11,-,27,27,-,2,2,29,-,26,26,-,2,2,28,-,20,20,-,-,-,20,529
(Más de 60) Adulto Mayor,-,3,3,-,-,-,3,-,1,1,-,-,-,1,-,-,-,-,-,-,-,-,-,-,-,-,-,-,-,3,3,-,1,1,4,-,2,2,-,-,-,2,-,-,-,-,-,-,-,-,2,2,-,-,-,2,-,1,1,-,-,-,1,-,-,-,-,-,-,-,-,6,6,-,1,1,7,-,1,1,-,-,-,1,-,-,-,-,-,-,-,-,1,1,-,2,2,3,-,-,-,-,-,-,-,-,-,-,-,1,1,1,-,2,2,-,1,1,3,-,-,-,-,-,-,-,-,5,5,-,1,1,6,-,1,1,-,-,-,1,35
TOTAL,1,11,12,-,-,-,12,1,8,9,1,1,2,11,5,70,75,1,7,8,83,-,12,12,1,-,1,13,6,168,174,-,15,15,189,-,51,51,-,3,3,54,-,19,19,-,2,2,21,6,113,119,3,14,17,136,-,35,35,-,2,2,37,1,37,38,-,3,3,41,3,59,62,-,4,4,66,2,61,63,2,7,9,72,1,39,40,1,8,9,49,-,53,53,-,11,11,64,-,1,1,-,-,-,1,-,5,5,-,1,1,6,-,24,24,-,2,2,26,4,50,54,-,3,3,57,4,62,66,-,3,3,69,1,32,33,-,-,-,33,1040
VARIABLE: ESCOLARIDAD,,,,,,,,,,,,,,,,,,,,,,,,,,,,,,,,,,,,,,,,,,,,,,,,,,,,,,,,,,,,,,,,,,,,,,,,,,,,,,,,,,,,,,,,,,,,,,,,,,,,,,,,,,,,,,,,,,,,,,,,,,,,,,,,,,,,,,,,,,,,,
Educación inicial y educación preescolar,-,-,-,-,-,-,-,-,-,-,-,-,-,-,-,5,5,-,-,-,5,-,3,3,-,-,-,3,-,9,9,-,-,-,9,-,1,1,-,-,-,1,-,-,-,-,-,-,-,-,6,6,1,-,1,7,-,2,2,-,-,-,2,-,3,3,-,-,-,3,-,2,2,-,1,1,3,-,5,5,-,-,-,5,-,5,5,-,1,1,6,-,7,7,-,-,-,7,-,-,-,-,-,-,-,-,1,1,-,-,-,1,-,2,2,-,-,-,2,-,5,5,-,1,1,6,-,8,8,-,-,-,8,-,2,2,-,-,-,2,70
Educación básica primaria,-,5,5,-,-,-,5,-,3,3,1,-,1,4,3,24,27,-,-,-,27,-,2,2,1,-,1,3,4,77,81,-,3,3,84,-,16,16,-,2,2,18,-,6,6,-,-,-,6,5,39,44,-,6,6,50,-,9,9,-,-,-,9,1,13,14,-,1,1,15,2,27,29,-,1,1,30,1,21,22,1,3,4,26,1,9,10,1,6,7,17,-,19,19,-,3,3,22,-,1,1,-,-,-,1,-,1,1,-,-,-,1,-,7,7,-,-,-,7,3,15,18,-,-,-,18,2,24,26,-,2,2,28,1,9,10,-,-,-,10,381
Educación básica secundaria o secundaria baja,-,1,1,-,-,-,1,1,1,2,-,-,-,2,1,4,5,-,1,1,6,-,-,-,-,-,-,-,1,10,11,-,-,-,11,-,4,4,-,-,-,4,-,2,2,-,-,-,2,-,6,6,-,1,1,7,-,2,2,-,-,-,2,-,4,4,-,-,-,4,1,5,6,-,-,-,6,-,7,7,-,-,-,7,-,9,9,-,-,-,9,-,3,3,-,-,-,3,-,-,-,-,-,-,-,-,-,-,-,-,-,-,-,2,2,-,-,-,2,-,6,6,-,-,-,6,1,5,6,-,-,-,6,-,3,3,-,-,-,3,81
Educación media o secundaria alta,-,2,2,-,-,-,2,-,3,3,-,1,1,4,1,27,28,-,4,4,32,-,3,3,-,-,-,3,1,52,53,-,6,6,59,-,22,22,-,1,1,23,-,6,6,-,1,1,7,-,35,35,-,5,5,40,-,11,11,-,-,-,11,-,12,12,-,1,1,13,-,20,20,-,2,2,22,-,26,26,1,2,3,29,-,10,10,-,-,-,10,-,19,19,-,8,8,27,-,-,-,-,-,-,-,-,2,2,-,-,-,2,-,7,7,-,2,2,9,-,17,17,-,2,2,19,1,19,20,-,-,-,20,-,9,9,-,-,-,9,341
Educación técnica profesional y tecnológica,-,1,1,-,-,-,1,-,-,-,-,-,-,-,-,1,1,-,1,1,2,-,1,1,-,-,-,1,-,2,2,-,-,-,2,-,2,2,-,-,-,2,-,-,-,-,-,-,-,-,2,2,-,-,-,2,-,1,1,-,-,-,1,-,-,-,-,-,-,-,-,-,-,-,-,-,-,-,-,-,-,1,1,1,-,2,2,-,-,-,2,-,1,1,-,-,-,1,-,-,-,-,-,-,-,-,-,-,-,-,-,-,-,1,1,-,-,-,1,-,3,3,-,-,-,3,-,-,-,-,-,-,-,-,-,-,-,-,-,-,19
Universitario,-,-,-,-,-,-,-,-,-,-,-,-,-,-,-,-,-,-,-,-,-,-,-,-,-,-,-,-,-,-,-,-,-,-,-,-,-,-,-,-,-,-,-,-,-,-,-,-,-,-,-,-,-,-,-,-,-,1,1,-,-,-,1,-,-,-,-,-,-,-,-,-,-,-,-,-,-,-,-,-,-,-,-,-,-,1,1,-,-,-,1,-,-,-,-,-,-,-,-,-,-,-,-,-,-,-,-,-,-,1,1,1,-,-,-,-,-,-,-,-,-,-,-,-,-,-,-,-,-,-,-,-,-,-,-,-,-,-,-,-,3
Sin escolaridad,-,1,1,-,-,-,1,-,-,-,-,-,-,-,-,1,1,-,-,-,1,-,-,-,-,-,-,-,-,1,1,-,-,-,1,-,1,1,-,-,-,1,-,-,-,-,-,-,-,1,1,2,2,-,2,4,-,-,-,-,-,-,-,-,-,-,-,-,-,-,-,1,1,-,-,-,1,1,-,1,-,-,-,1,-,-,-,-,-,-,-,-,-,-,-,-,-,-,-,-,-,-,-,-,-,-,-,-,-,-,-,-,-,1,1,-,-,-,1,-,-,-,-,-,-,-,-,-,-,-,-,-,-,-,1,1,-,-,-,1,12
Sin información,1,1,2,-,-,-,2,-,1,1,-,-,-,1,-,8,8,1,1,2,10,-,3,3,-,-,-,3,-,17,17,-,6,6,23,-,5,5,-,-,-,5,-,5,5,-,1,1,6,-,24,24,-,2,2,26,-,9,9,-,2,2,11,-,5,5,-,1,1,6,-,4,4,-,-,-,4,-,2,2,-,1,1,3,-,3,3,-,1,1,4,-,4,4,-,-,-,4,-,-,-,-,-,-,-,-,1,1,-,-,-,1,-,4,4,-,-,-,4,1,4,5,-,-,-,5,-,6,6,-,1,1,7,-,8,8,-,-,-,8,133
TOTAL,1,11,12,-,-,-,12,1,8,9,1,1,2,11,5,70,75,1,7,8,83,-,12,12,1,-,1,13,6,168,174,-,15,15,189,-,51,51,-,3,3,54,-,19,19,-,2,2,21,6,113,119,3,14,17,136,-,35,35,-,2,2,37,1,37,38,-,3,3,41,3,59,62,-,4,4,66,2,61,63,2,7,9,72,1,39,40,1,8,9,49,-,53,53,-,11,11,64,-,1,1,-,-,-,1,-,5,5,-,1,1,6,-,24,24,-,2,2,26,4,50,54,-,3,3,57,4,62,66,-,3,3,69,1,32,33,-,-,-,33,1040
VARIABLE: ESTADO CIVIL,,,,,,,,,,,,,,,,,,,,,,,,,,,,,,,,,,,,,,,,,,,,,,,,,,,,,,,,,,,,,,,,,,,,,,,,,,,,,,,,,,,,,,,,,,,,,,,,,,,,,,,,,,,,,,,,,,,,,,,,,,,,,,,,,,,,,,,,,,,,,
Soltero(a),1,5,6,-,-,-,6,1,6,7,1,1,2,9,4,40,44,-,4,4,48,-,4,4,-,-,-,4,5,90,95,-,9,9,104,-,31,31,-,2,2,33,-,7,7,-,2,2,9,5,58,63,-,8,8,71,-,16,16,-,1,1,17,1,18,19,-,3,3,22,3,28,31,-,4,4,35,1,23,24,2,4,6,30,1,15,16,1,6,7,23,-,29,29,-,6,6,35,-,1,1,-,-,-,1,-,3,3,-,-,-,3,-,13,13,-,-,-,13,2,24,26,-,2,2,28,4,31,35,-,1,1,36,1,17,18,-,-,-,18,545
Unión libre,-,4,4,-,-,-,4,-,-,-,-,-,-,-,1,22,23,-,1,1,24,-,3,3,-,-,-,3,1,55,56,-,4,4,60,-,10,10,-,1,1,11,-,7,7,-,-,-,7,-,36,36,-,4,4,40,-,7,7,-,-,-,7,-,13,13,-,-,-,13,-,21,21,-,-,-,21,-,32,32,-,1,1,33,-,19,19,-,1,1,20,-,21,21,-,4,4,25,-,-,-,-,-,-,-,-,-,-,-,1,1,1,-,7,7,-,-,-,7,2,21,23,-,1,1,24,-,23,23,-,2,2,25,-,9,9,-,-,-,9,334
Casado(a),-,2,2,-,-,-,2,-,1,1,-,-,-,1,-,3,3,-,-,-,3,-,1,1,-,-,-,1,-,10,10,-,-,-,10,-,5,5,-,-,-,5,-,2,2,-,-,-,2,-,6,6,-,-,-,6,-,4,4,-,-,-,4,-,2,2,-,-,-,2,-,7,7,-,-,-,7,-,4,4,-,2,2,6,-,3,3,-,-,-,3,-,1,1,-,-,-,1,-,-,-,-,-,-,-,-,1,1,-,-,-,1,-,2,2,-,-,-,2,-,2,2,-,-,-,2,-,3,3,-,-,-,3,-,-,-,-,-,-,-,61
"Separado(a), divorciado(a)",-,-,-,-,-,-,-,-,-,-,-,-,-,-,-,2,2,-,1,1,3,-,1,1,-,-,-,1,-,5,5,-,-,-,5,-,2,2,-,-,-,2,-,1,1,-,-,-,1,-,2,2,-,-,-,2,-,2,2,-,-,-,2,-,2,2,-,-,-,2,-,2,2,-,-,-,2,-,-,-,-,-,-,-,-,1,1,-,-,-,1,-,1,1,-,-,-,1,-,-,-,-,-,-,-,-,-,-,-,-,-,-,-,-,-,-,1,1,1,-,1,1,-,-,-,1,-,2,2,-,-,-,2,-,2,2,-,-,-,2,28
Viudo(a),-,-,-,-,-,-,-,-,-,-,-,-,-,-,-,-,-,-,-,-,-,-,-,-,-,-,-,-,-,-,-,-,1,1,1,-,-,-,-,-,-,-,-,-,-,-,-,-,-,-,-,-,-,1,1,1,-,-,-,-,-,-,-,-,-,-,-,-,-,-,-,-,-,-,-,-,-,-,1,1,-,-,-,1,-,-,-,-,-,-,-,-,-,-,-,1,1,1,-,-,-,-,-,-,-,-,-,-,-,-,-,-,-,-,-,-,1,1,1,-,-,-,-,-,-,-,-,1,1,-,-,-,1,-,-,-,-,-,-,-,6
No aplica,-,-,-,-,-,-,-,-,-,-,-,-,-,-,-,-,-,1,-,1,1,-,-,-,-,-,-,-,-,-,-,-,-,-,-,-,-,-,-,-,-,-,-,-,-,-,-,-,-,1,-,1,3,-,3,4,-,-,-,-,-,-,-,-,-,-,-,-,-,-,-,-,-,-,-,-,-,1,-,1,-,-,-,1,-,-,-,-,-,-,-,-,-,-,-,-,-,-,-,-,-,-,-,-,-,-,-,-,-,-,-,-,-,-,-,-,-,-,-,-,-,-,-,-,-,-,-,-,-,-,-,-,-,-,-,-,-,-,-,-,6
Sin información,-,-,-,-,-,-,-,-,1,1,-,-,-,1,-,3,3,-,1,1,4,-,3,3,1,-,1,4,-,8,8,-,1,1,9,-,3,3,-,-,-,3,-,2,2,-,-,-,2,-,11,11,-,1,1,12,-,6,6,-,1,1,7,-,2,2,-,-,-,2,-,1,1,-,-,-,1,-,1,1,-,-,-,1,-,1,1,-,1,1,2,-,1,1,-,-,-,1,-,-,-,-,-,-,-,-,1,1,-,-,-,1,-,2,2,-,-,-,2,-,2,2,-,-,-,2,-,2,2,-,-,-,2,-,4,4,-,-,-,4,60
TOTAL,1,11,12,-,-,-,12,1,8,9,1,1,2,11,5,70,75,1,7,8,83,-,12,12,1,-,1,13,6,168,174,-,15,15,189,-,51,51,-,3,3,54,-,19,19,-,2,2,21,6,113,119,3,14,17,136,-,35,35,-,2,2,37,1,37,38,-,3,3,41,3,59,62,-,4,4,66,2,61,63,2,7,9,72,1,39,40,1,8,9,49,-,53,53,-,11,11,64,-,1,1,-,-,-,1,-,5,5,-,1,1,6,-,24,24,-,2,2,26,4,50,54,-,3,3,57,4,62,66,-,3,3,69,1,32,33,-,-,-,33,1040
VARIABLE: FACTOR DE VULNERABILIDAD,,,,,,,,,,,,,,,,,,,,,,,,,,,,,,,,,,,,,,,,,,,,,,,,,,,,,,,,,,,,,,,,,,,,,,,,,,,,,,,,,,,,,,,,,,,,,,,,,,,,,,,,,,,,,,,,,,,,,,,,,,,,,,,,,,,,,,,,,,,,,
Campesinos (as) y/o trabajadores (as) del campo,-,-,-,-,-,-,-,-,-,-,-,-,-,-,-,-,-,-,-,-,-,-,-,-,-,-,-,-,-,-,-,-,-,-,-,-,-,-,-,-,-,-,-,-,-,-,-,-,-,-,-,-,-,-,-,-,-,-,-,-,-,-,-,-,-,-,-,-,-,-,-,-,-,-,-,-,-,-,-,-,-,-,-,-,-,-,-,-,-,-,-,-,-,-,-,-,-,-,-,-,-,-,-,-,-,-,-,-,-,-,-,-,-,-,-,-,-,-,-,-,1,1,-,-,-,1,-,-,-,-,-,-,-,-,-,-,-,-,-,-,1
Comunidad LGBT,-,-,-,-,-,-,-,-,-,-,-,-,-,-,-,-,-,-,-,-,-,-,-,-,-,-,-,-,-,-,-,-,-,-,-,-,1,1,-,-,-,1,-,-,-,-,-,-,-,-,-,-,-,-,-,-,-,-,-,-,-,-,-,-,-,-,-,-,-,-,-,-,-,-,-,-,-,-,-,-,-,-,-,-,-,-,-,-,-,-,-,-,-,-,-,-,-,-,-,-,-,-,-,-,-,-,-,-,-,-,-,-,-,-,-,-,-,-,-,-,1,1,-,-,-,1,-,-,-,-,-,-,-,-,-,-,-,-,-,-,2
Discapacitados,-,-,-,-,-,-,-,-,-,-,-,-,-,-,-,-,-,-,-,-,-,-,-,-,-,-,-,-,-,-,-,-,-,-,-,-,-,-,-,-,-,-,-,-,-,-,-,-,-,-,-,-,-,-,-,-,-,-,-,-,-,-,-,-,-,-,-,-,-,-,-,-,-,-,-,-,-,-,-,-,-,-,-,-,-,-,-,-,-,-,-,-,-,-,-,1,1,1,-,-,-,-,-,-,-,-,-,-,-,-,-,-,-,-,-,-,-,-,-,-,-,-,-,-,-,-,-,-,-,-,-,-,-,-,-,-,-,-,-,-,1
Grupos étnicos,-,-,-,-,-,-,-,-,-,-,-,-,-,-,-,-,-,-,-,-,-,-,-,-,-,-,-,-,-,4,4,-,-,-,4,-,-,-,-,-,-,-,-,-,-,-,-,-,-,-,-,-,-,-,-,-,-,-,-,-,-,-,-,-,-,-,-,-,-,-,-,-,-,-,-,-,-,-,-,-,-,-,-,-,-,-,-,-,-,-,-,-,-,-,-,-,-,-,-,-,-,-,-,-,-,-,-,-,-,-,-,-,-,-,-,-,-,-,-,-,-,-,-,-,-,-,-,-,-,-,-,-,-,-,-,-,-,-,-,-,4
Herido y/o enfermo bajo protección sanitaria o médica,-,-,-,-,-,-,-,-,-,-,-,-,-,-,-,-,-,-,-,-,-,-,-,-,-,-,-,-,-,-,-,-,-,-,-,-,-,-,-,-,-,-,-,-,-,-,-,-,-,-,-,-,-,-,-,-,-,-,-,-,-,-,-,-,-,-,-,-,-,-,-,-,-,-,-,-,-,-,1,1,-,-,-,1,-,-,-,-,-,-,-,-,-,-,-,-,-,-,-,-,-,-,-,-,-,-,-,-,-,-,-,-,-,-,-,-,-,-,-,-,-,-,-,-,-,-,-,-,-,-,-,-,-,-,-,-,-,-,-,-,1
Persona adicta a una droga natural o sintética,-,1,1,-,-,-,1,-,1,1,-,-,-,1,-,11,11,-,1,1,12,-,3,3,-,-,-,3,-,28,28,-,-,-,28,-,-,-,-,-,-,-,-,-,-,-,-,-,-,-,7,7,-,-,-,7,-,3,3,-,-,-,3,-,5,5,-,-,-,5,-,5,5,-,-,-,5,-,6,6,-,-,-,6,-,1,1,-,1,1,2,-,7,7,-,-,-,7,-,-,-,-,-,-,-,-,-,-,-,-,-,-,-,1,1,-,-,-,1,1,6,7,-,1,1,8,1,8,9,-,-,-,9,-,5,5,-,-,-,5,103
Persona en condición de desplazamiento,-,-,-,-,-,-,-,-,-,-,-,-,-,-,-,2,2,-,-,-,2,-,-,-,-,-,-,-,-,1,1,-,1,1,2,-,2,2,-,-,-,2,-,-,-,-,-,-,-,1,3,4,-,-,-,4,-,1,1,-,-,-,1,-,-,-,-,-,-,-,-,2,2,-,-,-,2,-,1,1,-,-,-,1,-,-,-,-,-,-,-,-,1,1,-,1,1,2,-,-,-,-,-,-,-,-,-,-,-,-,-,-,-,1,1,-,-,-,1,-,-,-,-,-,-,-,-,-,-,-,-,-,-,-,-,-,-,-,-,-,17
Persona habitante de la calle,-,-,-,-,-,-,-,-,-,-,-,-,-,-,-,-,-,-,1,1,1,-,1,1,-,-,-,1,-,3,3,-,-,-,3,-,1,1,-,-,-,1,-,2,2,-,-,-,2,-,2,2,-,-,-,2,-,4,4,-,-,-,4,-,2,2,-,1,1,3,-,2,2,-,-,-,2,-,2,2,-,-,-,2,-,1,1,-,-,-,1,-,-,-,-,-,-,-,-,-,-,-,-,-,-,-,-,-,-,-,-,-,-,-,-,-,-,-,-,-,2,2,-,-,-,2,-,-,-,-,-,-,-,-,1,1,-,-,-,1,25
Personas bajo custodia,-,-,-,-,-,-,-,-,-,-,-,-,-,-,-,2,2,-,-,-,2,-,-,-,-,-,-,-,-,-,-,-,-,-,-,-,-,-,-,-,-,-,-,-,-,-,-,-,-,-,1,1,-,-,-,1,-,1,1,-,-,-,1,-,10,10,-,-,-,10,-,-,-,-,-,-,-,-,1,1,-,-,-,1,-,1,1,-,-,-,1,-,1,1,-,-,-,1,-,-,-,-,-,-,-,-,-,-,-,-,-,-,-,-,-,-,-,-,-,-,-,-,-,-,-,-,-,1,1,-,-,-,1,-,-,-,-,-,-,-,18
Personas en situación de prostitución,-,-,-,-,-,-,-,-,-,-,-,-,-,-,-,-,-,-,-,-,-,-,-,-,-,-,-,-,-,-,-,-,-,-,-,-,-,-,-,-,-,-,-,-,-,-,-,-,-,-,-,-,-,-,-,-,-,-,-,-,-,-,-,-,-,-,-,-,-,-,-,-,-,-,-,-,-,-,-,-,-,-,-,-,-,1,1,-,1,1,2,-,-,-,-,-,-,-,-,-,-,-,-,-,-,-,-,-,-,-,-,-,-,-,-,-,-,-,-,-,-,-,-,-,-,-,-,-,-,-,-,-,-,-,-,-,-,-,-,-,2
Personas que ejercen actividades relacionadas con la salud en zonas de conflicto,-,-,-,-,-,-,-,-,-,-,-,-,-,-,-,-,-,-,1,1,1,-,-,-,-,-,-,-,-,-,-,-,-,-,-,-,-,-,-,-,-,-,-,-,-,-,-,-,-,-,-,-,-,-,-,-,-,-,-,-,-,-,-,-,-,-,-,-,-,-,-,-,-,-,-,-,-,-,-,-,-,-,-,-,-,-,-,-,-,-,-,-,-,-,-,-,-,-,-,-,-,-,-,-,-,-,-,-,-,-,-,-,-,-,-,-,-,-,-,-,-,-,-,-,-,-,-,-,-,-,-,-,-,-,-,-,-,-,-,-,1
Presunto colaborador de grupo ilegal,-,-,-,-,-,-,-,-,-,-,-,-,-,-,-,-,-,-,-,-,-,-,-,-,-,-,-,-,-,1,1,-,-,-,1,-,-,-,-,-,-,-,-,-,-,-,-,-,-,-,-,-,-,-,-,-,-,-,-,-,-,-,-,-,-,-,-,-,-,-,-,-,-,-,-,-,-,-,-,-,-,-,-,-,-,-,-,-,-,-,-,-,-,-,-,-,-,-,-,-,-,-,-,-,-,-,-,-,-,-,-,-,-,-,-,-,-,-,-,-,-,-,-,-,-,-,-,-,-,-,-,-,-,-,-,-,-,-,-,-,1
Recicladores,-,-,-,-,-,-,-,-,-,-,-,-,-,-,-,-,-,-,-,-,-,-,1,1,-,-,-,1,-,2,2,-,-,-,2,-,1,1,-,-,-,1,-,-,-,-,-,-,-,-,1,1,-,-,-,1,-,-,-,-,-,-,-,-,-,-,-,-,-,-,-,-,-,-,-,-,-,-,-,-,-,-,-,-,-,-,-,-,-,-,-,-,-,-,-,-,-,-,-,-,-,-,-,-,-,-,-,-,-,-,-,-,-,-,-,-,-,-,-,-,-,-,-,-,-,-,-,1,1,-,-,-,1,-,-,-,-,-,-,-,6
Otro,-,1,1,-,-,-,1,-,-,-,-,-,-,-,-,4,4,-,-,-,4,-,-,-,1,-,1,1,-,6,6,-,-,-,6,-,1,1,-,-,-,1,-,1,1,-,-,-,1,-,5,5,-,-,-,5,-,2,2,-,-,-,2,-,1,1,-,-,-,1,-,3,3,-,2,2,5,-,4,4,-,-,-,4,1,1,2,-,1,1,3,-,1,1,-,1,1,2,-,-,-,-,-,-,-,-,1,1,-,-,-,1,-,-,-,-,-,-,-,1,5,6,-,-,-,6,-,3,3,-,1,1,4,-,-,-,-,-,-,-,47
Ninguno,1,6,7,-,-,-,7,-,6,6,1,1,2,8,4,44,48,1,3,4,52,-,6,6,-,-,-,6,4,98,102,-,10,10,112,-,38,38,-,2,2,40,-,12,12,-,2,2,14,5,71,76,3,12,15,91,-,18,18,-,-,-,18,1,16,17,-,2,2,19,3,40,43,-,1,1,44,2,37,39,2,6,8,47,-,31,31,-,4,4,35,-,32,32,-,7,7,39,-,1,1,-,-,-,1,-,3,3,-,1,1,4,-,18,18,-,2,2,20,2,31,33,-,1,1,34,3,38,41,-,2,2,43,-,21,21,-,-,-,21,655
Sin información ,-,3,3,-,-,-,3,1,1,2,-,-,-,2,1,7,8,-,1,1,9,-,1,1,-,-,-,1,2,25,27,-,4,4,31,-,7,7,-,1,1,8,-,4,4,-,-,-,4,-,23,23,-,2,2,25,-,6,6,-,2,2,8,-,3,3,-,-,-,3,-,7,7,-,1,1,8,-,9,9,-,1,1,10,-,3,3,1,1,2,5,-,11,11,-,1,1,12,-,-,-,-,-,-,-,-,1,1,-,-,-,1,-,4,4,-,-,-,4,-,4,4,-,1,1,5,-,11,11,-,-,-,11,1,5,6,-,-,-,6,156
TOTAL,1,11,12,-,-,-,12,1,8,9,1,1,2,11,5,70,75,1,7,8,83,-,12,12,1,-,1,13,6,168,174,-,15,15,189,-,51,51,-,3,3,54,-,19,19,-,2,2,21,6,113,119,3,14,17,136,-,35,35,-,2,2,37,1,37,38,-,3,3,41,3,59,62,-,4,4,66,2,61,63,2,7,9,72,1,39,40,1,8,9,49,-,53,53,-,11,11,64,-,1,1,-,-,-,1,-,5,5,-,1,1,6,-,24,24,-,2,2,26,4,50,54,-,3,3,57,4,62,66,-,3,3,69,1,32,33,-,-,-,33,1040
VARIABLE: ANCESTRO RACIAL,,,,,,,,,,,,,,,,,,,,,,,,,,,,,,,,,,,,,,,,,,,,,,,,,,,,,,,,,,,,,,,,,,,,,,,,,,,,,,,,,,,,,,,,,,,,,,,,,,,,,,,,,,,,,,,,,,,,,,,,,,,,,,,,,,,,,,,,,,,,,
Blanco,-,1,1,-,-,-,1,-,-,-,-,-,-,-,-,4,4,-,-,-,4,-,-,-,-,-,-,-,-,2,2,-,-,-,2,-,5,5,-,-,-,5,-,-,-,-,-,-,-,-,2,2,-,1,1,3,-,-,-,-,-,-,-,-,-,-,-,-,-,-,-,-,-,-,-,-,-,-,1,1,1,1,2,3,-,1,1,-,-,-,1,-,1,1,-,1,1,2,-,-,-,-,-,-,-,-,1,1,-,-,-,1,-,-,-,-,-,-,-,-,2,2,-,-,-,2,-,-,-,-,-,-,-,-,1,1,-,-,-,1,25
Mestizo,1,8,9,-,-,-,9,1,6,7,1,1,2,9,2,51,53,-,5,5,58,-,11,11,-,-,-,11,6,130,136,-,14,14,150,-,31,31,-,3,3,34,-,15,15,-,1,1,16,5,81,86,3,11,14,100,-,27,27,-,1,1,28,-,27,27,-,2,2,29,2,45,47,-,3,3,50,2,43,45,1,5,6,51,1,33,34,1,6,7,41,-,36,36,-,8,8,44,-,1,1,-,-,-,1,-,2,2,-,1,1,3,-,19,19,-,1,1,20,4,41,45,-,3,3,48,1,46,47,-,2,2,49,1,23,24,-,-,-,24,775
Mulato,-,-,-,-,-,-,-,-,-,-,-,-,-,-,-,-,-,-,-,-,-,-,-,-,-,-,-,-,-,2,2,-,-,-,2,-,-,-,-,-,-,-,-,-,-,-,-,-,-,-,-,-,-,-,-,-,-,1,1,-,1,1,2,-,-,-,-,-,-,-,-,1,1,-,-,-,1,-,-,-,-,-,-,-,-,-,-,-,-,-,-,-,-,-,-,1,1,1,-,-,-,-,-,-,-,-,-,-,-,-,-,-,-,-,-,-,-,-,-,-,-,-,-,-,-,-,-,2,2,-,-,-,2,-,-,-,-,-,-,-,8
Negro,-,-,-,-,-,-,-,-,-,-,-,-,-,-,-,1,1,-,-,-,1,-,-,-,-,-,-,-,-,6,6,-,-,-,6,-,-,-,-,-,-,-,-,1,1,-,-,-,1,-,3,3,-,-,-,3,-,-,-,-,-,-,-,-,-,-,-,-,-,-,-,1,1,-,-,-,1,-,2,2,-,-,-,2,-,1,1,-,1,1,2,-,2,2,-,-,-,2,-,-,-,-,-,-,-,-,1,1,-,-,-,1,-,-,-,-,-,-,-,-,1,1,-,-,-,1,-,2,2,-,-,-,2,-,1,1,-,-,-,1,23
Sin Información,-,2,2,-,-,-,2,-,2,2,-,-,-,2,3,14,17,1,2,3,20,-,1,1,1,-,1,2,-,28,28,-,1,1,29,-,15,15,-,-,-,15,-,3,3,-,1,1,4,1,27,28,-,2,2,30,-,7,7,-,-,-,7,1,10,11,-,1,1,12,1,12,13,-,1,1,14,-,15,15,-,1,1,16,-,4,4,-,1,1,5,-,14,14,-,1,1,15,-,-,-,-,-,-,-,-,1,1,-,-,-,1,-,5,5,-,1,1,6,-,6,6,-,-,-,6,3,12,15,-,1,1,16,-,7,7,-,-,-,7,209
TOTAL,1,11,12,-,-,-,12,1,8,9,1,1,2,11,5,70,75,1,7,8,83,-,12,12,1,-,1,13,6,168,174,-,15,15,189,-,51,51,-,3,3,54,-,19,19,-,2,2,21,6,113,119,3,14,17,136,-,35,35,-,2,2,37,1,37,38,-,3,3,41,3,59,62,-,4,4,66,2,61,63,2,7,9,72,1,39,40,1,8,9,49,-,53,53,-,11,11,64,-,1,1,-,-,-,1,-,5,5,-,1,1,6,-,24,24,-,2,2,26,4,50,54,-,3,3,57,4,62,66,-,3,3,69,1,32,33,-,-,-,33,1040
VARIABLE: PRESUNTO AGRESOR,,,,,,,,,,,,,,,,,,,,,,,,,,,,,,,,,,,,,,,,,,,,,,,,,,,,,,,,,,,,,,,,,,,,,,,,,,,,,,,,,,,,,,,,,,,,,,,,,,,,,,,,,,,,,,,,,,,,,,,,,,,,,,,,,,,,,,,,,,,,,
Agresor desconocido,-,1,1,-,-,-,1,-,2,2,-,-,-,2,-,19,19,-,-,-,19,-,-,-,-,-,-,-,3,37,40,-,2,2,42,-,9,9,-,-,-,9,-,4,4,-,-,-,4,1,23,24,-,2,2,26,-,5,5,-,-,-,5,-,7,7,-,-,-,7,-,10,10,-,-,-,10,-,5,5,-,1,1,6,-,7,7,-,1,1,8,-,13,13,-,4,4,17,-,-,-,-,-,-,-,-,1,1,-,-,-,1,-,5,5,-,-,-,5,-,13,13,-,-,-,13,-,10,10,-,1,1,11,1,4,5,-,-,-,5,191
Agresor desconocido,-,1,1,-,-,-,1,-,2,2,-,-,-,2,-,19,19,-,-,-,19,-,-,-,-,-,-,-,3,37,40,-,2,2,42,-,9,9,-,-,-,9,-,4,4,-,-,-,4,1,23,24,-,2,2,26,-,5,5,-,-,-,5,-,7,7,-,-,-,7,-,10,10,-,-,-,10,-,5,5,-,1,1,6,-,7,7,-,1,1,8,-,13,13,-,4,4,17,-,-,-,-,-,-,-,-,1,1,-,-,-,1,-,5,5,-,-,-,5,-,13,13,-,-,-,13,-,10,10,-,1,1,11,1,4,5,-,-,-,5,191
Amigo (a),-,1,1,-,-,-,1,-,1,1,-,-,-,1,-,1,1,-,-,-,1,-,-,-,-,-,-,-,-,1,1,-,-,-,1,-,2,2,-,-,-,2,-,-,-,-,-,-,-,-,2,2,-,-,-,2,-,-,-,-,-,-,-,-,-,-,-,1,1,1,-,-,-,-,-,-,-,-,2,2,-,-,-,2,-,-,-,-,-,-,-,-,1,1,-,-,-,1,-,-,-,-,-,-,-,-,-,-,-,-,-,-,-,-,-,-,-,-,-,-,-,-,-,-,-,-,-,-,-,-,-,-,-,-,-,-,-,-,-,-,12
Amigo (a),-,1,1,-,-,-,1,-,1,1,-,-,-,1,-,1,1,-,-,-,1,-,-,-,-,-,-,-,-,1,1,-,-,-,1,-,2,2,-,-,-,2,-,-,-,-,-,-,-,-,2,2,-,-,-,2,-,-,-,-,-,-,-,-,-,-,-,1,1,1,-,-,-,-,-,-,-,-,2,2,-,-,-,2,-,-,-,-,-,-,-,-,1,1,-,-,-,1,-,-,-,-,-,-,-,-,-,-,-,-,-,-,-,-,-,-,-,-,-,-,-,-,-,-,-,-,-,-,-,-,-,-,-,-,-,-,-,-,-,-,12
Conocido,-,-,-,-,-,-,-,-,-,-,-,-,-,-,1,2,3,-,-,-,3,-,1,1,-,-,-,1,-,6,6,-,1,1,7,-,-,-,-,-,-,-,-,1,1,-,-,-,1,-,5,5,-,-,-,5,-,-,-,-,1,1,1,-,1,1,-,-,-,1,-,1,1,-,-,-,1,-,3,3,-,-,-,3,-,1,1,-,-,-,1,-,-,-,-,1,1,1,-,-,-,-,-,-,-,-,-,-,-,-,-,-,-,-,-,-,-,-,-,-,2,2,-,-,-,2,-,-,-,-,1,1,1,-,-,-,-,-,-,-,28
Arrendador,-,-,-,-,-,-,-,-,-,-,-,-,-,-,-,-,-,-,-,-,-,-,-,-,-,-,-,-,-,-,-,-,-,-,-,-,-,-,-,-,-,-,-,-,-,-,-,-,-,-,-,-,-,-,-,-,-,-,-,-,-,-,-,-,-,-,-,-,-,-,-,1,1,-,-,-,1,-,-,-,-,-,-,-,-,-,-,-,-,-,-,-,-,-,-,-,-,-,-,-,-,-,-,-,-,-,-,-,-,-,-,-,-,-,-,-,-,-,-,-,1,1,-,-,-,1,-,-,-,-,-,-,-,-,-,-,-,-,-,-,2
Arrendatario,-,-,-,-,-,-,-,-,-,-,-,-,-,-,-,-,-,-,-,-,-,-,-,-,-,-,-,-,-,-,-,-,-,-,-,-,-,-,-,-,-,-,-,-,-,-,-,-,-,-,-,-,-,-,-,-,-,-,-,-,-,-,-,-,-,-,-,-,-,-,-,-,-,-,-,-,-,-,1,1,-,-,-,1,-,-,-,-,-,-,-,-,-,-,-,-,-,-,-,-,-,-,-,-,-,-,-,-,-,-,-,-,-,-,-,-,-,-,-,-,-,-,-,-,-,-,-,-,-,-,1,1,1,-,-,-,-,-,-,-,2
Cliente,-,-,-,-,-,-,-,-,-,-,-,-,-,-,-,-,-,-,-,-,-,-,1,1,-,-,-,1,-,-,-,-,-,-,-,-,-,-,-,-,-,-,-,-,-,-,-,-,-,-,-,-,-,-,-,-,-,-,-,-,-,-,-,-,-,-,-,-,-,-,-,-,-,-,-,-,-,-,-,-,-,-,-,-,-,-,-,-,-,-,-,-,-,-,-,-,-,-,-,-,-,-,-,-,-,-,-,-,-,-,-,-,-,-,-,-,-,-,-,-,-,-,-,-,-,-,-,-,-,-,-,-,-,-,-,-,-,-,-,-,1
Conocido sin ningun trato,-,-,-,-,-,-,-,-,-,-,-,-,-,-,1,1,2,-,-,-,2,-,-,-,-,-,-,-,-,4,4,-,-,-,4,-,-,-,-,-,-,-,-,1,1,-,-,-,1,-,5,5,-,-,-,5,-,-,-,-,1,1,1,-,1,1,-,-,-,1,-,-,-,-,-,-,-,-,2,2,-,-,-,2,-,1,1,-,-,-,1,-,-,-,-,1,1,1,-,-,-,-,-,-,-,-,-,-,-,-,-,-,-,-,-,-,-,-,-,-,1,1,-,-,-,1,-,-,-,-,-,-,-,-,-,-,-,-,-,-,19
Vecino,-,-,-,-,-,-,-,-,-,-,-,-,-,-,-,1,1,-,-,-,1,-,-,-,-,-,-,-,-,2,2,-,1,1,3,-,-,-,-,-,-,-,-,-,-,-,-,-,-,-,-,-,-,-,-,-,-,-,-,-,-,-,-,-,-,-,-,-,-,-,-,-,-,-,-,-,-,-,-,-,-,-,-,-,-,-,-,-,-,-,-,-,-,-,-,-,-,-,-,-,-,-,-,-,-,-,-,-,-,-,-,-,-,-,-,-,-,-,-,-,-,-,-,-,-,-,-,-,-,-,-,-,-,-,-,-,-,-,-,-,4
Delincuencia común,-,-,-,-,-,-,-,-,-,-,-,-,-,-,-,-,-,-,2,2,2,-,-,-,-,-,-,-,-,-,-,-,-,-,-,-,1,1,-,-,-,1,-,-,-,-,-,-,-,-,1,1,-,-,-,1,-,-,-,-,-,-,-,-,-,-,-,-,-,-,-,1,1,-,-,-,1,-,2,2,-,-,-,2,-,1,1,-,-,-,1,-,-,-,-,-,-,-,-,-,-,-,-,-,-,-,-,-,-,-,-,-,-,2,2,-,-,-,2,-,-,-,-,-,-,-,-,-,-,-,-,-,-,-,-,-,-,-,-,-,10
Delincuencia común,-,-,-,-,-,-,-,-,-,-,-,-,-,-,-,-,-,-,2,2,2,-,-,-,-,-,-,-,-,-,-,-,-,-,-,-,1,1,-,-,-,1,-,-,-,-,-,-,-,-,1,1,-,-,-,1,-,-,-,-,-,-,-,-,-,-,-,-,-,-,-,1,1,-,-,-,1,-,2,2,-,-,-,2,-,1,1,-,-,-,1,-,-,-,-,-,-,-,-,-,-,-,-,-,-,-,-,-,-,-,-,-,-,2,2,-,-,-,2,-,-,-,-,-,-,-,-,-,-,-,-,-,-,-,-,-,-,-,-,-,10
Familiar,-,-,-,-,-,-,-,-,-,-,-,-,-,-,-,1,1,-,-,-,1,-,-,-,-,-,-,-,-,2,2,-,-,-,2,-,-,-,-,-,-,-,-,-,-,-,-,-,-,-,2,2,1,-,1,3,-,-,-,-,-,-,-,-,-,-,-,-,-,-,-,-,-,-,-,-,-,1,-,1,-,-,-,1,-,1,1,-,1,1,2,-,1,1,-,-,-,1,-,-,-,-,-,-,-,-,-,-,-,-,-,-,-,-,-,-,-,-,-,-,1,1,-,-,-,1,-,4,4,-,-,-,4,-,-,-,-,-,-,-,15
Abuelo (a),-,-,-,-,-,-,-,-,-,-,-,-,-,-,-,-,-,-,-,-,-,-,-,-,-,-,-,-,-,-,-,-,-,-,-,-,-,-,-,-,-,-,-,-,-,-,-,-,-,-,-,-,-,-,-,-,-,-,-,-,-,-,-,-,-,-,-,-,-,-,-,-,-,-,-,-,-,-,-,-,-,-,-,-,-,-,-,-,-,-,-,-,1,1,-,-,-,1,-,-,-,-,-,-,-,-,-,-,-,-,-,-,-,-,-,-,-,-,-,-,-,-,-,-,-,-,-,-,-,-,-,-,-,-,-,-,-,-,-,-,1
Cuñado (a),-,-,-,-,-,-,-,-,-,-,-,-,-,-,-,-,-,-,-,-,-,-,-,-,-,-,-,-,-,1,1,-,-,-,1,-,-,-,-,-,-,-,-,-,-,-,-,-,-,-,-,-,-,-,-,-,-,-,-,-,-,-,-,-,-,-,-,-,-,-,-,-,-,-,-,-,-,-,-,-,-,-,-,-,-,-,-,-,-,-,-,-,-,-,-,-,-,-,-,-,-,-,-,-,-,-,-,-,-,-,-,-,-,-,-,-,-,-,-,-,-,-,-,-,-,-,-,1,1,-,-,-,1,-,-,-,-,-,-,-,2
Hermano (a),-,-,-,-,-,-,-,-,-,-,-,-,-,-,-,-,-,-,-,-,-,-,-,-,-,-,-,-,-,-,-,-,-,-,-,-,-,-,-,-,-,-,-,-,-,-,-,-,-,-,1,1,-,-,-,1,-,-,-,-,-,-,-,-,-,-,-,-,-,-,-,-,-,-,-,-,-,-,-,-,-,-,-,-,-,-,-,-,-,-,-,-,-,-,-,-,-,-,-,-,-,-,-,-,-,-,-,-,-,-,-,-,-,-,-,-,-,-,-,-,-,-,-,-,-,-,-,1,1,-,-,-,1,-,-,-,-,-,-,-,2
Hijo (a),-,-,-,-,-,-,-,-,-,-,-,-,-,-,-,-,-,-,-,-,-,-,-,-,-,-,-,-,-,-,-,-,-,-,-,-,-,-,-,-,-,-,-,-,-,-,-,-,-,-,-,-,-,-,-,-,-,-,-,-,-,-,-,-,-,-,-,-,-,-,-,-,-,-,-,-,-,-,-,-,-,-,-,-,-,-,-,-,1,1,1,-,-,-,-,-,-,-,-,-,-,-,-,-,-,-,-,-,-,-,-,-,-,-,-,-,-,-,-,-,-,-,-,-,-,-,-,1,1,-,-,-,1,-,-,-,-,-,-,-,2
Padrastro,-,-,-,-,-,-,-,-,-,-,-,-,-,-,-,-,-,-,-,-,-,-,-,-,-,-,-,-,-,-,-,-,-,-,-,-,-,-,-,-,-,-,-,-,-,-,-,-,-,-,-,-,-,-,-,-,-,-,-,-,-,-,-,-,-,-,-,-,-,-,-,-,-,-,-,-,-,1,-,1,-,-,-,1,-,-,-,-,-,-,-,-,-,-,-,-,-,-,-,-,-,-,-,-,-,-,-,-,-,-,-,-,-,-,-,-,-,-,-,-,-,-,-,-,-,-,-,-,-,-,-,-,-,-,-,-,-,-,-,-,1
Padre,-,-,-,-,-,-,-,-,-,-,-,-,-,-,-,-,-,-,-,-,-,-,-,-,-,-,-,-,-,-,-,-,-,-,-,-,-,-,-,-,-,-,-,-,-,-,-,-,-,-,-,-,1,-,1,1,-,-,-,-,-,-,-,-,-,-,-,-,-,-,-,-,-,-,-,-,-,-,-,-,-,-,-,-,-,-,-,-,-,-,-,-,-,-,-,-,-,-,-,-,-,-,-,-,-,-,-,-,-,-,-,-,-,-,-,-,-,-,-,-,-,-,-,-,-,-,-,-,-,-,-,-,-,-,-,-,-,-,-,-,1
Primo (a),-,-,-,-,-,-,-,-,-,-,-,-,-,-,-,-,-,-,-,-,-,-,-,-,-,-,-,-,-,-,-,-,-,-,-,-,-,-,-,-,-,-,-,-,-,-,-,-,-,-,1,1,-,-,-,1,-,-,-,-,-,-,-,-,-,-,-,-,-,-,-,-,-,-,-,-,-,-,-,-,-,-,-,-,-,1,1,-,-,-,1,-,-,-,-,-,-,-,-,-,-,-,-,-,-,-,-,-,-,-,-,-,-,-,-,-,-,-,-,-,-,-,-,-,-,-,-,-,-,-,-,-,-,-,-,-,-,-,-,-,2
Otros familiares civiles o consanguíneos,-,-,-,-,-,-,-,-,-,-,-,-,-,-,-,1,1,-,-,-,1,-,-,-,-,-,-,-,-,1,1,-,-,-,1,-,-,-,-,-,-,-,-,-,-,-,-,-,-,-,-,-,-,-,-,-,-,-,-,-,-,-,-,-,-,-,-,-,-,-,-,-,-,-,-,-,-,-,-,-,-,-,-,-,-,-,-,-,-,-,-,-,-,-,-,-,-,-,-,-,-,-,-,-,-,-,-,-,-,-,-,-,-,-,-,-,-,-,-,-,1,1,-,-,-,1,-,1,1,-,-,-,1,-,-,-,-,-,-,-,4
"Miembros de las fuerzas armadas, de policía, policía judicial y servicios de inteligencia",-,1,1,-,-,-,1,-,-,-,-,-,-,-,-,-,-,-,-,-,-,-,-,-,-,-,-,-,-,1,1,-,-,-,1,-,1,1,-,-,-,1,-,-,-,-,-,-,-,-,-,-,-,-,-,-,-,-,-,-,-,-,-,-,-,-,-,-,-,-,-,-,-,-,-,-,-,-,-,-,-,1,1,1,-,-,-,-,-,-,-,-,-,-,-,-,-,-,-,-,-,-,-,-,-,-,1,1,-,-,-,1,-,1,1,-,-,-,1,1,1,2,-,-,-,2,1,-,1,-,-,-,1,-,-,-,-,-,-,-,9
Fuerzas militares,-,-,-,-,-,-,-,-,-,-,-,-,-,-,-,-,-,-,-,-,-,-,-,-,-,-,-,-,-,-,-,-,-,-,-,-,-,-,-,-,-,-,-,-,-,-,-,-,-,-,-,-,-,-,-,-,-,-,-,-,-,-,-,-,-,-,-,-,-,-,-,-,-,-,-,-,-,-,-,-,-,-,-,-,-,-,-,-,-,-,-,-,-,-,-,-,-,-,-,-,-,-,-,-,-,-,-,-,-,-,-,-,-,-,-,-,-,-,-,1,-,1,-,-,-,1,-,-,-,-,-,-,-,-,-,-,-,-,-,-,1
Policía,-,1,1,-,-,-,1,-,-,-,-,-,-,-,-,-,-,-,-,-,-,-,-,-,-,-,-,-,-,-,-,-,-,-,-,-,1,1,-,-,-,1,-,-,-,-,-,-,-,-,-,-,-,-,-,-,-,-,-,-,-,-,-,-,-,-,-,-,-,-,-,-,-,-,-,-,-,-,-,-,-,-,-,-,-,-,-,-,-,-,-,-,-,-,-,-,-,-,-,-,-,-,-,-,-,-,1,1,-,-,-,1,-,1,1,-,-,-,1,-,1,1,-,-,-,1,1,-,1,-,-,-,1,-,-,-,-,-,-,-,6
Servicios de inteligencia,-,-,-,-,-,-,-,-,-,-,-,-,-,-,-,-,-,-,-,-,-,-,-,-,-,-,-,-,-,1,1,-,-,-,1,-,-,-,-,-,-,-,-,-,-,-,-,-,-,-,-,-,-,-,-,-,-,-,-,-,-,-,-,-,-,-,-,-,-,-,-,-,-,-,-,-,-,-,-,-,-,1,1,1,-,-,-,-,-,-,-,-,-,-,-,-,-,-,-,-,-,-,-,-,-,-,-,-,-,-,-,-,-,-,-,-,-,-,-,-,-,-,-,-,-,-,-,-,-,-,-,-,-,-,-,-,-,-,-,-,2
Pareja o ex pareja,-,-,-,-,-,-,-,-,-,-,-,-,-,-,-,-,-,-,-,-,-,-,-,-,-,-,-,-,-,-,-,-,1,1,1,-,1,1,-,-,-,1,-,-,-,-,-,-,-,-,-,-,-,5,5,5,-,-,-,-,-,-,-,-,-,-,-,-,-,-,-,1,1,-,-,-,1,-,1,1,-,-,-,1,-,-,-,-,-,-,-,-,-,-,-,-,-,-,-,-,-,-,-,-,-,-,-,-,-,-,-,-,-,-,-,-,1,1,1,-,-,-,-,-,-,-,-,-,-,-,-,-,-,-,-,-,-,-,-,-,10
Compañero (a)  permanente,-,-,-,-,-,-,-,-,-,-,-,-,-,-,-,-,-,-,-,-,-,-,-,-,-,-,-,-,-,-,-,-,-,-,-,-,-,-,-,-,-,-,-,-,-,-,-,-,-,-,-,-,-,1,1,1,-,-,-,-,-,-,-,-,-,-,-,-,-,-,-,-,-,-,-,-,-,-,-,-,-,-,-,-,-,-,-,-,-,-,-,-,-,-,-,-,-,-,-,-,-,-,-,-,-,-,-,-,-,-,-,-,-,-,-,-,-,-,-,-,-,-,-,-,-,-,-,-,-,-,-,-,-,-,-,-,-,-,-,-,1
Esposo (a),-,-,-,-,-,-,-,-,-,-,-,-,-,-,-,-,-,-,-,-,-,-,-,-,-,-,-,-,-,-,-,-,-,-,-,-,-,-,-,-,-,-,-,-,-,-,-,-,-,-,-,-,-,2,2,2,-,-,-,-,-,-,-,-,-,-,-,-,-,-,-,-,-,-,-,-,-,-,-,-,-,-,-,-,-,-,-,-,-,-,-,-,-,-,-,-,-,-,-,-,-,-,-,-,-,-,-,-,-,-,-,-,-,-,-,-,1,1,1,-,-,-,-,-,-,-,-,-,-,-,-,-,-,-,-,-,-,-,-,-,3
Ex - compañero (a) permanente,-,-,-,-,-,-,-,-,-,-,-,-,-,-,-,-,-,-,-,-,-,-,-,-,-,-,-,-,-,-,-,-,-,-,-,-,1,1,-,-,-,1,-,-,-,-,-,-,-,-,-,-,-,2,2,2,-,-,-,-,-,-,-,-,-,-,-,-,-,-,-,1,1,-,-,-,1,-,-,-,-,-,-,-,-,-,-,-,-,-,-,-,-,-,-,-,-,-,-,-,-,-,-,-,-,-,-,-,-,-,-,-,-,-,-,-,-,-,-,-,-,-,-,-,-,-,-,-,-,-,-,-,-,-,-,-,-,-,-,-,4
Novio (a),-,-,-,-,-,-,-,-,-,-,-,-,-,-,-,-,-,-,-,-,-,-,-,-,-,-,-,-,-,-,-,-,1,1,1,-,-,-,-,-,-,-,-,-,-,-,-,-,-,-,-,-,-,-,-,-,-,-,-,-,-,-,-,-,-,-,-,-,-,-,-,-,-,-,-,-,-,-,1,1,-,-,-,1,-,-,-,-,-,-,-,-,-,-,-,-,-,-,-,-,-,-,-,-,-,-,-,-,-,-,-,-,-,-,-,-,-,-,-,-,-,-,-,-,-,-,-,-,-,-,-,-,-,-,-,-,-,-,-,-,2
Personal de custodia,-,-,-,-,-,-,-,-,-,-,-,-,-,-,-,-,-,-,-,-,-,-,-,-,-,-,-,-,-,-,-,-,-,-,-,-,-,-,-,-,-,-,-,-,-,-,-,-,-,-,-,-,-,-,-,-,-,-,-,-,-,-,-,-,3,3,-,-,-,3,-,-,-,-,-,-,-,-,-,-,-,-,-,-,-,-,-,-,-,-,-,-,-,-,-,-,-,-,-,-,-,-,-,-,-,-,-,-,-,-,-,-,-,-,-,-,-,-,-,-,-,-,-,-,-,-,-,-,-,-,-,-,-,-,-,-,-,-,-,-,3
Personal de custodia,-,-,-,-,-,-,-,-,-,-,-,-,-,-,-,-,-,-,-,-,-,-,-,-,-,-,-,-,-,-,-,-,-,-,-,-,-,-,-,-,-,-,-,-,-,-,-,-,-,-,-,-,-,-,-,-,-,-,-,-,-,-,-,-,3,3,-,-,-,3,-,-,-,-,-,-,-,-,-,-,-,-,-,-,-,-,-,-,-,-,-,-,-,-,-,-,-,-,-,-,-,-,-,-,-,-,-,-,-,-,-,-,-,-,-,-,-,-,-,-,-,-,-,-,-,-,-,-,-,-,-,-,-,-,-,-,-,-,-,-,3
Sin información,1,8,9,-,-,-,9,1,5,6,1,1,2,8,4,47,51,1,5,6,57,-,11,11,1,-,1,12,3,121,124,-,11,11,135,-,37,37,-,3,3,40,-,14,14,-,2,2,16,5,80,85,2,7,9,94,-,30,30,-,1,1,31,1,26,27,-,2,2,29,3,46,49,-,4,4,53,1,48,49,2,5,7,56,1,29,30,1,6,7,37,-,38,38,-,6,6,44,-,1,1,-,-,-,1,-,3,3,-,1,1,4,-,16,16,-,1,1,17,3,33,36,-,3,3,39,3,48,51,-,1,1,52,-,28,28,-,-,-,28,762
Sin información,1,8,9,-,-,-,9,1,5,6,1,1,2,8,4,47,51,1,5,6,57,-,11,11,1,-,1,12,3,121,124,-,11,11,135,-,37,37,-,3,3,40,-,14,14,-,2,2,16,5,80,85,2,7,9,94,-,30,30,-,1,1,31,1,26,27,-,2,2,29,3,46,49,-,4,4,53,1,48,49,2,5,7,56,1,29,30,1,6,7,37,-,38,38,-,6,6,44,-,1,1,-,-,-,1,-,3,3,-,1,1,4,-,16,16,-,1,1,17,3,33,36,-,3,3,39,3,48,51,-,1,1,52,-,28,28,-,-,-,28,762
TOTAL,1,11,12,-,-,-,12,1,8,9,1,1,2,11,5,70,75,1,7,8,83,-,12,12,1,-,1,13,6,168,174,-,15,15,189,-,51,51,-,3,3,54,-,19,19,-,2,2,21,6,113,119,3,14,17,136,-,35,35,-,2,2,37,1,37,38,-,3,3,41,3,59,62,-,4,4,66,2,61,63,2,7,9,72,1,39,40,1,8,9,49,-,53,53,-,11,11,64,-,1,1,-,-,-,1,-,5,5,-,1,1,6,-,24,24,-,2,2,26,4,50,54,-,3,3,57,4,62,66,-,3,3,69,1,32,33,-,-,-,33,1040
VARIABLE: CIRCUNSTANCIA DEL HECHO,,,,,,,,,,,,,,,,,,,,,,,,,,,,,,,,,,,,,,,,,,,,,,,,,,,,,,,,,,,,,,,,,,,,,,,,,,,,,,,,,,,,,,,,,,,,,,,,,,,,,,,,,,,,,,,,,,,,,,,,,,,,,,,,,,,,,,,,,,,,,
Feminicidio,-,-,-,-,-,-,-,-,-,-,-,-,-,-,-,-,-,-,-,-,-,-,-,-,-,-,-,-,-,-,-,-,-,-,-,-,-,-,-,1,1,1,-,-,-,-,-,-,-,-,-,-,-,2,2,2,-,-,-,-,-,-,-,-,-,-,-,-,-,-,-,-,-,-,-,-,-,-,-,-,-,1,1,1,-,-,-,-,1,1,1,-,-,-,-,-,-,-,-,-,-,-,-,-,-,-,-,-,-,-,-,-,-,-,-,-,1,1,1,-,-,-,-,-,-,-,-,-,-,-,-,-,-,-,-,-,-,-,-,-,6
Feminicidio,-,-,-,-,-,-,-,-,-,-,-,-,-,-,-,-,-,-,-,-,-,-,-,-,-,-,-,-,-,-,-,-,-,-,-,-,-,-,-,1,1,1,-,-,-,-,-,-,-,-,-,-,-,2,2,2,-,-,-,-,-,-,-,-,-,-,-,-,-,-,-,-,-,-,-,-,-,-,-,-,-,1,1,1,-,-,-,-,1,1,1,-,-,-,-,-,-,-,-,-,-,-,-,-,-,-,-,-,-,-,-,-,-,-,-,-,1,1,1,-,-,-,-,-,-,-,-,-,-,-,-,-,-,-,-,-,-,-,-,-,6
Violencia Económica,-,-,-,-,-,-,-,-,1,1,-,1,1,2,-,5,5,-,2,2,7,-,1,1,-,-,-,1,-,4,4,-,-,-,4,-,4,4,-,-,-,4,-,-,-,-,-,-,-,-,5,5,-,-,-,5,-,-,-,-,-,-,-,-,-,-,-,2,2,2,-,4,4,-,-,-,4,-,2,2,-,-,-,2,-,1,1,-,-,-,1,-,1,1,-,3,3,4,-,-,-,-,-,-,-,-,1,1,-,-,-,1,-,2,2,-,1,1,3,-,3,3,-,-,-,3,-,2,2,-,1,1,3,-,5,5,-,-,-,5,51
Atraco callejero o intento de,-,-,-,-,-,-,-,-,1,1,-,1,1,2,-,2,2,-,2,2,4,-,1,1,-,-,-,1,-,3,3,-,-,-,3,-,3,3,-,-,-,3,-,-,-,-,-,-,-,-,3,3,-,-,-,3,-,-,-,-,-,-,-,-,-,-,-,-,-,-,-,3,3,-,-,-,3,-,2,2,-,-,-,2,-,1,1,-,-,-,1,-,1,1,-,2,2,3,-,-,-,-,-,-,-,-,1,1,-,-,-,1,-,1,1,-,1,1,2,-,2,2,-,-,-,2,-,1,1,-,-,-,1,-,3,3,-,-,-,3,34
Hurto,-,-,-,-,-,-,-,-,-,-,-,-,-,-,-,3,3,-,-,-,3,-,-,-,-,-,-,-,-,1,1,-,-,-,1,-,1,1,-,-,-,1,-,-,-,-,-,-,-,-,2,2,-,-,-,2,-,-,-,-,-,-,-,-,-,-,-,2,2,2,-,1,1,-,-,-,1,-,-,-,-,-,-,-,-,-,-,-,-,-,-,-,-,-,-,1,1,1,-,-,-,-,-,-,-,-,-,-,-,-,-,-,-,1,1,-,-,-,1,-,1,1,-,-,-,1,-,1,1,-,1,1,2,-,2,2,-,-,-,2,17
Violencia interpersonal,-,3,3,-,-,-,3,-,1,1,-,-,-,1,1,16,17,-,-,-,17,-,4,4,-,-,-,4,2,30,32,-,2,2,34,-,5,5,-,-,-,5,-,1,1,-,-,-,1,-,27,27,-,1,1,28,-,4,4,-,1,1,5,-,5,5,-,-,-,5,1,6,7,-,-,-,7,-,14,14,-,-,-,14,-,12,12,-,1,1,13,-,11,11,-,1,1,12,-,1,1,-,-,-,1,-,-,-,-,-,-,-,-,3,3,-,-,-,3,1,8,9,-,-,-,9,-,8,8,-,1,1,9,1,-,1,-,-,-,1,172
Ajuste de cuentas,-,-,-,-,-,-,-,-,-,-,-,-,-,-,-,2,2,-,-,-,2,-,-,-,-,-,-,-,-,15,15,-,1,1,16,-,2,2,-,-,-,2,-,1,1,-,-,-,1,-,9,9,-,1,1,10,-,-,-,-,-,-,-,-,-,-,-,-,-,-,-,1,1,-,-,-,1,-,3,3,-,-,-,3,-,1,1,-,-,-,1,-,1,1,-,-,-,1,-,-,-,-,-,-,-,-,-,-,-,-,-,-,-,1,1,-,-,-,1,-,3,3,-,-,-,3,-,1,1,-,1,1,2,-,-,-,-,-,-,-,43
Intervención Legal,-,-,-,-,-,-,-,-,-,-,-,-,-,-,-,-,-,-,-,-,-,-,-,-,-,-,-,-,-,-,-,-,-,-,-,-,-,-,-,-,-,-,-,-,-,-,-,-,-,-,1,1,-,-,-,1,-,-,-,-,-,-,-,-,1,1,-,-,-,1,-,-,-,-,-,-,-,-,-,-,-,-,-,-,-,-,-,-,-,-,-,-,-,-,-,-,-,-,-,-,-,-,-,-,-,-,-,-,-,-,-,-,-,-,-,-,-,-,-,1,-,1,-,-,-,1,-,-,-,-,-,-,-,-,-,-,-,-,-,-,3
Riña,-,3,3,-,-,-,3,-,1,1,-,-,-,1,1,14,15,-,-,-,15,-,4,4,-,-,-,4,2,15,17,-,1,1,18,-,3,3,-,-,-,3,-,-,-,-,-,-,-,-,17,17,-,-,-,17,-,4,4,-,1,1,5,-,4,4,-,-,-,4,1,5,6,-,-,-,6,-,11,11,-,-,-,11,-,11,11,-,1,1,12,-,10,10,-,1,1,11,-,1,1,-,-,-,1,-,-,-,-,-,-,-,-,2,2,-,-,-,2,-,5,5,-,-,-,5,-,7,7,-,-,-,7,1,-,1,-,-,-,1,126
Violencia Intrafamiliar,-,-,-,-,-,-,-,-,-,-,-,-,-,-,-,1,1,-,-,-,1,-,-,-,-,-,-,-,-,2,2,-,1,1,3,-,1,1,-,-,-,1,-,-,-,-,-,-,-,-,2,2,1,4,5,7,-,-,-,-,-,-,-,-,-,-,-,-,-,-,-,1,1,-,-,-,1,1,1,2,-,-,-,2,-,1,1,-,1,1,2,-,1,1,-,-,-,1,-,-,-,-,-,-,-,-,-,-,-,-,-,-,-,-,-,-,-,-,-,-,1,1,-,-,-,1,-,4,4,-,-,-,4,-,-,-,-,-,-,-,23
"Violencia a niños, niñas y adolescentes",-,-,-,-,-,-,-,-,-,-,-,-,-,-,-,-,-,-,-,-,-,-,-,-,-,-,-,-,-,-,-,-,-,-,-,-,-,-,-,-,-,-,-,-,-,-,-,-,-,-,-,-,1,-,1,1,-,-,-,-,-,-,-,-,-,-,-,-,-,-,-,-,-,-,-,-,-,1,-,1,-,-,-,1,-,-,-,-,-,-,-,-,-,-,-,-,-,-,-,-,-,-,-,-,-,-,-,-,-,-,-,-,-,-,-,-,-,-,-,-,-,-,-,-,-,-,-,-,-,-,-,-,-,-,-,-,-,-,-,-,2
Violencia de pareja,-,-,-,-,-,-,-,-,-,-,-,-,-,-,-,-,-,-,-,-,-,-,-,-,-,-,-,-,-,-,-,-,1,1,1,-,1,1,-,-,-,1,-,-,-,-,-,-,-,-,-,-,-,4,4,4,-,-,-,-,-,-,-,-,-,-,-,-,-,-,-,1,1,-,-,-,1,-,1,1,-,-,-,1,-,-,-,-,-,-,-,-,-,-,-,-,-,-,-,-,-,-,-,-,-,-,-,-,-,-,-,-,-,-,-,-,-,-,-,-,-,-,-,-,-,-,-,-,-,-,-,-,-,-,-,-,-,-,-,-,8
Violencia entre otros familiares,-,-,-,-,-,-,-,-,-,-,-,-,-,-,-,1,1,-,-,-,1,-,-,-,-,-,-,-,-,2,2,-,-,-,2,-,-,-,-,-,-,-,-,-,-,-,-,-,-,-,2,2,-,-,-,2,-,-,-,-,-,-,-,-,-,-,-,-,-,-,-,-,-,-,-,-,-,-,-,-,-,-,-,-,-,1,1,-,1,1,2,-,1,1,-,-,-,1,-,-,-,-,-,-,-,-,-,-,-,-,-,-,-,-,-,-,-,-,-,-,1,1,-,-,-,1,-,4,4,-,-,-,4,-,-,-,-,-,-,-,13
Violencia Sociopolítica,-,1,1,-,-,-,1,-,-,-,-,-,-,-,-,-,-,-,-,-,-,-,-,-,-,-,-,-,-,-,-,-,-,-,-,-,-,-,-,-,-,-,-,-,-,-,-,-,-,-,-,-,-,-,-,-,-,-,-,-,-,-,-,-,-,-,-,-,-,-,-,-,-,-,-,-,-,-,-,-,-,-,-,-,-,-,-,-,-,-,-,-,-,-,-,-,-,-,-,-,-,-,-,-,-,-,-,-,-,-,-,-,-,-,-,-,-,-,-,-,2,2,-,-,-,2,-,-,-,-,-,-,-,-,-,-,-,-,-,-,3
Acción militar,-,1,1,-,-,-,1,-,-,-,-,-,-,-,-,-,-,-,-,-,-,-,-,-,-,-,-,-,-,-,-,-,-,-,-,-,-,-,-,-,-,-,-,-,-,-,-,-,-,-,-,-,-,-,-,-,-,-,-,-,-,-,-,-,-,-,-,-,-,-,-,-,-,-,-,-,-,-,-,-,-,-,-,-,-,-,-,-,-,-,-,-,-,-,-,-,-,-,-,-,-,-,-,-,-,-,-,-,-,-,-,-,-,-,-,-,-,-,-,-,1,1,-,-,-,1,-,-,-,-,-,-,-,-,-,-,-,-,-,-,2
Enfrentamiento armado,-,-,-,-,-,-,-,-,-,-,-,-,-,-,-,-,-,-,-,-,-,-,-,-,-,-,-,-,-,-,-,-,-,-,-,-,-,-,-,-,-,-,-,-,-,-,-,-,-,-,-,-,-,-,-,-,-,-,-,-,-,-,-,-,-,-,-,-,-,-,-,-,-,-,-,-,-,-,-,-,-,-,-,-,-,-,-,-,-,-,-,-,-,-,-,-,-,-,-,-,-,-,-,-,-,-,-,-,-,-,-,-,-,-,-,-,-,-,-,-,1,1,-,-,-,1,-,-,-,-,-,-,-,-,-,-,-,-,-,-,1
Otra,-,-,-,-,-,-,-,-,1,1,-,-,-,1,-,3,3,-,-,-,3,-,-,-,-,-,-,-,-,9,9,-,-,-,9,-,4,4,-,-,-,4,-,2,2,-,-,-,2,-,4,4,-,2,2,6,-,2,2,-,-,-,2,-,4,4,-,-,-,4,-,4,4,-,-,-,4,-,3,3,-,-,-,3,-,1,1,-,-,-,1,-,2,2,-,-,-,2,-,-,-,-,-,-,-,-,-,-,-,-,-,-,-,3,3,-,-,-,3,-,3,3,-,-,-,3,1,2,3,-,-,-,3,-,1,1,-,-,-,1,51
Otra,-,-,-,-,-,-,-,-,1,1,-,-,-,1,-,3,3,-,-,-,3,-,-,-,-,-,-,-,-,9,9,-,-,-,9,-,4,4,-,-,-,4,-,2,2,-,-,-,2,-,4,4,-,2,2,6,-,2,2,-,-,-,2,-,4,4,-,-,-,4,-,4,4,-,-,-,4,-,3,3,-,-,-,3,-,1,1,-,-,-,1,-,2,2,-,-,-,2,-,-,-,-,-,-,-,-,-,-,-,-,-,-,-,3,3,-,-,-,3,-,3,3,-,-,-,3,1,2,3,-,-,-,3,-,1,1,-,-,-,1,51
Sin información,1,7,8,-,-,-,8,1,5,6,1,-,1,7,4,45,49,1,5,6,55,-,7,7,1,-,1,8,4,123,127,-,12,12,139,-,37,37,-,2,2,39,-,16,16,-,2,2,18,6,75,81,2,5,7,88,-,29,29,-,1,1,30,1,28,29,-,1,1,30,2,44,46,-,4,4,50,1,41,42,2,6,8,50,1,24,25,1,5,6,31,-,38,38,-,7,7,45,-,-,-,-,-,-,-,-,4,4,-,1,1,5,-,16,16,-,-,-,16,3,33,36,-,3,3,39,3,46,49,-,1,1,50,-,26,26,-,-,-,26,734
Sin información,1,7,8,-,-,-,8,1,5,6,1,-,1,7,4,45,49,1,5,6,55,-,7,7,1,-,1,8,4,123,127,-,12,12,139,-,37,37,-,2,2,39,-,16,16,-,2,2,18,6,75,81,2,5,7,88,-,29,29,-,1,1,30,1,28,29,-,1,1,30,2,44,46,-,4,4,50,1,41,42,2,6,8,50,1,24,25,1,5,6,31,-,38,38,-,7,7,45,-,-,-,-,-,-,-,-,4,4,-,1,1,5,-,16,16,-,-,-,16,3,33,36,-,3,3,39,3,46,49,-,1,1,50,-,26,26,-,-,-,26,734
TOTAL,1,11,12,-,-,-,12,1,8,9,1,1,2,11,5,70,75,1,7,8,83,-,12,12,1,-,1,13,6,168,174,-,15,15,189,-,51,51,-,3,3,54,-,19,19,-,2,2,21,6,113,119,3,14,17,136,-,35,35,-,2,2,37,1,37,38,-,3,3,41,3,59,62,-,4,4,66,2,61,63,2,7,9,72,1,39,40,1,8,9,49,-,53,53,-,11,11,64,-,1,1,-,-,-,1,-,5,5,-,1,1,6,-,24,24,-,2,2,26,4,50,54,-,3,3,57,4,62,66,-,3,3,69,1,32,33,-,-,-,33,1040
VARIABLE: ACTIVIDAD DURANTE EL HECHO,,,,,,,,,,,,,,,,,,,,,,,,,,,,,,,,,,,,,,,,,,,,,,,,,,,,,,,,,,,,,,,,,,,,,,,,,,,,,,,,,,,,,,,,,,,,,,,,,,,,,,,,,,,,,,,,,,,,,,,,,,,,,,,,,,,,,,,,,,,,,
Actividades de desplazamiento de un lugar a otro,-,-,-,-,-,-,-,-,-,-,-,-,-,-,-,-,-,-,-,-,-,-,1,1,-,-,-,1,-,2,2,-,-,-,2,-,1,1,-,-,-,1,-,-,-,-,-,-,-,-,1,1,-,-,-,1,-,-,-,-,-,-,-,-,-,-,-,-,-,-,-,2,2,-,-,-,2,-,2,2,-,-,-,2,-,-,-,-,-,-,-,-,1,1,-,-,-,1,-,-,-,-,-,-,-,-,-,-,-,-,-,-,-,1,1,-,-,-,1,-,-,-,-,-,-,-,-,-,-,-,-,-,-,-,-,-,-,-,-,-,11
Actividades de trabajo doméstico no pagado para el uso del propio hogar,-,2,2,-,-,-,2,-,-,-,1,-,1,1,1,2,3,1,-,1,4,-,-,-,-,-,-,-,-,7,7,-,-,-,7,-,3,3,-,-,-,3,-,-,-,-,-,-,-,-,2,2,1,5,6,8,-,-,-,-,-,-,-,-,-,-,-,2,2,2,-,-,-,-,-,-,-,-,2,2,-,1,1,3,-,1,1,-,-,-,1,-,-,-,-,-,-,-,-,-,-,-,-,-,-,-,-,-,-,-,-,-,-,2,2,-,1,1,3,-,2,2,-,-,-,2,-,3,3,-,-,-,3,-,-,-,-,-,-,-,39
Actividades ilícitas o delictivas,-,1,1,-,-,-,1,-,-,-,-,-,-,-,-,-,-,-,-,-,-,-,-,-,-,-,-,-,-,2,2,-,-,-,2,-,1,1,-,-,-,1,-,1,1,-,-,-,1,-,3,3,-,-,-,3,-,-,-,-,-,-,-,-,3,3,-,-,-,3,-,2,2,-,-,-,2,-,1,1,-,-,-,1,-,-,-,-,1,1,1,-,1,1,-,1,1,2,-,-,-,-,-,-,-,-,1,1,-,-,-,1,-,-,-,-,-,-,-,-,5,5,-,-,-,5,-,-,-,-,-,-,-,-,-,-,-,-,-,-,23
Actividades relacionadas con el estudio y el aprendizaje,-,-,-,-,-,-,-,-,-,-,-,-,-,-,-,3,3,-,-,-,3,-,-,-,-,-,-,-,-,1,1,-,-,-,1,-,2,2,-,-,-,2,-,1,1,-,-,-,1,-,2,2,-,-,-,2,-,-,-,-,-,-,-,-,1,1,-,-,-,1,-,2,2,-,-,-,2,-,-,-,-,-,-,-,-,1,1,-,-,-,1,-,-,-,-,-,-,-,-,-,-,-,-,-,-,-,-,-,-,-,-,-,-,-,-,-,-,-,-,-,1,1,-,-,-,1,-,1,1,-,-,-,1,-,1,1,-,-,-,1,16
"Actividades relacionadas con la asistencia a eventos culturales, de entretenimiento y/o deportivos",-,-,-,-,-,-,-,-,-,-,-,-,-,-,2,2,4,-,1,1,5,-,-,-,-,-,-,-,-,5,5,-,-,-,5,-,2,2,-,-,-,2,-,-,-,-,-,-,-,-,4,4,-,-,-,4,-,-,-,-,-,-,-,-,-,-,-,-,-,-,-,2,2,-,-,-,2,-,5,5,-,-,-,5,-,-,-,-,-,-,-,-,3,3,-,1,1,4,-,1,1,-,-,-,1,-,-,-,-,-,-,-,-,3,3,-,-,-,3,-,-,-,-,-,-,-,-,1,1,-,-,-,1,-,-,-,-,-,-,-,32
Actividades relacionadas con los deportes y el ejercicio físico,-,-,-,-,-,-,-,-,-,-,-,1,1,1,-,-,-,-,-,-,-,-,-,-,-,-,-,-,-,-,-,-,1,1,1,-,-,-,-,-,-,-,-,-,-,-,-,-,-,-,-,-,-,1,1,1,-,-,-,-,-,-,-,-,-,-,-,-,-,-,-,-,-,-,-,-,-,1,-,1,-,-,-,1,-,-,-,-,-,-,-,-,-,-,-,-,-,-,-,-,-,-,-,-,-,-,-,-,-,-,-,-,-,1,1,-,-,-,1,-,1,1,-,-,-,1,-,-,-,-,-,-,-,-,-,-,-,-,-,-,6
"Actividades relacionadas con manifestaciones públicas (Marchas, protestas, etc)",-,-,-,-,-,-,-,-,-,-,-,-,-,-,-,-,-,-,-,-,-,-,-,-,-,-,-,-,-,-,-,-,-,-,-,-,1,1,-,-,-,1,-,-,-,-,-,-,-,-,1,1,-,-,-,1,-,-,-,-,-,-,-,-,-,-,-,-,-,-,-,-,-,-,-,-,-,-,-,-,-,-,-,-,-,-,-,-,-,-,-,-,-,-,-,2,2,2,-,-,-,-,-,-,-,-,-,-,-,-,-,-,-,-,-,-,-,-,-,1,1,2,-,1,1,3,-,-,-,-,-,-,-,-,3,3,-,-,-,3,10
Actividades vitales o relacionadas con el cuidado personal,-,1,1,-,-,-,1,-,1,1,-,-,-,1,-,2,2,-,1,1,3,-,-,-,-,-,-,-,1,6,7,-,2,2,9,-,6,6,-,-,-,6,-,-,-,-,-,-,-,-,5,5,1,2,3,8,-,2,2,-,-,-,2,-,-,-,-,-,-,-,-,2,2,-,-,-,2,-,-,-,-,-,-,-,-,3,3,-,-,-,3,-,1,1,-,-,-,1,-,-,-,-,-,-,-,-,-,-,-,-,-,-,-,1,1,-,-,-,1,-,2,2,-,-,-,2,-,4,4,-,1,1,5,-,2,2,-,-,-,2,46
Durante una retención legal (preso detenido),-,-,-,-,-,-,-,-,-,-,-,-,-,-,-,-,-,-,-,-,-,-,-,-,-,-,-,-,-,-,-,-,-,-,-,-,1,1,-,-,-,1,-,-,-,-,-,-,-,-,-,-,-,-,-,-,-,1,1,-,-,-,1,-,7,7,-,-,-,7,-,-,-,-,-,-,-,-,1,1,-,-,-,1,-,-,-,-,-,-,-,-,-,-,-,-,-,-,-,-,-,-,-,-,-,-,-,-,-,-,-,-,-,-,-,-,-,-,-,-,-,-,-,-,-,-,-,-,-,-,-,-,-,-,-,-,-,-,-,-,10
"Misión humanitaria, médica y/o sanitaria",-,-,-,-,-,-,-,-,-,-,-,-,-,-,-,-,-,-,-,-,-,-,-,-,-,-,-,-,-,1,1,-,-,-,1,-,-,-,-,-,-,-,-,-,-,-,-,-,-,-,-,-,-,-,-,-,-,-,-,-,-,-,-,-,-,-,-,-,-,-,-,-,-,-,-,-,-,-,-,-,-,-,-,-,-,-,-,-,-,-,-,-,1,1,-,-,-,1,-,-,-,-,-,-,-,-,-,-,-,-,-,-,-,-,-,-,-,-,-,-,-,-,-,-,-,-,-,-,-,-,-,-,-,-,-,-,-,-,-,-,2
Otra,1,7,8,-,-,-,8,1,6,7,-,-,-,7,2,59,61,-,5,5,66,-,11,11,1,-,1,12,5,143,148,-,12,12,160,-,34,34,-,3,3,37,-,17,17,-,2,2,19,6,92,98,1,6,7,105,-,32,32,-,2,2,34,1,26,27,-,1,1,28,3,49,52,-,4,4,56,1,50,51,2,6,8,59,1,34,35,1,7,8,43,-,46,46,-,7,7,53,-,-,-,-,-,-,-,-,4,4,-,1,1,5,-,16,16,-,1,1,17,3,38,41,-,2,2,43,4,52,56,-,2,2,58,1,26,27,-,-,-,27,837
Sin información,-,-,-,-,-,-,-,-,1,1,-,-,-,1,-,2,2,-,-,-,2,-,-,-,-,-,-,-,-,1,1,-,-,-,1,-,-,-,-,-,-,-,-,-,-,-,-,-,-,-,3,3,-,-,-,3,-,-,-,-,-,-,-,-,-,-,-,-,-,-,-,-,-,-,-,-,-,-,-,-,-,-,-,-,-,-,-,-,-,-,-,-,-,-,-,-,-,-,-,-,-,-,-,-,-,-,-,-,-,-,-,-,-,-,-,-,-,-,-,-,-,-,-,-,-,-,-,1,1,-,-,-,1,-,-,-,-,-,-,-,8
TOTAL,1,11,12,-,-,-,12,1,8,9,1,1,2,11,5,70,75,1,7,8,83,-,12,12,1,-,1,13,6,168,174,-,15,15,189,-,51,51,-,3,3,54,-,19,19,-,2,2,21,6,113,119,3,14,17,136,-,35,35,-,2,2,37,1,37,38,-,3,3,41,3,59,62,-,4,4,66,2,61,63,2,7,9,72,1,39,40,1,8,9,49,-,53,53,-,11,11,64,-,1,1,-,-,-,1,-,5,5,-,1,1,6,-,24,24,-,2,2,26,4,50,54,-,3,3,57,4,62,66,-,3,3,69,1,32,33,-,-,-,33,1040
VARIABLE: MECANISMO CAUSAL,,,,,,,,,,,,,,,,,,,,,,,,,,,,,,,,,,,,,,,,,,,,,,,,,,,,,,,,,,,,,,,,,,,,,,,,,,,,,,,,,,,,,,,,,,,,,,,,,,,,,,,,,,,,,,,,,,,,,,,,,,,,,,,,,,,,,,,,,,,,,
Contundente,-,2,2,-,-,-,2,-,-,-,-,-,-,-,1,-,1,1,-,1,2,-,1,1,-,-,-,1,-,2,2,-,-,-,2,-,5,5,-,-,-,5,-,-,-,-,-,-,-,2,3,5,1,1,2,7,-,1,1,-,-,-,1,-,-,-,-,-,-,-,-,-,-,-,1,1,1,1,2,3,-,-,-,3,-,-,-,-,-,-,-,-,-,-,-,2,2,2,-,-,-,-,-,-,-,-,-,-,-,-,-,-,-,1,1,-,-,-,1,-,3,3,-,-,-,3,-,2,2,-,-,-,2,-,2,2,-,-,-,2,34
Cortante,-,-,-,-,-,-,-,-,-,-,-,-,-,-,-,-,-,-,-,-,-,-,-,-,-,-,-,-,-,-,-,-,-,-,-,-,-,-,-,-,-,-,-,-,-,-,-,-,-,-,-,-,-,-,-,-,-,-,-,-,-,-,-,-,-,-,-,-,-,-,-,-,-,-,-,-,-,-,-,-,-,-,-,-,-,-,-,-,1,1,1,-,-,-,-,-,-,-,-,-,-,-,-,-,-,-,-,-,-,-,-,-,-,-,-,-,-,-,-,-,-,-,-,-,-,-,-,-,-,-,-,-,-,-,-,-,-,-,-,-,1
Cortocontundente,-,-,-,-,-,-,-,-,-,-,-,-,-,-,-,-,-,-,-,-,-,-,-,-,-,-,-,-,-,1,1,-,-,-,1,-,1,1,-,-,-,1,-,-,-,-,-,-,-,-,1,1,-,-,-,1,-,2,2,-,-,-,2,-,-,-,-,-,-,-,-,2,2,-,-,-,2,-,-,-,-,-,-,-,-,-,-,-,-,-,-,-,1,1,-,-,-,1,-,-,-,-,-,-,-,-,-,-,-,-,-,-,-,1,1,-,-,-,1,-,-,-,-,-,-,-,-,2,2,-,-,-,2,-,-,-,-,-,-,-,11
Cortopunzante,-,4,4,-,-,-,4,-,3,3,-,-,-,3,1,26,27,-,1,1,28,-,9,9,-,-,-,9,1,29,30,-,4,4,34,-,16,16,-,1,1,17,-,7,7,-,-,-,7,1,38,39,1,5,6,45,-,22,22,-,1,1,23,1,8,9,-,3,3,12,2,12,14,-,1,1,15,-,30,30,-,4,4,34,-,15,15,1,4,5,20,-,17,17,-,3,3,20,-,1,1,-,-,-,1,-,1,1,-,1,1,2,-,8,8,-,-,-,8,2,9,11,-,-,-,11,1,20,21,-,1,1,22,1,14,15,-,-,-,15,330
Generadores de asfixia,-,1,1,-,-,-,1,-,1,1,-,-,-,1,-,1,1,-,-,-,1,-,-,-,-,-,-,-,-,1,1,-,-,-,1,-,1,1,-,-,-,1,-,-,-,-,-,-,-,-,4,4,-,2,2,6,-,1,1,-,1,1,2,-,1,1,-,-,-,1,-,2,2,-,1,1,3,-,1,1,-,-,-,1,-,2,2,-,-,-,2,-,-,-,-,-,-,-,-,-,-,-,-,-,-,-,1,1,-,-,-,1,-,-,-,-,1,1,1,-,2,2,-,1,1,3,-,2,2,-,1,1,3,-,-,-,-,-,-,-,28
Proyectil de arma de fuego,1,4,5,-,-,-,5,1,4,5,1,-,1,6,3,42,45,-,6,6,51,-,2,2,1,-,1,3,5,135,140,-,11,11,151,-,27,27,-,2,2,29,-,12,12,-,2,2,14,3,67,70,-,6,6,76,-,9,9,-,-,-,9,-,28,28,-,-,-,28,1,43,44,-,1,1,45,1,28,29,2,3,5,34,1,21,22,-,3,3,25,-,35,35,-,6,6,41,-,-,-,-,-,-,-,-,3,3,-,-,-,3,-,14,14,-,1,1,15,2,36,38,-,2,2,40,3,36,39,-,1,1,40,-,14,14,-,-,-,14,629
Punzante,-,-,-,-,-,-,-,-,-,-,-,-,-,-,-,1,1,-,-,-,1,-,-,-,-,-,-,-,-,-,-,-,-,-,-,-,1,1,-,-,-,1,-,-,-,-,-,-,-,-,-,-,-,-,-,-,-,-,-,-,-,-,-,-,-,-,-,-,-,-,-,-,-,-,-,-,-,-,-,-,-,-,-,-,-,-,-,-,-,-,-,-,-,-,-,-,-,-,-,-,-,-,-,-,-,-,-,-,-,-,-,-,-,-,-,-,-,-,-,-,-,-,-,-,-,-,-,-,-,-,-,-,-,-,-,-,-,-,-,-,2
Térmico,-,-,-,-,-,-,-,-,-,-,-,-,-,-,-,-,-,-,-,-,-,-,-,-,-,-,-,-,-,-,-,-,-,-,-,-,-,-,-,-,-,-,-,-,-,-,-,-,-,-,-,-,-,-,-,-,-,-,-,-,-,-,-,-,-,-,-,-,-,-,-,-,-,-,-,-,-,-,-,-,-,-,-,-,-,1,1,-,-,-,1,-,-,-,-,-,-,-,-,-,-,-,-,-,-,-,-,-,-,-,-,-,-,-,-,-,-,-,-,-,-,-,-,-,-,-,-,-,-,-,-,-,-,-,-,-,-,-,-,-,1
Tóxico,-,-,-,-,-,-,-,-,-,-,-,1,1,1,-,-,-,-,-,-,-,-,-,-,-,-,-,-,-,-,-,-,-,-,-,-,-,-,-,-,-,-,-,-,-,-,-,-,-,-,-,-,-,-,-,-,-,-,-,-,-,-,-,-,-,-,-,-,-,-,-,-,-,-,-,-,-,-,-,-,-,-,-,-,-,-,-,-,-,-,-,-,-,-,-,-,-,-,-,-,-,-,-,-,-,-,-,-,-,-,-,-,-,-,-,-,-,-,-,-,-,-,-,-,-,-,-,-,-,-,-,-,-,-,1,1,-,-,-,1,2
Por determinar,-,-,-,-,-,-,-,-,-,-,-,-,-,-,-,-,-,-,-,-,-,-,-,-,-,-,-,-,-,-,-,-,-,-,-,-,-,-,-,-,-,-,-,-,-,-,-,-,-,-,-,-,1,-,1,1,-,-,-,-,-,-,-,-,-,-,-,-,-,-,-,-,-,-,-,-,-,-,-,-,-,-,-,-,-,-,-,-,-,-,-,-,-,-,-,-,-,-,-,-,-,-,-,-,-,-,-,-,-,-,-,-,-,-,-,-,-,-,-,-,-,-,-,-,-,-,-,-,-,-,-,-,-,-,1,1,-,-,-,1,2
TOTAL,1,11,12,-,-,-,12,1,8,9,1,1,2,11,5,70,75,1,7,8,83,-,12,12,1,-,1,13,6,168,174,-,15,15,189,-,51,51,-,3,3,54,-,19,19,-,2,2,21,6,113,119,3,14,17,136,-,35,35,-,2,2,37,1,37,38,-,3,3,41,3,59,62,-,4,4,66,2,61,63,2,7,9,72,1,39,40,1,8,9,49,-,53,53,-,11,11,64,-,1,1,-,-,-,1,-,5,5,-,1,1,6,-,24,24,-,2,2,26,4,50,54,-,3,3,57,4,62,66,-,3,3,69,1,32,33,-,-,-,33,1040
VARIABLE: DIAGNÓSTICO TOPOGRÁFICO DE LA LESIÓN,,,,,,,,,,,,,,,,,,,,,,,,,,,,,,,,,,,,,,,,,,,,,,,,,,,,,,,,,,,,,,,,,,,,,,,,,,,,,,,,,,,,,,,,,,,,,,,,,,,,,,,,,,,,,,,,,,,,,,,,,,,,,,,,,,,,,,,,,,,,,
Politraumatismo,-,1,1,-,-,-,1,-,3,3,-,-,-,3,1,14,15,1,3,4,19,-,1,1,-,-,-,1,-,57,57,-,6,6,63,-,16,16,-,1,1,17,-,7,7,-,-,-,7,2,25,27,-,7,7,34,-,7,7,-,-,-,7,-,9,9,-,-,-,9,1,17,18,-,1,1,19,1,18,19,1,5,6,25,1,15,16,1,1,2,18,-,15,15,-,5,5,20,-,-,-,-,-,-,-,-,1,1,-,1,1,2,-,7,7,-,-,-,7,1,17,18,-,1,1,19,1,18,19,-,-,-,19,-,7,7,-,-,-,7,297
Trauma área Pélvica,-,-,-,-,-,-,-,-,-,-,-,-,-,-,-,-,-,-,-,-,-,-,-,-,-,-,-,-,-,1,1,-,-,-,1,-,-,-,-,-,-,-,-,-,-,-,-,-,-,-,-,-,-,-,-,-,-,-,-,-,1,1,1,-,1,1,-,-,-,1,-,-,-,-,-,-,-,-,-,-,-,-,-,-,-,-,-,-,-,-,-,-,-,-,-,-,-,-,-,-,-,-,-,-,-,-,-,-,-,-,-,-,-,-,-,-,-,-,-,-,-,-,-,-,-,-,-,-,-,-,-,-,-,-,-,-,-,-,-,-,3
Trauma craneano,-,3,3,-,-,-,3,-,1,1,1,-,1,2,1,10,11,-,1,1,12,-,2,2,-,-,-,2,2,42,44,-,3,3,47,-,12,12,-,1,1,13,-,2,2,-,1,1,3,2,21,23,1,3,4,27,-,4,4,-,-,-,4,-,6,6,-,-,-,6,1,12,13,-,1,1,14,1,9,10,1,-,1,11,-,4,4,-,1,1,5,-,11,11,-,3,3,14,-,-,-,-,-,-,-,-,2,2,-,-,-,2,-,3,3,-,-,-,3,1,11,12,-,-,-,12,-,13,13,-,-,-,13,-,3,3,-,-,-,3,196
Trauma de abdomen,-,-,-,-,-,-,-,-,1,1,-,-,-,1,-,-,-,-,-,-,-,-,-,-,-,-,-,-,-,5,5,-,-,-,5,-,1,1,-,-,-,1,-,1,1,-,-,-,1,-,7,7,1,-,1,8,-,1,1,-,-,-,1,-,4,4,-,-,-,4,-,3,3,-,-,-,3,-,1,1,-,-,-,1,-,1,1,-,-,-,1,-,2,2,-,-,-,2,-,-,-,-,-,-,-,-,-,-,-,-,-,-,-,1,1,-,-,-,1,-,4,4,-,1,1,5,-,-,-,-,-,-,-,-,1,1,-,-,-,1,35
Trauma de cuello,-,1,1,-,-,-,1,-,1,1,-,-,-,1,-,2,2,-,1,1,3,-,2,2,-,-,-,2,-,5,5,-,2,2,7,-,1,1,-,-,-,1,-,3,3,-,-,-,3,-,9,9,-,1,1,10,-,3,3,-,1,1,4,-,1,1,-,2,2,3,-,5,5,-,-,-,5,-,4,4,-,1,1,5,-,-,-,-,1,1,1,-,1,1,-,1,1,2,-,-,-,-,-,-,-,-,1,1,-,-,-,1,-,1,1,-,1,1,2,-,2,2,-,1,1,3,1,3,4,-,1,1,5,1,1,2,-,-,-,2,61
Trauma de miembros,-,1,1,-,-,-,1,-,-,-,-,-,-,-,-,2,2,-,-,-,2,-,1,1,-,-,-,1,-,5,5,-,-,-,5,-,-,-,-,-,-,-,-,-,-,-,-,-,-,-,3,3,-,-,-,3,-,1,1,-,-,-,1,-,1,1,-,-,-,1,-,-,-,-,-,-,-,-,1,1,-,-,-,1,-,1,1,-,-,-,1,-,-,-,-,-,-,-,-,-,-,-,-,-,-,-,-,-,-,-,-,-,-,-,-,-,-,-,-,-,-,-,-,-,-,-,-,1,1,-,-,-,1,-,1,1,-,-,-,1,18
Trauma de Tórax,-,3,3,-,-,-,3,1,2,3,-,-,-,3,3,26,29,-,2,2,31,-,4,4,1,-,1,5,4,32,36,-,3,3,39,-,15,15,-,1,1,16,-,3,3,-,1,1,4,1,29,30,1,1,2,32,-,14,14,-,-,-,14,-,9,9,-,-,-,9,1,14,15,-,-,-,15,-,20,20,-,-,-,20,-,12,12,-,4,4,16,-,12,12,-,2,2,14,-,1,1,-,-,-,1,-,-,-,-,-,-,-,-,7,7,-,1,1,8,2,10,12,-,-,-,12,1,19,20,-,2,2,22,-,11,11,-,-,-,11,275
Trauma facial,1,-,1,-,-,-,1,-,-,-,-,-,-,-,-,1,1,-,-,-,1,-,-,-,-,-,-,-,-,1,1,-,-,-,1,-,1,1,-,-,-,1,-,-,-,-,-,-,-,-,-,-,-,-,-,-,-,-,-,-,-,-,-,-,2,2,-,-,-,2,-,-,-,-,1,1,1,-,-,-,-,-,-,-,-,-,-,-,-,-,-,-,-,-,-,-,-,-,-,-,-,-,-,-,-,-,-,-,-,-,-,-,-,-,-,-,-,-,-,-,-,-,-,-,-,-,-,-,-,-,-,-,-,-,1,1,-,-,-,1,8
Sin lesiones,-,-,-,-,-,-,-,-,-,-,-,-,-,-,-,-,-,-,-,-,-,-,-,-,-,-,-,-,-,-,-,-,-,-,-,-,-,-,-,-,-,-,-,-,-,-,-,-,-,-,-,-,-,-,-,-,-,-,-,-,-,-,-,-,-,-,-,-,-,-,-,-,-,-,-,-,-,-,-,-,-,-,-,-,-,-,-,-,-,-,-,-,-,-,-,-,-,-,-,-,-,-,-,-,-,-,-,-,-,-,-,-,-,-,-,-,-,-,-,-,-,-,-,-,-,-,-,-,-,-,-,-,-,-,1,1,-,-,-,1,1
Por determinar,-,2,2,-,-,-,2,-,-,-,-,1,1,1,-,15,15,-,-,-,15,-,2,2,-,-,-,2,-,20,20,-,1,1,21,-,5,5,-,-,-,5,-,3,3,-,-,-,3,1,19,20,-,2,2,22,-,5,5,-,-,-,5,1,4,5,-,1,1,6,-,8,8,-,1,1,9,-,8,8,-,1,1,9,-,6,6,-,1,1,7,-,12,12,-,-,-,12,-,-,-,-,-,-,-,-,1,1,-,-,-,1,-,5,5,-,-,-,5,-,6,6,-,-,-,6,1,8,9,-,-,-,9,-,6,6,-,-,-,6,146
TOTAL,1,11,12,-,-,-,12,1,8,9,1,1,2,11,5,70,75,1,7,8,83,-,12,12,1,-,1,13,6,168,174,-,15,15,189,-,51,51,-,3,3,54,-,19,19,-,2,2,21,6,113,119,3,14,17,136,-,35,35,-,2,2,37,1,37,38,-,3,3,41,3,59,62,-,4,4,66,2,61,63,2,7,9,72,1,39,40,1,8,9,49,-,53,53,-,11,11,64,-,1,1,-,-,-,1,-,5,5,-,1,1,6,-,24,24,-,2,2,26,4,50,54,-,3,3,57,4,62,66,-,3,3,69,1,32,33,-,-,-,33,1040
VARIABLE: PAÍS DE NACIMIENTO DE LA VÍCTIMA,,,,,,,,,,,,,,,,,,,,,,,,,,,,,,,,,,,,,,,,,,,,,,,,,,,,,,,,,,,,,,,,,,,,,,,,,,,,,,,,,,,,,,,,,,,,,,,,,,,,,,,,,,,,,,,,,,,,,,,,,,,,,,,,,,,,,,,,,,,,,
Colombia,1,11,12,-,-,-,12,1,8,9,-,1,1,10,5,56,61,1,6,7,68,-,9,9,1,-,1,10,5,157,162,-,12,12,174,-,46,46,-,1,1,47,-,17,17,-,1,1,18,2,89,91,3,13,16,107,-,24,24,-,2,2,26,1,36,37,-,3,3,40,3,57,60,-,4,4,64,2,57,59,2,7,9,68,-,34,34,1,7,8,42,-,48,48,-,10,10,58,-,1,1,-,-,-,1,-,4,4,-,1,1,5,-,21,21,-,2,2,23,4,47,51,-,3,3,54,4,61,65,-,3,3,68,1,30,31,-,-,-,31,926
Perú,-,-,-,-,-,-,-,-,-,-,-,-,-,-,-,-,-,-,-,-,-,-,-,-,-,-,-,-,-,-,-,-,-,-,-,-,-,-,-,-,-,-,-,1,1,-,-,-,1,-,-,-,-,-,-,-,-,-,-,-,-,-,-,-,-,-,-,-,-,-,-,-,-,-,-,-,-,-,-,-,-,-,-,-,-,-,-,-,-,-,-,-,-,-,-,-,-,-,-,-,-,-,-,-,-,-,-,-,-,-,-,-,-,-,-,-,-,-,-,-,-,-,-,-,-,-,-,-,-,-,-,-,-,-,-,-,-,-,-,-,1
Reino Unido,-,-,-,-,-,-,-,-,-,-,-,-,-,-,-,-,-,-,-,-,-,-,-,-,-,-,-,-,-,-,-,-,-,-,-,-,-,-,-,-,-,-,-,-,-,-,-,-,-,-,-,-,-,-,-,-,-,-,-,-,-,-,-,-,-,-,-,-,-,-,-,-,-,-,-,-,-,-,-,-,-,-,-,-,-,-,-,-,1,1,1,-,-,-,-,-,-,-,-,-,-,-,-,-,-,-,-,-,-,-,-,-,-,-,-,-,-,-,-,-,-,-,-,-,-,-,-,-,-,-,-,-,-,-,-,-,-,-,-,-,1
Venezuela,-,-,-,-,-,-,-,-,-,-,1,-,1,1,-,14,14,-,1,1,15,-,3,3,-,-,-,3,1,10,11,-,3,3,14,-,5,5,-,1,1,6,-,1,1,-,1,1,2,4,18,22,-,1,1,23,-,9,9,-,-,-,9,-,1,1,-,-,-,1,-,2,2,-,-,-,2,-,3,3,-,-,-,3,1,5,6,-,-,-,6,-,5,5,-,1,1,6,-,-,-,-,-,-,-,-,1,1,-,-,-,1,-,3,3,-,-,-,3,-,3,3,-,-,-,3,-,-,-,-,-,-,-,-,1,1,-,-,-,1,99
Sin Información,-,-,-,-,-,-,-,-,-,-,-,-,-,-,-,-,-,-,-,-,-,-,-,-,-,-,-,-,-,1,1,-,-,-,1,-,-,-,-,1,1,1,-,-,-,-,-,-,-,-,6,6,-,-,-,6,-,2,2,-,-,-,2,-,-,-,-,-,-,-,-,-,-,-,-,-,-,-,1,1,-,-,-,1,-,-,-,-,-,-,-,-,-,-,-,-,-,-,-,-,-,-,-,-,-,-,-,-,-,-,-,-,-,-,-,-,-,-,-,-,-,-,-,-,-,-,-,1,1,-,-,-,1,-,1,1,-,-,-,1,13
TOTAL,1,11,12,-,-,-,12,1,8,9,1,1,2,11,5,70,75,1,7,8,83,-,12,12,1,-,1,13,6,168,174,-,15,15,189,-,51,51,-,3,3,54,-,19,19,-,2,2,21,6,113,119,3,14,17,136,-,35,35,-,2,2,37,1,37,38,-,3,3,41,3,59,62,-,4,4,66,2,61,63,2,7,9,72,1,39,40,1,8,9,49,-,53,53,-,11,11,64,-,1,1,-,-,-,1,-,5,5,-,1,1,6,-,24,24,-,2,2,26,4,50,54,-,3,3,57,4,62,66,-,3,3,69,1,32,33,-,-,-,33,1040
VARIABLE: ESCENARIO DEL HECHO,,,,,,,,,,,,,,,,,,,,,,,,,,,,,,,,,,,,,,,,,,,,,,,,,,,,,,,,,,,,,,,,,,,,,,,,,,,,,,,,,,,,,,,,,,,,,,,,,,,,,,,,,,,,,,,,,,,,,,,,,,,,,,,,,,,,,,,,,,,,,
Áreas Deportivas y/o Recreativas,-,-,-,-,-,-,-,-,-,-,-,-,-,-,1,-,1,-,-,-,1,-,-,-,-,-,-,-,-,-,-,-,-,-,-,-,-,-,-,-,-,-,-,-,-,-,-,-,-,-,1,1,-,-,-,1,-,-,-,-,-,-,-,-,-,-,-,-,-,-,-,-,-,-,-,-,-,-,-,-,-,-,-,-,-,-,-,-,-,-,-,-,-,-,-,-,-,-,-,-,-,-,-,-,-,-,-,-,-,-,-,-,-,-,-,-,-,-,-,-,-,-,-,-,-,-,1,-,1,-,-,-,1,-,-,-,-,-,-,-,3
"Calle (Autopista, Avenida, Dentro de La Ciudad)",-,-,-,-,-,-,-,-,-,-,-,-,-,-,-,-,-,-,-,-,-,-,-,-,-,-,-,-,-,-,-,-,-,-,-,-,-,-,-,-,-,-,-,-,-,-,-,-,-,-,-,-,-,-,-,-,-,-,-,-,-,-,-,-,-,-,-,-,-,-,-,-,-,-,-,-,-,-,-,-,-,-,-,-,-,1,1,-,-,-,1,-,-,-,-,-,-,-,-,-,-,-,-,-,-,-,-,-,-,-,-,-,-,-,-,-,-,-,-,-,-,-,-,-,-,-,-,-,-,-,-,-,-,-,-,-,-,-,-,-,1
"Centro de Atención Médica (Hospital, Clínica, Consultorio, Etc)",-,2,2,-,-,-,2,-,-,-,-,-,-,-,-,-,-,-,-,-,-,-,-,-,-,-,-,-,-,-,-,-,-,-,-,-,-,-,-,-,-,-,-,-,-,-,-,-,-,-,-,-,-,-,-,-,-,-,-,-,-,-,-,-,-,-,-,-,-,-,-,-,-,-,-,-,-,-,1,1,-,1,1,2,-,-,-,-,-,-,-,-,1,1,-,-,-,1,-,-,-,-,-,-,-,-,-,-,-,-,-,-,-,-,-,-,-,-,-,-,-,-,-,-,-,-,-,-,-,-,-,-,-,-,-,-,-,-,-,-,5
Centros de Reclusión,-,-,-,-,-,-,-,-,-,-,-,-,-,-,-,-,-,-,-,-,-,-,-,-,-,-,-,-,-,-,-,-,-,-,-,-,-,-,-,-,-,-,-,-,-,-,-,-,-,-,-,-,-,-,-,-,-,-,-,-,-,-,-,-,24,24,-,-,-,24,-,1,1,-,-,-,1,-,-,-,-,-,-,-,-,-,-,-,-,-,-,-,-,-,-,-,-,-,-,-,-,-,-,-,-,-,-,-,-,-,-,-,-,-,-,-,-,-,-,-,-,-,-,-,-,-,-,-,-,-,-,-,-,-,-,-,-,-,-,-,25
"Espacios Acuáticos al Aire Libre (Mar, Río, Arroyo, Humedal, Lago, Etc)",-,-,-,-,-,-,-,-,-,-,-,-,-,-,-,2,2,-,-,-,2,-,2,2,-,-,-,2,-,1,1,-,-,-,1,-,-,-,-,-,-,-,-,-,-,-,-,-,-,1,2,3,-,-,-,3,-,-,-,-,-,-,-,-,-,-,-,-,-,-,-,-,-,-,-,-,-,-,-,-,-,-,-,-,-,-,-,-,-,-,-,-,2,2,-,-,-,2,-,-,-,-,-,-,-,-,-,-,-,-,-,-,-,-,-,-,-,-,-,1,-,1,-,-,-,1,1,1,2,-,-,-,2,-,-,-,-,-,-,-,13
"Espacios Terrestres al Aire Libre (Bosque, Potrero, Montaña, Playa, Etc)",-,-,-,-,-,-,-,-,-,-,-,-,-,-,-,-,-,-,-,-,-,-,-,-,-,-,-,-,2,7,9,-,-,-,9,-,2,2,-,-,-,2,-,-,-,-,-,-,-,-,-,-,-,-,-,-,-,1,1,-,-,-,1,-,-,-,-,-,-,-,1,3,4,-,1,1,5,-,3,3,-,1,1,4,-,-,-,-,-,-,-,-,-,-,-,1,1,1,-,-,-,-,-,-,-,-,-,-,-,-,-,-,-,-,-,-,-,-,-,-,-,-,-,-,-,-,-,3,3,-,-,-,3,-,-,-,-,-,-,-,25
"Establecimiento Comercial (Tienda, Centro Comercial, Almacén, Plaza de Mercado)",-,-,-,-,-,-,-,-,-,-,-,-,-,-,-,2,2,-,-,-,2,-,-,-,-,-,-,-,-,3,3,-,-,-,3,-,1,1,-,-,-,1,-,-,-,-,-,-,-,-,2,2,-,-,-,2,-,-,-,-,-,-,-,-,-,-,-,-,-,-,-,-,-,-,-,-,-,-,-,-,-,-,-,-,-,-,-,-,-,-,-,-,-,-,-,1,1,1,-,-,-,-,-,-,-,-,-,-,-,-,-,-,-,-,-,-,-,-,-,-,-,-,-,-,-,-,-,-,-,-,-,-,-,-,-,-,-,-,-,-,9
"Establecimiento Industrial (Fábrica, Planta) y/o Obras en Construcción",-,-,-,-,-,-,-,-,-,-,-,-,-,-,-,-,-,-,-,-,-,-,-,-,-,-,-,-,-,2,2,-,-,-,2,-,-,-,-,-,-,-,-,-,-,-,-,-,-,-,-,-,-,-,-,-,-,-,-,-,-,-,-,-,-,-,-,-,-,-,-,-,-,-,-,-,-,-,-,-,-,-,-,-,-,-,-,-,-,-,-,-,-,-,-,-,-,-,-,-,-,-,-,-,-,-,-,-,-,-,-,-,-,-,-,-,-,-,-,-,-,-,-,-,-,-,-,-,-,-,-,-,-,-,-,-,-,-,-,-,2
"Establecimientos de Expendio de Comidas (Restaurantes, Asaderos, Salsamentarias, Etc)",-,-,-,-,-,-,-,-,-,-,-,-,-,-,-,-,-,-,-,-,-,-,-,-,-,-,-,-,-,1,1,-,-,-,1,-,1,1,-,-,-,1,-,-,-,-,-,-,-,-,1,1,-,-,-,1,-,-,-,-,-,-,-,-,-,-,-,-,-,-,-,-,-,-,-,-,-,-,-,-,-,-,-,-,-,1,1,-,-,-,1,-,-,-,-,-,-,-,-,-,-,-,-,-,-,-,-,-,-,-,-,-,-,-,-,-,-,-,-,-,-,-,-,-,-,-,-,-,-,-,-,-,-,-,-,-,-,-,-,-,4
Lugares de Esparcimiento con Expendio de Alcohol,-,-,-,-,-,-,-,-,-,-,-,-,-,-,-,-,-,-,-,-,-,-,-,-,-,-,-,-,-,1,1,-,1,1,2,-,-,-,-,-,-,-,-,-,-,-,-,-,-,-,2,2,-,-,-,2,-,-,-,-,-,-,-,-,-,-,-,-,-,-,-,1,1,-,-,-,1,-,1,1,-,-,-,1,-,1,1,-,1,1,2,-,2,2,-,-,-,2,-,1,1,-,-,-,1,-,-,-,-,-,-,-,-,1,1,-,-,-,1,-,2,2,-,-,-,2,-,-,-,-,-,-,-,-,-,-,-,-,-,-,14
"Lugares de Hospedaje (Hoteles, Campamentos y Otros Tipos de Hospedaje No Permanente, Moteles, Etc)",-,1,1,-,-,-,1,-,1,1,-,-,-,1,-,-,-,-,-,-,-,-,-,-,-,-,-,-,-,-,-,-,-,-,-,-,-,-,-,-,-,-,-,-,-,-,-,-,-,-,-,-,-,-,-,-,-,-,-,-,-,-,-,-,-,-,-,-,-,-,-,-,-,-,-,-,-,-,-,-,-,-,-,-,-,1,1,-,-,-,1,-,-,-,-,-,-,-,-,-,-,-,-,-,-,-,-,-,-,-,-,-,-,-,-,-,-,-,-,-,-,-,-,-,-,-,-,-,-,-,-,-,-,-,-,-,-,-,-,-,3
"Parqueaderos, Estacionamientos",-,-,-,-,-,-,-,-,-,-,-,-,-,-,-,-,-,-,-,-,-,-,-,-,-,-,-,-,-,1,1,-,-,-,1,-,-,-,-,-,-,-,-,-,-,-,-,-,-,-,-,-,-,-,-,-,-,-,-,-,-,-,-,-,-,-,-,-,-,-,-,1,1,-,-,-,1,-,-,-,-,-,-,-,-,-,-,-,-,-,-,-,-,-,-,1,1,1,-,-,-,-,-,-,-,-,-,-,-,-,-,-,-,-,-,-,-,-,-,-,-,-,-,-,-,-,-,1,1,-,-,-,1,-,-,-,-,-,-,-,4
Taller,-,-,-,-,-,-,-,-,-,-,-,-,-,-,-,1,1,-,-,-,1,-,-,-,-,-,-,-,-,-,-,-,-,-,-,-,-,-,-,-,-,-,-,-,-,-,-,-,-,-,-,-,-,-,-,-,-,-,-,-,-,-,-,-,-,-,-,-,-,-,-,-,-,-,-,-,-,-,-,-,-,-,-,-,-,-,-,-,-,-,-,-,-,-,-,-,-,-,-,-,-,-,-,-,-,-,-,-,-,-,-,-,-,-,-,-,-,-,-,-,-,-,-,-,-,-,-,-,-,-,-,-,-,-,-,-,-,-,-,-,1
Terreno Baldío,-,-,-,-,-,-,-,-,-,-,-,-,-,-,-,-,-,-,-,-,-,-,-,-,-,-,-,-,-,-,-,-,-,-,-,-,-,-,-,-,-,-,-,-,-,-,-,-,-,-,-,-,-,-,-,-,-,-,-,-,-,-,-,-,-,-,-,-,-,-,-,-,-,-,-,-,-,-,-,-,-,-,-,-,-,-,-,-,-,-,-,-,-,-,-,-,-,-,-,-,-,-,-,-,-,-,-,-,-,-,-,-,-,-,-,-,-,-,-,-,-,-,-,-,-,-,-,1,1,-,-,-,1,-,-,-,-,-,-,-,1
Vehículo Servicio Particular,-,-,-,-,-,-,-,-,-,-,-,-,-,-,-,1,1,-,-,-,1,-,-,-,-,-,-,-,-,1,1,-,-,-,1,-,2,2,-,-,-,2,-,1,1,-,1,1,2,-,1,1,-,-,-,1,-,-,-,-,-,-,-,-,1,1,-,-,-,1,-,1,1,-,-,-,1,-,1,1,-,-,-,1,-,-,-,-,-,-,-,-,-,-,-,-,-,-,-,-,-,-,-,-,-,-,-,-,-,-,-,-,-,1,1,-,-,-,1,-,1,1,-,1,1,2,-,-,-,-,-,-,-,-,-,-,-,-,-,-,13
Vehículo Servicio Público,-,-,-,-,-,-,-,-,-,-,-,-,-,-,-,-,-,-,-,-,-,-,1,1,-,-,-,1,-,-,-,-,-,-,-,-,-,-,-,-,-,-,-,-,-,-,-,-,-,-,1,1,-,-,-,1,-,-,-,-,-,-,-,-,-,-,-,-,-,-,-,-,-,-,-,-,-,-,-,-,-,-,-,-,-,-,-,-,-,-,-,-,1,1,-,-,-,1,-,-,-,-,-,-,-,-,-,-,-,-,-,-,-,-,-,-,-,-,-,-,-,-,-,-,-,-,-,-,-,-,-,-,-,-,-,-,-,-,-,-,3
Vía Pública,-,5,5,-,-,-,5,1,6,7,-,1,1,8,2,57,59,-,7,7,66,-,7,7,1,-,1,8,3,127,130,-,6,6,136,-,36,36,-,3,3,39,-,16,16,-,1,1,17,4,91,95,-,7,7,102,-,32,32,-,2,2,34,1,11,12,-,1,1,13,2,40,42,-,2,2,44,1,44,45,2,3,5,50,1,27,28,1,5,6,34,-,39,39,-,6,6,45,-,-,-,-,-,-,-,-,4,4,-,-,-,4,-,14,14,-,1,1,15,3,37,40,-,2,2,42,2,47,49,-,1,1,50,-,21,21,-,-,-,21,733
Vivienda,1,3,4,-,-,-,4,-,1,1,1,-,1,2,1,6,7,1,-,1,8,-,1,1,-,-,-,1,-,13,13,-,7,7,20,-,4,4,-,-,-,4,-,-,-,-,-,-,-,1,7,8,2,7,9,17,-,-,-,-,-,-,-,-,1,1,-,2,2,3,-,10,10,-,1,1,11,1,8,9,-,2,2,11,-,4,4,-,1,1,5,-,4,4,-,2,2,6,-,-,-,-,-,-,-,-,1,1,-,1,1,2,-,5,5,-,1,1,6,-,7,7,-,-,-,7,-,6,6,-,2,2,8,-,2,2,-,-,-,2,117
Otros,-,-,-,-,-,-,-,-,-,-,-,-,-,-,-,-,-,-,-,-,-,-,-,-,-,-,-,-,-,4,4,-,-,-,4,-,2,2,-,-,-,2,-,1,1,-,-,-,1,-,2,2,-,-,-,2,-,1,1,-,-,-,1,-,-,-,-,-,-,-,-,2,2,-,-,-,2,-,1,1,-,-,-,1,-,2,2,-,1,1,3,-,1,1,-,-,-,1,-,-,-,-,-,-,-,-,-,-,-,-,-,-,-,1,1,-,-,-,1,-,2,2,-,-,-,2,-,1,1,-,-,-,1,-,2,2,-,-,-,2,23
Sin Información,-,-,-,-,-,-,-,-,-,-,-,-,-,-,1,1,2,-,-,-,2,-,1,1,-,-,-,1,1,7,8,-,1,1,9,-,3,3,-,-,-,3,-,1,1,-,-,-,1,-,3,3,1,-,1,4,-,1,1,-,-,-,1,-,-,-,-,-,-,-,-,-,-,-,-,-,-,-,2,2,-,-,-,2,-,2,2,-,-,-,2,-,3,3,-,-,-,3,-,-,-,-,-,-,-,-,-,-,-,-,-,-,-,2,2,-,-,-,2,-,1,1,-,-,-,1,-,2,2,-,-,-,2,1,7,8,-,-,-,8,41
TOTAL,1,11,12,-,-,-,12,1,8,9,1,1,2,11,5,70,75,1,7,8,83,-,12,12,1,-,1,13,6,168,174,-,15,15,189,-,51,51,-,3,3,54,-,19,19,-,2,2,21,6,113,119,3,14,17,136,-,35,35,-,2,2,37,1,37,38,-,3,3,41,3,59,62,-,4,4,66,2,61,63,2,7,9,72,1,39,40,1,8,9,49,-,53,53,-,11,11,64,-,1,1,-,-,-,1,-,5,5,-,1,1,6,-,24,24,-,2,2,26,4,50,54,-,3,3,57,4,62,66,-,3,3,69,1,32,33,-,-,-,33,1040
VARIABLE: ZONA DEL HECHO,,,,,,,,,,,,,,,,,,,,,,,,,,,,,,,,,,,,,,,,,,,,,,,,,,,,,,,,,,,,,,,,,,,,,,,,,,,,,,,,,,,,,,,,,,,,,,,,,,,,,,,,,,,,,,,,,,,,,,,,,,,,,,,,,,,,,,,,,,,,,
Cabecera municipal,1,11,12,-,-,-,12,1,8,9,1,1,2,11,5,69,74,1,7,8,82,-,12,12,1,-,1,13,6,167,173,-,15,15,188,-,51,51,-,3,3,54,-,19,19,-,2,2,21,6,113,119,3,14,17,136,-,35,35,-,2,2,37,1,37,38,-,3,3,41,3,59,62,-,4,4,66,2,59,61,2,7,9,70,1,39,40,1,8,9,49,-,53,53,-,11,11,64,-,1,1,-,-,-,1,-,5,5,-,1,1,6,-,24,24,-,2,2,26,4,50,54,-,3,3,57,4,62,66,-,3,3,69,-,27,27,-,-,-,27,1030
"Centro poblado (corregimiento, inspección de policía y caserío) ",-,-,-,-,-,-,-,-,-,-,-,-,-,-,-,-,-,-,-,-,-,-,-,-,-,-,-,-,-,-,-,-,-,-,-,-,-,-,-,-,-,-,-,-,-,-,-,-,-,-,-,-,-,-,-,-,-,-,-,-,-,-,-,-,-,-,-,-,-,-,-,-,-,-,-,-,-,-,-,-,-,-,-,-,-,-,-,-,-,-,-,-,-,-,-,-,-,-,-,-,-,-,-,-,-,-,-,-,-,-,-,-,-,-,-,-,-,-,-,-,-,-,-,-,-,-,-,-,-,-,-,-,-,-,1,1,-,-,-,1,1
Parte rural (vereda y campo),-,-,-,-,-,-,-,-,-,-,-,-,-,-,-,1,1,-,-,-,1,-,-,-,-,-,-,-,-,1,1,-,-,-,1,-,-,-,-,-,-,-,-,-,-,-,-,-,-,-,-,-,-,-,-,-,-,-,-,-,-,-,-,-,-,-,-,-,-,-,-,-,-,-,-,-,-,-,2,2,-,-,-,2,-,-,-,-,-,-,-,-,-,-,-,-,-,-,-,-,-,-,-,-,-,-,-,-,-,-,-,-,-,-,-,-,-,-,-,-,-,-,-,-,-,-,-,-,-,-,-,-,-,-,-,-,-,-,-,-,4
Sin información,-,-,-,-,-,-,-,-,-,-,-,-,-,-,-,-,-,-,-,-,-,-,-,-,-,-,-,-,-,-,-,-,-,-,-,-,-,-,-,-,-,-,-,-,-,-,-,-,-,-,-,-,-,-,-,-,-,-,-,-,-,-,-,-,-,-,-,-,-,-,-,-,-,-,-,-,-,-,-,-,-,-,-,-,-,-,-,-,-,-,-,-,-,-,-,-,-,-,-,-,-,-,-,-,-,-,-,-,-,-,-,-,-,-,-,-,-,-,-,-,-,-,-,-,-,-,-,-,-,-,-,-,-,1,4,5,-,-,-,5,5
TOTAL,1,11,12,-,-,-,12,1,8,9,1,1,2,11,5,70,75,1,7,8,83,-,12,12,1,-,1,13,6,168,174,-,15,15,189,-,51,51,-,3,3,54,-,19,19,-,2,2,21,6,113,119,3,14,17,136,-,35,35,-,2,2,37,1,37,38,-,3,3,41,3,59,62,-,4,4,66,2,61,63,2,7,9,72,1,39,40,1,8,9,49,-,53,53,-,11,11,64,-,1,1,-,-,-,1,-,5,5,-,1,1,6,-,24,24,-,2,2,26,4,50,54,-,3,3,57,4,62,66,-,3,3,69,1,32,33,-,-,-,33,1040
VARIABLE: MES DEL HECHO,,,,,,,,,,,,,,,,,,,,,,,,,,,,,,,,,,,,,,,,,,,,,,,,,,,,,,,,,,,,,,,,,,,,,,,,,,,,,,,,,,,,,,,,,,,,,,,,,,,,,,,,,,,,,,,,,,,,,,,,,,,,,,,,,,,,,,,,,,,,,
enero,-,2,2,-,-,-,2,-,-,-,-,-,-,-,-,3,3,-,-,-,3,-,-,-,-,-,-,-,1,19,20,-,1,1,21,-,1,1,-,-,-,1,-,-,-,-,-,-,-,-,10,10,-,2,2,12,-,2,2,-,-,-,2,-,-,-,-,-,-,-,-,6,6,-,2,2,8,1,6,7,-,1,1,8,-,3,3,-,1,1,4,-,3,3,-,-,-,3,-,-,-,-,-,-,-,-,1,1,-,-,-,1,-,4,4,-,-,-,4,1,7,8,-,-,-,8,1,1,2,-,-,-,2,-,2,2,-,-,-,2,81
febrero,-,-,-,-,-,-,-,-,-,-,-,-,-,-,-,9,9,-,-,-,9,-,1,1,-,-,-,1,1,19,20,-,2,2,22,-,4,4,-,-,-,4,-,1,1,-,-,-,1,-,11,11,1,2,3,14,-,7,7,-,1,1,8,-,2,2,-,1,1,3,1,4,5,-,-,-,5,-,4,4,-,-,-,4,1,6,7,-,1,1,8,-,3,3,-,-,-,3,-,-,-,-,-,-,-,-,-,-,-,-,-,-,-,1,1,-,1,1,2,-,3,3,-,-,-,3,-,6,6,-,-,-,6,-,4,4,-,-,-,4,97
marzo,-,-,-,-,-,-,-,-,-,-,-,-,-,-,1,9,10,-,1,1,11,-,1,1,1,-,1,2,-,8,8,-,-,-,8,-,4,4,-,-,-,4,-,2,2,-,-,-,2,1,5,6,-,1,1,7,-,2,2,-,-,-,2,-,23,23,-,-,-,23,-,4,4,-,1,1,5,-,2,2,-,-,-,2,-,1,1,-,-,-,1,-,8,8,-,1,1,9,-,-,-,-,-,-,-,-,-,-,-,-,-,-,-,1,1,-,-,-,1,-,7,7,-,-,-,7,-,3,3,-,1,1,4,-,3,3,-,-,-,3,91
abril,-,1,1,-,-,-,1,-,1,1,-,-,-,1,-,3,3,-,1,1,4,-,-,-,-,-,-,-,-,4,4,-,1,1,5,-,3,3,-,1,1,4,-,-,-,-,-,-,-,-,6,6,-,-,-,6,-,-,-,-,-,-,-,-,-,-,-,-,-,-,-,4,4,-,-,-,4,-,1,1,-,1,1,2,-,1,1,-,3,3,4,-,6,6,-,-,-,6,-,1,1,-,-,-,1,-,-,-,-,-,-,-,-,1,1,-,-,-,1,-,1,1,-,-,-,1,-,3,3,-,-,-,3,-,-,-,-,-,-,-,43
mayo,-,-,-,-,-,-,-,-,1,1,-,-,-,1,-,11,11,-,3,3,14,-,-,-,-,-,-,-,1,14,15,-,1,1,16,-,4,4,-,-,-,4,-,-,-,-,-,-,-,1,10,11,-,-,-,11,-,5,5,-,-,-,5,-,-,-,-,-,-,-,-,5,5,-,-,-,5,1,11,12,1,1,2,14,-,7,7,-,-,-,7,-,2,2,-,1,1,3,-,-,-,-,-,-,-,-,2,2,-,-,-,2,-,-,-,-,-,-,-,-,7,7,-,1,1,8,1,7,8,-,1,1,9,-,3,3,-,-,-,3,102
junio,1,2,3,-,-,-,3,-,1,1,-,-,-,1,-,5,5,-,-,-,5,-,2,2,-,-,-,2,-,16,16,-,1,1,17,-,8,8,-,-,-,8,-,4,4,-,1,1,5,1,9,10,1,2,3,13,-,1,1,-,-,-,1,-,1,1,-,-,-,1,-,9,9,-,-,-,9,-,3,3,-,-,-,3,-,2,2,-,1,1,3,-,3,3,-,1,1,4,-,-,-,-,-,-,-,-,1,1,-,-,-,1,-,2,2,-,-,-,2,-,7,7,-,-,-,7,-,10,10,-,1,1,11,-,3,3,-,-,-,3,99
julio,-,2,2,-,-,-,2,-,-,-,-,-,-,-,-,1,1,-,-,-,1,-,2,2,-,-,-,2,1,10,11,-,1,1,12,-,4,4,-,-,-,4,-,1,1,-,-,-,1,-,7,7,-,-,-,7,-,3,3,-,-,-,3,-,-,-,-,-,-,-,-,6,6,-,-,-,6,-,5,5,-,-,-,5,-,2,2,-,-,-,2,-,-,-,-,1,1,1,-,-,-,-,-,-,-,-,-,-,-,-,-,-,-,3,3,-,-,-,3,-,2,2,-,-,-,2,2,4,6,-,-,-,6,-,3,3,-,-,-,3,60
agosto,-,-,-,-,-,-,-,1,1,2,-,-,-,2,-,6,6,1,-,1,7,-,-,-,-,-,-,-,-,20,20,-,1,1,21,-,1,1,-,1,1,2,-,1,1,-,-,-,1,-,7,7,1,2,3,10,-,-,-,-,-,-,-,-,2,2,-,2,2,4,-,9,9,-,-,-,9,-,7,7,-,1,1,8,-,6,6,-,-,-,6,-,4,4,-,-,-,4,-,-,-,-,-,-,-,-,-,-,-,-,-,-,-,1,1,-,-,-,1,1,2,3,-,-,-,3,-,2,2,-,-,-,2,1,1,2,-,-,-,2,82
septiembre,-,-,-,-,-,-,-,-,1,1,-,-,-,1,1,5,6,-,-,-,6,-,-,-,-,-,-,-,1,16,17,-,3,3,20,-,6,6,-,1,1,7,-,4,4,-,1,1,5,1,10,11,-,2,2,13,-,2,2,-,-,-,2,-,2,2,-,-,-,2,1,3,4,-,1,1,5,-,4,4,-,1,1,5,-,8,8,-,-,-,8,-,5,5,-,5,5,10,-,-,-,-,-,-,-,-,-,-,-,-,-,-,-,2,2,-,-,-,2,1,5,6,-,1,1,7,-,3,3,-,-,-,3,-,6,6,-,-,-,6,102
octubre,-,2,2,-,-,-,2,-,2,2,1,-,1,3,2,4,6,-,2,2,8,-,2,2,-,-,-,2,1,10,11,-,-,-,11,-,8,8,-,-,-,8,-,3,3,-,-,-,3,-,12,12,-,1,1,13,-,6,6,-,-,-,6,1,4,5,-,-,-,5,1,2,3,-,-,-,3,-,3,3,-,-,-,3,-,-,-,-,2,2,2,-,6,6,-,-,-,6,-,-,-,-,-,-,-,-,-,-,-,1,1,1,-,1,1,-,-,-,1,-,2,2,-,-,-,2,-,7,7,-,-,-,7,-,1,1,-,-,-,1,87
noviembre,-,1,1,-,-,-,1,-,-,-,-,1,1,1,1,5,6,-,-,-,6,-,2,2,-,-,-,2,-,16,16,-,2,2,18,-,3,3,-,-,-,3,-,1,1,-,-,-,1,-,13,13,-,1,1,14,-,2,2,-,1,1,3,-,1,1,-,-,-,1,-,4,4,-,-,-,4,-,7,7,-,-,-,7,-,-,-,1,-,1,1,-,7,7,-,2,2,9,-,-,-,-,-,-,-,-,-,-,-,-,-,-,-,3,3,-,1,1,4,-,3,3,-,1,1,4,-,6,6,-,-,-,6,-,3,3,-,-,-,3,88
diciembre,-,1,1,-,-,-,1,-,1,1,-,-,-,1,-,9,9,-,-,-,9,-,2,2,-,-,-,2,-,16,16,-,2,2,18,-,5,5,-,-,-,5,-,2,2,-,-,-,2,2,13,15,-,1,1,16,-,5,5,-,-,-,5,-,2,2,-,-,-,2,-,3,3,-,-,-,3,-,8,8,1,2,3,11,-,3,3,-,-,-,3,-,6,6,-,-,-,6,-,-,-,-,-,-,-,-,1,1,-,-,-,1,-,5,5,-,-,-,5,1,4,5,-,-,-,5,-,10,10,-,-,-,10,-,3,3,-,-,-,3,108
TOTAL,1,11,12,-,-,-,12,1,8,9,1,1,2,11,5,70,75,1,7,8,83,-,12,12,1,-,1,13,6,168,174,-,15,15,189,-,51,51,-,3,3,54,-,19,19,-,2,2,21,6,113,119,3,14,17,136,-,35,35,-,2,2,37,1,37,38,-,3,3,41,3,59,62,-,4,4,66,2,61,63,2,7,9,72,1,39,40,1,8,9,49,-,53,53,-,11,11,64,-,1,1,-,-,-,1,-,5,5,-,1,1,6,-,24,24,-,2,2,26,4,50,54,-,3,3,57,4,62,66,-,3,3,69,1,32,33,-,-,-,33,1040
VARIABLE: DÍA DEL HECHO,,,,,,,,,,,,,,,,,,,,,,,,,,,,,,,,,,,,,,,,,,,,,,,,,,,,,,,,,,,,,,,,,,,,,,,,,,,,,,,,,,,,,,,,,,,,,,,,,,,,,,,,,,,,,,,,,,,,,,,,,,,,,,,,,,,,,,,,,,,,,
lunes,-,-,-,-,-,-,-,-,-,-,-,-,-,-,-,8,8,-,-,-,8,-,3,3,1,-,1,4,-,20,20,-,3,3,23,-,1,1,-,1,1,2,-,3,3,-,-,-,3,1,13,14,-,2,2,16,-,1,1,-,1,1,2,1,2,3,-,1,1,4,-,4,4,-,2,2,6,-,4,4,1,1,2,6,-,5,5,1,4,5,10,-,11,11,-,-,-,11,-,-,-,-,-,-,-,-,1,1,-,-,-,1,-,1,1,-,-,-,1,-,5,5,-,-,-,5,-,7,7,-,-,-,7,-,1,1,-,-,-,1,110
martes,-,2,2,-,-,-,2,-,1,1,-,-,-,1,1,7,8,-,1,1,9,-,1,1,-,-,-,1,-,22,22,-,3,3,25,-,6,6,-,1,1,7,-,1,1,-,-,-,1,1,5,6,1,-,1,7,-,2,2,-,-,-,2,-,2,2,-,2,2,4,1,11,12,-,1,1,13,-,2,2,1,2,3,5,-,3,3,-,-,-,3,-,5,5,-,2,2,7,-,-,-,-,-,-,-,-,-,-,-,1,1,1,-,2,2,-,-,-,2,-,4,4,-,1,1,5,1,5,6,-,1,1,7,-,3,3,-,-,-,3,105
miércoles,-,2,2,-,-,-,2,-,2,2,1,-,1,3,1,11,12,-,1,1,13,-,1,1,-,-,-,1,-,12,12,-,3,3,15,-,6,6,-,-,-,6,-,4,4,-,1,1,5,1,16,17,1,3,4,21,-,4,4,-,-,-,4,-,2,2,-,-,-,2,1,10,11,-,-,-,11,-,10,10,-,1,1,11,-,7,7,-,-,-,7,-,3,3,-,3,3,6,-,-,-,-,-,-,-,-,1,1,-,-,-,1,-,1,1,-,-,-,1,1,8,9,-,1,1,10,1,11,12,-,1,1,13,1,9,10,-,-,-,10,142
jueves,1,2,3,-,-,-,3,-,1,1,-,-,-,1,-,10,10,-,3,3,13,-,2,2,-,-,-,2,2,20,22,-,1,1,23,-,4,4,-,-,-,4,-,5,5,-,1,1,6,-,12,12,-,1,1,13,-,4,4,-,-,-,4,-,2,2,-,-,-,2,-,-,-,-,1,1,1,-,10,10,-,1,1,11,-,5,5,-,-,-,5,-,7,7,-,2,2,9,-,-,-,-,-,-,-,-,-,-,-,-,-,-,-,4,4,-,1,1,5,1,14,15,-,1,1,16,1,5,6,-,-,-,6,-,2,2,-,-,-,2,126
viernes,-,1,1,-,-,-,1,-,1,1,-,-,-,1,-,9,9,1,-,1,10,-,1,1,-,-,-,1,1,34,35,-,-,-,35,-,9,9,-,-,-,9,-,1,1,-,-,-,1,1,18,19,-,1,1,20,-,6,6,-,-,-,6,-,3,3,-,-,-,3,-,8,8,-,-,-,8,1,11,12,-,-,-,12,1,9,10,-,1,1,11,-,7,7,-,1,1,8,-,-,-,-,-,-,-,-,2,2,-,-,-,2,-,4,4,-,-,-,4,1,6,7,-,-,-,7,1,9,10,-,-,-,10,-,4,4,-,-,-,4,153
sábado,-,2,2,-,-,-,2,-,2,2,-,-,-,2,1,13,14,-,-,-,14,-,2,2,-,-,-,2,-,29,29,-,3,3,32,-,8,8,-,-,-,8,-,2,2,-,-,-,2,-,22,22,-,2,2,24,-,11,11,-,-,-,11,-,22,22,-,-,-,22,1,14,15,-,-,-,15,1,11,12,-,1,1,13,-,4,4,-,1,1,5,-,10,10,-,1,1,11,-,-,-,-,-,-,-,-,1,1,-,-,-,1,-,5,5,-,1,1,6,1,6,7,-,-,-,7,-,8,8,-,-,-,8,-,8,8,-,-,-,8,193
domingo,-,2,2,-,-,-,2,1,1,2,-,1,1,3,2,12,14,-,2,2,16,-,2,2,-,-,-,2,3,31,34,-,2,2,36,-,17,17,-,1,1,18,-,3,3,-,-,-,3,2,27,29,1,5,6,35,-,7,7,-,1,1,8,-,4,4,-,-,-,4,-,12,12,-,-,-,12,-,13,13,-,1,1,14,-,6,6,-,2,2,8,-,10,10,-,2,2,12,-,1,1,-,-,-,1,-,-,-,-,-,-,-,-,7,7,-,-,-,7,-,7,7,-,-,-,7,-,17,17,-,1,1,18,-,5,5,-,-,-,5,211
TOTAL,1,11,12,-,-,-,12,1,8,9,1,1,2,11,5,70,75,1,7,8,83,-,12,12,1,-,1,13,6,168,174,-,15,15,189,-,51,51,-,3,3,54,-,19,19,-,2,2,21,6,113,119,3,14,17,136,-,35,35,-,2,2,37,1,37,38,-,3,3,41,3,59,62,-,4,4,66,2,61,63,2,7,9,72,1,39,40,1,8,9,49,-,53,53,-,11,11,64,-,1,1,-,-,-,1,-,5,5,-,1,1,6,-,24,24,-,2,2,26,4,50,54,-,3,3,57,4,62,66,-,3,3,69,1,32,33,-,-,-,33,1040
VARIABLE: RANGO DE HORA DEL HECHO (X 3 HORAS),,,,,,,,,,,,,,,,,,,,,,,,,,,,,,,,,,,,,,,,,,,,,,,,,,,,,,,,,,,,,,,,,,,,,,,,,,,,,,,,,,,,,,,,,,,,,,,,,,,,,,,,,,,,,,,,,,,,,,,,,,,,,,,,,,,,,,,,,,,,,
00:00 a 02:59,-,-,-,-,-,-,-,-,-,-,-,-,-,-,-,-,-,-,-,-,-,-,-,-,-,-,-,-,-,-,-,-,-,-,-,-,2,2,-,-,-,2,-,-,-,-,-,-,-,-,-,-,-,-,-,-,-,1,1,-,-,-,1,-,-,-,-,-,-,-,-,-,-,-,-,-,-,-,-,-,-,-,-,-,-,-,-,-,-,-,-,-,-,-,-,-,-,-,-,-,-,-,-,-,-,-,-,-,-,-,-,-,-,-,-,-,-,-,-,-,-,-,-,-,-,-,-,-,-,-,-,-,-,-,-,-,-,-,-,-,3
03:00 a 05:59,-,-,-,-,-,-,-,-,-,-,-,-,-,-,-,-,-,-,-,-,-,-,-,-,-,-,-,-,-,1,1,-,-,-,1,-,2,2,-,-,-,2,-,-,-,-,-,-,-,-,-,-,-,-,-,-,-,-,-,-,-,-,-,-,-,-,-,-,-,-,-,-,-,-,-,-,-,-,-,-,-,-,-,-,-,-,-,-,-,-,-,-,-,-,-,-,-,-,-,-,-,-,-,-,-,-,-,-,-,-,-,-,-,-,-,-,-,-,-,-,-,-,-,-,-,-,-,-,-,-,-,-,-,-,-,-,-,-,-,-,3
09:00 a 11:59,-,-,-,-,-,-,-,-,-,-,-,-,-,-,-,-,-,-,-,-,-,-,-,-,-,-,-,-,-,-,-,-,-,-,-,-,-,-,-,-,-,-,-,-,-,-,-,-,-,-,-,-,-,-,-,-,-,1,1,-,-,-,1,-,-,-,-,-,-,-,-,-,-,-,-,-,-,-,-,-,-,-,-,-,-,-,-,-,-,-,-,-,-,-,-,-,-,-,-,-,-,-,-,-,-,-,-,-,-,-,-,-,-,-,-,-,-,-,-,-,-,-,-,-,-,-,-,-,-,-,-,-,-,-,-,-,-,-,-,-,1
12:00 a 14:59,-,-,-,-,-,-,-,-,-,-,-,-,-,-,-,-,-,-,-,-,-,-,-,-,-,-,-,-,-,1,1,-,-,-,1,-,-,-,-,-,-,-,-,-,-,-,-,-,-,-,2,2,-,-,-,2,-,-,-,-,-,-,-,-,1,1,-,-,-,1,-,-,-,-,1,1,1,-,-,-,-,-,-,-,-,-,-,-,-,-,-,-,-,-,-,-,-,-,-,-,-,-,-,-,-,-,-,-,-,-,-,-,-,-,-,-,-,-,-,-,-,-,-,-,-,-,-,1,1,-,-,-,1,-,-,-,-,-,-,-,6
15:00 a 17:59,-,-,-,-,-,-,-,-,-,-,-,-,-,-,-,-,-,-,-,-,-,-,-,-,-,-,-,-,-,1,1,-,-,-,1,-,-,-,-,-,-,-,-,-,-,-,-,-,-,-,-,-,-,-,-,-,-,-,-,-,-,-,-,-,-,-,-,-,-,-,-,1,1,-,-,-,1,-,-,-,-,-,-,-,-,-,-,-,-,-,-,-,-,-,-,-,-,-,-,-,-,-,-,-,-,-,-,-,-,-,-,-,-,-,-,-,-,-,-,-,2,2,-,-,-,2,-,-,-,-,-,-,-,-,-,-,-,-,-,-,4
18:00 a 20:59,-,-,-,-,-,-,-,-,-,-,-,-,-,-,-,1,1,-,-,-,1,-,-,-,-,-,-,-,-,-,-,-,-,-,-,-,-,-,-,-,-,-,-,-,-,-,-,-,-,-,1,1,-,-,-,1,-,1,1,-,-,-,1,-,-,-,-,-,-,-,-,-,-,-,-,-,-,-,-,-,-,-,-,-,-,1,1,-,-,-,1,-,-,-,-,1,1,1,-,-,-,-,-,-,-,-,-,-,-,-,-,-,-,1,1,-,-,-,1,-,2,2,-,-,-,2,1,1,2,-,-,-,2,-,-,-,-,-,-,-,10
21:00 a 23:59,-,-,-,-,-,-,-,-,-,-,-,-,-,-,-,-,-,-,-,-,-,-,-,-,-,-,-,-,-,-,-,-,-,-,-,-,-,-,-,-,-,-,-,1,1,-,-,-,1,-,2,2,-,-,-,2,-,-,-,-,-,-,-,-,-,-,-,-,-,-,-,1,1,-,-,-,1,-,1,1,-,-,-,1,-,-,-,-,-,-,-,-,1,1,-,-,-,1,-,-,-,-,-,-,-,-,-,-,-,-,-,-,-,-,-,-,-,-,-,-,-,-,-,-,-,-,-,1,1,-,-,-,1,-,-,-,-,-,-,-,7
Sin información,1,11,12,-,-,-,12,1,8,9,1,1,2,11,5,69,74,1,7,8,82,-,12,12,1,-,1,13,6,165,171,-,15,15,186,-,47,47,-,3,3,50,-,18,18,-,2,2,20,6,108,114,3,14,17,131,-,32,32,-,2,2,34,1,36,37,-,3,3,40,3,57,60,-,3,3,63,2,60,62,2,7,9,71,1,38,39,1,8,9,48,-,52,52,-,10,10,62,-,1,1,-,-,-,1,-,5,5,-,1,1,6,-,23,23,-,2,2,25,4,46,50,-,3,3,53,3,59,62,-,3,3,65,1,32,33,-,-,-,33,1006
TOTAL,1,11,12,-,-,-,12,1,8,9,1,1,2,11,5,70,75,1,7,8,83,-,12,12,1,-,1,13,6,168,174,-,15,15,189,-,51,51,-,3,3,54,-,19,19,-,2,2,21,6,113,119,3,14,17,136,-,35,35,-,2,2,37,1,37,38,-,3,3,41,3,59,62,-,4,4,66,2,61,63,2,7,9,72,1,39,40,1,8,9,49,-,53,53,-,11,11,64,-,1,1,-,-,-,1,-,5,5,-,1,1,6,-,24,24,-,2,2,26,4,50,54,-,3,3,57,4,62,66,-,3,3,69,1,32,33,-,-,-,33,1040
"De acuerdo con la misión de la entidad, el Instituto Nacional de Medicina Legal y Ciencias Forenses - INMLCF, está impedido de hacer juicios de valor, por eso la información estadística que se provee es a modo de presunción; la calificación de los delitos le corresponde a la Fiscalía General de la Nación y a los jueces de la República.",,,,,,,,,,,,,,,,,,,,,,,,,,,,,,,,,,,,,,,,,,,,,,,,,,,,,,,,,,,,,,,,,,,,,,,,,,,,,,,,,,,,,,,,,,,,,,,,,,,,,,,,,,,,,,,,,,,,,,,,,,,,,,,,,,,,,,,,,,,,,
"Homicidio: La definición de homicidio aplicada por el Instituto Nacional de Medicina Legal y Ciencias Forenses - INMLCF, desde el punto de vista médico legal es “El que matare a otro”; de forma intencional o no intencional. En este punto es importante anotar que, cuando se clasifica un caso como homicidio no se tipifica el delito, tampoco se hacen juicios de responsabilidad, toda vez que estas actividades son competencia de la Fiscalía General de la Nación y los Jueces de la República. La clasificación, de carácter forense, se genera en el contexto de la información aportada por la autoridad y los hallazgos durante el procedimiento de necropsia.",,,,,,,,,,,,,,,,,,,,,,,,,,,,,,,,,,,,,,,,,,,,,,,,,,,,,,,,,,,,,,,,,,,,,,,,,,,,,,,,,,,,,,,,,,,,,,,,,,,,,,,,,,,,,,,,,,,,,,,,,,,,,,,,,,,,,,,,,,,,,
"Feminicidio: Se define como el homicidio de la mujer por el hecho de ser mujer y que pueda ocurrir dentro de la familia,  unidad doméstica o en cualquier otra relación interpersonal,  en la comunidad o por parte de cualquier persona. Se aclara que no es competencia de la entidad tipificar el delito,  esto corresponde exclusivamente a la Fiscalía General de la Nación; sin embargo,  la variable se cataloga a manera de presunción de acuerdo a los criterios de los peritos que atienden los casos en el INMLCF",,,,,,,,,,,,,,,,,,,,,,,,,,,,,,,,,,,,,,,,,,,,,,,,,,,,,,,,,,,,,,,,,,,,,,,,,,,,,,,,,,,,,,,,,,,,,,,,,,,,,,,,,,,,,,,,,,,,,,,,,,,,,,,,,,,,,,,,,,,,,
"No aplica ""Estado conyugal"": Corresponde a los menores de 10 años los cuales por su corta edad no es posible categorizarlos dentro de esta variable",,,,,,,,,,,,,,,,,,,,,,,,,,,,,,,,,,,,,,,,,,,,,,,,,,,,,,,,,,,,,,,,,,,,,,,,,,,,,,,,,,,,,,,,,,,,,,,,,,,,,,,,,,,,,,,,,,,,,,,,,,,,,,,,,,,,,,,,,,,,,
FUENTE: Instituto Nacional de Medicina Legal y Ciencias Forenses - INMLCF,,,,,,,,,,,,,,,,,,,,,,,,,,,,,,,,,,,,,,,,,,,,,,,,,,,,,,,,,,,,,,,,,,,,,,,,,,,,,,,,,,,,,,,,,,,,,,,,,,,,,,,,,,,,,,,,,,,,,,,,,,,,,,,,,,,,,,,,,,,,,
Grupo: Centro de Referencia Nacional sobre Violencia - GCRNV,,,,,,,,,,,,,,,,,,,,,,,,,,,,,,,,,,,,,,,,,,,,,,,,,,,,,,,,,,,,,,,,,,,,,,,,,,,,,,,,,,,,,,,,,,,,,,,,,,,,,,,,,,,,,,,,,,,,,,,,,,,,,,,,,,,,,,,,,,,,,
2020: Base: Sistema de Información Red de Desaparecidos y Cadáveres - SIRDEC ,,,,,,,,,,,,,,,,,,,,,,,,,,,,,,,,,,,,,,,,,,,,,,,,,,,,,,,,,,,,,,,,,,,,,,,,,,,,,,,,,,,,,,,,,,,,,,,,,,,,,,,,,,,,,,,,,,,,,,,,,,,,,,,,,,,,,,,,,,,,,
