EXÁMENES MÉDICO LEGALES POR PRESUNTO DELITO SEXUAL EN BOGOTÁ D.C AÑO 2021 / LOCALIDAD DEL HECHO,Antonio Nariño,Antonio Nariño.1,Antonio Nariño.2,Antonio Nariño.3,Antonio Nariño.4,Antonio Nariño.5,Antonio Nariño.6,Barrios Unidos,Barrios Unidos.1,Barrios Unidos.2,Barrios Unidos.3,Barrios Unidos.4,Barrios Unidos.5,Barrios Unidos.6,Bosa,Bosa.1,Bosa.2,Bosa.3,Bosa.4,Bosa.5,Bosa.6,Chapinero,Chapinero.1,Chapinero.2,Chapinero.3,Chapinero.4,Chapinero.5,Chapinero.6,Ciudad Bolívar,Ciudad Bolívar.1,Ciudad Bolívar.2,Ciudad Bolívar.3,Ciudad Bolívar.4,Ciudad Bolívar.5,Ciudad Bolívar.6,Engativá,Engativá.1,Engativá.2,Engativá.3,Engativá.4,Engativá.5,Engativá.6,Fontibón,Fontibón.1,Fontibón.2,Fontibón.3,Fontibón.4,Fontibón.5,Fontibón.6,Kennedy,Kennedy.1,Kennedy.2,Kennedy.3,Kennedy.4,Kennedy.5,Kennedy.6,La Candelaria,La Candelaria.1,La Candelaria.2,La Candelaria.3,La Candelaria.4,La Candelaria.5,La Candelaria.6,Mártires,Mártires.1,Mártires.2,Mártires.3,Mártires.4,Mártires.5,Mártires.6,Puente Aranda,Puente Aranda.1,Puente Aranda.2,Puente Aranda.3,Puente Aranda.4,Puente Aranda.5,Puente Aranda.6,Rafael Uribe Uribe,Rafael Uribe Uribe.1,Rafael Uribe Uribe.2,Rafael Uribe Uribe.3,Rafael Uribe Uribe.4,Rafael Uribe Uribe.5,Rafael Uribe Uribe.6,San Cristóbal,San Cristóbal.1,San Cristóbal.2,San Cristóbal.3,San Cristóbal.4,San Cristóbal.5,San Cristóbal.6,Santafé,Santafé.1,Santafé.2,Santafé.3,Santafé.4,Santafé.5,Santafé.6,Suba,Suba.1,Suba.2,Suba.3,Suba.4,Suba.5,Suba.6,Teusaquillo,Teusaquillo.1,Teusaquillo.2,Teusaquillo.3,Teusaquillo.4,Teusaquillo.5,Teusaquillo.6,Tunjuelito,Tunjuelito.1,Tunjuelito.2,Tunjuelito.3,Tunjuelito.4,Tunjuelito.5,Tunjuelito.6,Usaquén,Usaquén.1,Usaquén.2,Usaquén.3,Usaquén.4,Usaquén.5,Usaquén.6,Usme,Usme.1,Usme.2,Usme.3,Usme.4,Usme.5,Usme.6,Sin información,Sin información.1,Sin información.2,Sin información.3,Sin información.4,Sin información.5,Sin información.6,CIFRA
CÓDIGOS DIVIPOLA,,,,,,,,,,,,,,,,,,,,,,,,,,,,,,,,,,,,,,,,,,,,,,,,,,,,,,,,,,,,,,,,,,,,,,,,,,,,,,,,,,,,,,,,,,,,,,,,,,,,,,,,,,,,,,,,,,,,,,,,,,,,,,,,,,,,,,,,,,,,,
SEXO,Hombre,Hombre,HOMBRE,Mujer,Mujer,MUJER,TOTAL,Hombre,Hombre,HOMBRE,Mujer,Mujer,MUJER,TOTAL,Hombre,Hombre,HOMBRE,Mujer,Mujer,MUJER,TOTAL,Hombre,Hombre,HOMBRE,Mujer,Mujer,MUJER,TOTAL,Hombre,Hombre,HOMBRE,Mujer,Mujer,MUJER,TOTAL,Hombre,Hombre,HOMBRE,Mujer,Mujer,MUJER,TOTAL,Hombre,Hombre,HOMBRE,Mujer,Mujer,MUJER,TOTAL,Hombre,Hombre,HOMBRE,Mujer,Mujer,MUJER,TOTAL,Hombre,Hombre,HOMBRE,Mujer,Mujer,MUJER,TOTAL,Hombre,Hombre,HOMBRE,Mujer,Mujer,MUJER,TOTAL,Hombre,Hombre,HOMBRE,Mujer,Mujer,MUJER,TOTAL,Hombre,Hombre,HOMBRE,Mujer,Mujer,MUJER,TOTAL,Hombre,Hombre,HOMBRE,Mujer,Mujer,MUJER,TOTAL,Hombre,Hombre,HOMBRE,Mujer,Mujer,MUJER,TOTAL,Hombre,Hombre,HOMBRE,Mujer,Mujer,MUJER,TOTAL,Hombre,Hombre,HOMBRE,Mujer,Mujer,MUJER,TOTAL,Hombre,Hombre,HOMBRE,Mujer,Mujer,MUJER,TOTAL,Hombre,Hombre,HOMBRE,Mujer,Mujer,MUJER,TOTAL,Hombre,Hombre,HOMBRE,Mujer,Mujer,MUJER,TOTAL,Hombre,Hombre,HOMBRE,Mujer,Mujer,MUJER,TOTAL,TOTAL
VARIABLE / MAYOR DE EDAD (> 18 AÑOS) O MENOR DE EDAD (< 18 AÑOS),Menores de Edad (<18 años),Mayores de Edad (>18 años),TOTAL,Menores de Edad (<18 años),Mayores de Edad (>18 años),TOTAL,,Menores de Edad (<18 años),Mayores de Edad (>18 años),TOTAL,Menores de Edad (<18 años),Mayores de Edad (>18 años),TOTAL,,Menores de Edad (<18 años),Mayores de Edad (>18 años),TOTAL,Menores de Edad (<18 años),Mayores de Edad (>18 años),TOTAL,,Menores de Edad (<18 años),Mayores de Edad (>18 años),TOTAL,Menores de Edad (<18 años),Mayores de Edad (>18 años),TOTAL,,Menores de Edad (<18 años),Mayores de Edad (>18 años),TOTAL,Menores de Edad (<18 años),Mayores de Edad (>18 años),TOTAL,,Menores de Edad (<18 años),Mayores de Edad (>18 años),TOTAL,Menores de Edad (<18 años),Mayores de Edad (>18 años),TOTAL,,Menores de Edad (<18 años),Mayores de Edad (>18 años),TOTAL,Menores de Edad (<18 años),Mayores de Edad (>18 años),TOTAL,,Menores de Edad (<18 años),Mayores de Edad (>18 años),TOTAL,Menores de Edad (<18 años),Mayores de Edad (>18 años),TOTAL,,Menores de Edad (<18 años),Mayores de Edad (>18 años),TOTAL,Menores de Edad (<18 años),Mayores de Edad (>18 años),TOTAL,,Menores de Edad (<18 años),Mayores de Edad (>18 años),TOTAL,Menores de Edad (<18 años),Mayores de Edad (>18 años),TOTAL,,Menores de Edad (<18 años),Mayores de Edad (>18 años),TOTAL,Menores de Edad (<18 años),Mayores de Edad (>18 años),TOTAL,,Menores de Edad (<18 años),Mayores de Edad (>18 años),TOTAL,Menores de Edad (<18 años),Mayores de Edad (>18 años),TOTAL,,Menores de Edad (<18 años),Mayores de Edad (>18 años),TOTAL,Menores de Edad (<18 años),Mayores de Edad (>18 años),TOTAL,,Menores de Edad (<18 años),Mayores de Edad (>18 años),TOTAL,Menores de Edad (<18 años),Mayores de Edad (>18 años),TOTAL,,Menores de Edad (<18 años),Mayores de Edad (>18 años),TOTAL,Menores de Edad (<18 años),Mayores de Edad (>18 años),TOTAL,,Menores de Edad (<18 años),Mayores de Edad (>18 años),TOTAL,Menores de Edad (<18 años),Mayores de Edad (>18 años),TOTAL,,Menores de Edad (<18 años),Mayores de Edad (>18 años),TOTAL,Menores de Edad (<18 años),Mayores de Edad (>18 años),TOTAL,,Menores de Edad (<18 años),Mayores de Edad (>18 años),TOTAL,Menores de Edad (<18 años),Mayores de Edad (>18 años),TOTAL,,Menores de Edad (<18 años),Mayores de Edad (>18 años),TOTAL,Menores de Edad (<18 años),Mayores de Edad (>18 años),TOTAL,,Menores de Edad (<18 años),Mayores de Edad (>18 años),TOTAL,Menores de Edad (<18 años),Mayores de Edad (>18 años),TOTAL,,GENERAL
VARIABLE: GRUPO DE EDAD,,,,,,,,,,,,,,,,,,,,,,,,,,,,,,,,,,,,,,,,,,,,,,,,,,,,,,,,,,,,,,,,,,,,,,,,,,,,,,,,,,,,,,,,,,,,,,,,,,,,,,,,,,,,,,,,,,,,,,,,,,,,,,,,,,,,,,,,,,,,,
(00 a 04),-,-,-,3,-,3,3,-,-,-,1,-,1,1,8,-,8,19,-,19,27,-,-,-,2,-,2,2,8,-,8,33,-,33,41,7,-,7,19,-,19,26,1,-,1,7,-,7,8,15,-,15,30,-,30,45,-,-,-,-,-,-,-,2,-,2,1,-,1,3,1,-,1,8,-,8,9,3,-,3,9,-,9,12,5,-,5,9,-,9,14,2,-,2,2,-,2,4,7,-,7,23,-,23,30,-,-,-,4,-,4,4,3,-,3,5,-,5,8,5,-,5,10,-,10,15,5,-,5,15,-,15,20,12,-,12,41,-,41,53,325
(05 a 09),-,-,-,4,-,4,4,4,-,4,5,-,5,9,15,-,15,50,-,50,65,2,-,2,1,-,1,3,17,-,17,48,-,48,65,9,-,9,26,-,26,35,6,-,6,13,-,13,19,13,-,13,63,-,63,76,-,-,-,-,-,-,-,1,-,1,3,-,3,4,5,-,5,10,-,10,15,5,-,5,29,-,29,34,4,-,4,29,-,29,33,2,-,2,8,-,8,10,21,-,21,54,-,54,75,-,-,-,3,-,3,3,3,-,3,4,-,4,7,9,-,9,15,-,15,24,11,-,11,32,-,32,43,26,-,26,82,-,82,108,632
(10 a 14),2,-,2,19,-,19,21,1,-,1,8,-,8,9,15,-,15,173,-,173,188,5,-,5,10,-,10,15,15,-,15,205,-,205,220,8,-,8,121,-,121,129,9,-,9,38,-,38,47,9,-,9,148,-,148,157,1,-,1,5,-,5,6,1,-,1,15,-,15,16,-,-,-,29,-,29,29,9,-,9,56,-,56,65,24,-,24,116,-,116,140,1,-,1,21,-,21,22,14,-,14,151,-,151,165,1,-,1,5,-,5,6,3,-,3,34,-,34,37,4,-,4,42,-,42,46,9,-,9,100,-,100,109,27,-,27,211,-,211,238,1665
(15 a 17),-,-,-,9,-,9,9,2,-,2,11,-,11,13,2,-,2,56,-,56,58,2,-,2,5,-,5,7,8,-,8,78,-,78,86,6,-,6,54,-,54,60,1,-,1,17,-,17,18,5,-,5,71,-,71,76,1,-,1,-,-,-,1,1,-,1,16,-,16,17,2,-,2,9,-,9,11,2,-,2,24,-,24,26,9,-,9,40,-,40,49,1,-,1,15,-,15,16,11,-,11,52,-,52,63,-,-,-,11,-,11,11,1,-,1,22,-,22,23,5,-,5,21,-,21,26,7,-,7,34,-,34,41,13,-,13,89,-,89,102,713
(18 a 19),-,-,-,-,2,2,2,-,-,-,-,2,2,2,-,-,-,-,6,6,6,-,-,-,-,2,2,2,-,-,-,-,16,16,16,-,1,1,-,13,13,14,-,-,-,-,1,1,1,-,4,4,-,17,17,21,-,-,-,-,-,-,-,-,-,-,-,2,2,2,-,-,-,-,6,6,6,-,1,1,-,9,9,10,-,2,2,-,1,1,3,-,-,-,-,4,4,4,-,1,1,-,17,17,18,-,-,-,-,1,1,1,-,-,-,-,2,2,2,-,-,-,-,5,5,5,-,-,-,-,12,12,12,-,-,-,-,20,20,20,147
(20 a 24),-,1,1,-,9,9,10,-,1,1,-,4,4,5,-,2,2,-,23,23,25,-,2,2,-,10,10,12,-,2,2,-,16,16,18,-,3,3,-,20,20,23,-,-,-,-,10,10,10,-,2,2,-,30,30,32,-,-,-,-,2,2,2,-,-,-,-,7,7,7,-,1,1,-,7,7,8,-,-,-,-,10,10,10,-,1,1,-,11,11,12,-,1,1,-,8,8,9,-,1,1,-,35,35,36,-,1,1,-,6,6,7,-,-,-,-,9,9,9,-,-,-,-,11,11,11,-,-,-,-,12,12,12,-,4,4,-,27,27,31,289
(25 a 29),-,-,-,-,1,1,1,-,-,-,-,4,4,4,-,1,1,-,13,13,14,-,1,1,-,4,4,5,-,3,3,-,12,12,15,-,1,1,-,6,6,7,-,1,1,-,6,6,7,-,-,-,-,14,14,14,-,-,-,-,1,1,1,-,-,-,-,-,-,-,-,1,1,-,7,7,8,-,1,1,-,1,1,2,-,-,-,-,9,9,9,-,-,-,-,-,-,-,-,4,4,-,13,13,17,-,-,-,-,5,5,5,-,-,-,-,3,3,3,-,2,2,-,6,6,8,-,-,-,-,2,2,2,-,1,1,-,9,9,10,132
(30 a 34),-,-,-,-,1,1,1,-,-,-,-,1,1,1,-,1,1,-,6,6,7,-,-,-,-,-,-,-,-,1,1,-,5,5,6,-,-,-,-,6,6,6,-,-,-,-,2,2,2,-,-,-,-,9,9,9,-,-,-,-,2,2,2,-,1,1,-,4,4,5,-,-,-,-,7,7,7,-,1,1,-,7,7,8,-,1,1,-,6,6,7,-,-,-,-,-,-,-,-,-,-,-,12,12,12,-,-,-,-,2,2,2,-,-,-,-,2,2,2,-,1,1,-,5,5,6,-,-,-,-,2,2,2,-,-,-,-,9,9,9,94
(35 a 39),-,-,-,-,-,-,-,-,-,-,-,-,-,-,-,-,-,-,4,4,4,-,-,-,-,2,2,2,-,-,-,-,2,2,2,-,-,-,-,7,7,7,-,-,-,-,2,2,2,-,-,-,-,11,11,11,-,-,-,-,1,1,1,-,-,-,-,2,2,2,-,-,-,-,5,5,5,-,-,-,-,4,4,4,-,-,-,-,6,6,6,-,-,-,-,-,-,-,-,1,1,-,7,7,8,-,-,-,-,-,-,-,-,-,-,-,1,1,1,-,1,1,-,2,2,3,-,-,-,-,4,4,4,-,-,-,-,5,5,5,67
(40 a 44),-,-,-,-,-,-,-,-,1,1,-,1,1,2,-,-,-,-,3,3,3,-,1,1,-,-,-,1,-,-,-,-,3,3,3,-,-,-,-,3,3,3,-,-,-,-,1,1,1,-,1,1,-,1,1,2,-,-,-,-,-,-,-,-,-,-,-,1,1,1,-,-,-,-,-,-,-,-,-,-,-,-,-,-,-,-,-,-,2,2,2,-,-,-,-,-,-,-,-,-,-,-,4,4,4,-,-,-,-,1,1,1,-,-,-,-,3,3,3,-,-,-,-,5,5,5,-,-,-,-,4,4,4,-,-,-,-,6,6,6,41
(45 a 49),-,-,-,-,1,1,1,-,-,-,-,-,-,-,-,-,-,-,3,3,3,-,-,-,-,3,3,3,-,-,-,-,5,5,5,-,-,-,-,1,1,1,-,-,-,-,2,2,2,-,-,-,-,4,4,4,-,-,-,-,-,-,-,-,-,-,-,1,1,1,-,-,-,-,-,-,-,-,-,-,-,-,-,-,-,-,-,-,1,1,1,-,-,-,-,3,3,3,-,-,-,-,3,3,3,-,-,-,-,-,-,-,-,-,-,-,-,-,-,-,-,-,-,2,2,2,-,-,-,-,-,-,-,-,-,-,-,1,1,1,30
(50 a 54),-,-,-,-,-,-,-,-,-,-,-,-,-,-,-,-,-,-,3,3,3,-,-,-,-,-,-,-,-,-,-,-,1,1,1,-,-,-,-,2,2,2,-,-,-,-,-,-,-,-,1,1,-,3,3,4,-,-,-,-,-,-,-,-,-,-,-,-,-,-,-,-,-,-,-,-,-,-,-,-,-,2,2,2,-,-,-,-,1,1,1,-,-,-,-,-,-,-,-,-,-,-,1,1,1,-,-,-,-,-,-,-,-,-,-,-,-,-,-,-,-,-,-,1,1,1,-,-,-,-,2,2,2,-,-,-,-,-,-,-,17
(55 a 59),-,-,-,-,1,1,1,-,-,-,-,1,1,1,-,-,-,-,-,-,-,-,-,-,-,1,1,1,-,-,-,-,-,-,-,-,-,-,-,3,3,3,-,-,-,-,-,-,-,-,-,-,-,-,-,-,-,-,-,-,-,-,-,-,-,-,-,-,-,-,-,-,-,-,-,-,-,-,-,-,-,-,-,-,-,-,-,-,2,2,2,-,-,-,-,2,2,2,-,-,-,-,2,2,2,-,-,-,-,-,-,-,-,-,-,-,-,-,-,-,-,-,-,-,-,-,-,-,-,-,-,-,-,-,1,1,-,-,-,1,13
(60 a 64),-,-,-,-,-,-,-,-,-,-,-,-,-,-,-,-,-,-,1,1,1,-,1,1,-,1,1,2,-,-,-,-,-,-,-,-,-,-,-,1,1,1,-,-,-,-,-,-,-,-,-,-,-,-,-,-,-,-,-,-,-,-,-,-,-,-,-,-,-,-,-,-,-,-,-,-,-,-,-,-,-,1,1,1,-,-,-,-,-,-,-,-,-,-,-,-,-,-,-,-,-,-,-,-,-,-,-,-,-,-,-,-,-,-,-,-,-,-,-,-,-,-,-,1,1,1,-,-,-,-,-,-,-,-,-,-,-,1,1,1,7
(65 a 69),-,-,-,-,-,-,-,-,-,-,-,-,-,-,-,-,-,-,1,1,1,-,-,-,-,-,-,-,-,-,-,-,-,-,-,-,-,-,-,-,-,-,-,-,-,-,-,-,-,-,-,-,-,1,1,1,-,-,-,-,-,-,-,-,-,-,-,-,-,-,-,-,-,-,-,-,-,-,-,-,-,-,-,-,-,-,-,-,1,1,1,-,1,1,-,-,-,1,-,-,-,-,-,-,-,-,-,-,-,1,1,1,-,-,-,-,-,-,-,-,-,-,-,-,-,-,-,-,-,-,-,-,-,-,-,-,-,-,-,-,5
(70 a 74),-,-,-,-,-,-,-,-,-,-,-,-,-,-,-,-,-,-,-,-,-,-,1,1,-,-,-,1,-,-,-,-,-,-,-,-,-,-,-,-,-,-,-,-,-,-,-,-,-,-,-,-,-,-,-,-,-,-,-,-,-,-,-,-,-,-,-,-,-,-,-,-,-,-,1,1,1,-,-,-,-,-,-,-,-,-,-,-,-,-,-,-,-,-,-,-,-,-,-,-,-,-,-,-,-,-,-,-,-,-,-,-,-,-,-,-,-,-,-,-,-,-,-,1,1,1,-,-,-,-,-,-,-,-,-,-,-,-,-,-,3
(75 a 79),-,-,-,-,-,-,-,-,-,-,-,-,-,-,-,-,-,-,-,-,-,-,-,-,-,-,-,-,-,-,-,-,-,-,-,-,-,-,-,1,1,1,-,-,-,-,-,-,-,-,-,-,-,1,1,1,-,-,-,-,-,-,-,-,-,-,-,-,-,-,-,-,-,-,-,-,-,-,-,-,-,-,-,-,-,-,-,-,-,-,-,-,-,-,-,-,-,-,-,-,-,-,-,-,-,-,-,-,-,-,-,-,-,-,-,-,-,-,-,-,-,-,-,-,-,-,-,-,-,-,-,-,-,-,-,-,-,-,-,-,2
(80 y más),-,-,-,-,-,-,-,-,-,-,-,-,-,-,-,-,-,-,-,-,-,-,-,-,-,-,-,-,-,-,-,-,-,-,-,-,-,-,-,1,1,1,-,-,-,-,-,-,-,-,-,-,-,-,-,-,-,-,-,-,-,-,-,-,-,-,-,-,-,-,-,-,-,-,-,-,-,-,-,-,-,-,-,-,-,-,-,-,-,-,-,-,-,-,-,-,-,-,-,-,-,-,-,-,-,-,-,-,-,-,-,-,-,-,-,-,-,-,-,-,-,-,-,-,-,-,-,-,-,-,-,-,-,-,-,-,-,1,1,1,2
TOTAL,2,1,3,35,15,50,53,7,2,9,25,13,38,47,40,4,44,298,63,361,405,9,6,15,18,23,41,56,48,6,54,364,60,424,478,30,5,35,220,64,284,319,17,1,18,75,24,99,117,42,8,50,312,91,403,453,2,-,2,5,6,11,13,5,1,6,35,17,52,58,8,2,10,56,33,89,99,19,3,22,118,34,152,174,42,4,46,194,40,234,280,6,2,8,46,17,63,71,53,7,60,280,94,374,434,1,1,2,23,16,39,41,10,-,10,65,20,85,95,23,4,27,88,39,127,154,32,-,32,181,38,219,251,78,6,84,423,79,502,586,4184
VARIABLE: GRUPO EDAD JUDICIAL,,,,,,,,,,,,,,,,,,,,,,,,,,,,,,,,,,,,,,,,,,,,,,,,,,,,,,,,,,,,,,,,,,,,,,,,,,,,,,,,,,,,,,,,,,,,,,,,,,,,,,,,,,,,,,,,,,,,,,,,,,,,,,,,,,,,,,,,,,,,,
(00 a 04),-,-,-,3,-,3,3,-,-,-,1,-,1,1,8,-,8,19,-,19,27,-,-,-,2,-,2,2,8,-,8,33,-,33,41,7,-,7,19,-,19,26,1,-,1,7,-,7,8,15,-,15,30,-,30,45,-,-,-,-,-,-,-,2,-,2,1,-,1,3,1,-,1,8,-,8,9,3,-,3,9,-,9,12,5,-,5,9,-,9,14,2,-,2,2,-,2,4,7,-,7,23,-,23,30,-,-,-,4,-,4,4,3,-,3,5,-,5,8,5,-,5,10,-,10,15,5,-,5,15,-,15,20,12,-,12,41,-,41,53,325
(05 a 09),-,-,-,4,-,4,4,4,-,4,5,-,5,9,15,-,15,50,-,50,65,2,-,2,1,-,1,3,17,-,17,48,-,48,65,9,-,9,26,-,26,35,6,-,6,13,-,13,19,13,-,13,63,-,63,76,-,-,-,-,-,-,-,1,-,1,3,-,3,4,5,-,5,10,-,10,15,5,-,5,29,-,29,34,4,-,4,29,-,29,33,2,-,2,8,-,8,10,21,-,21,54,-,54,75,-,-,-,3,-,3,3,3,-,3,4,-,4,7,9,-,9,15,-,15,24,11,-,11,32,-,32,43,26,-,26,82,-,82,108,632
(10 a 13),2,-,2,15,-,15,17,1,-,1,7,-,7,8,11,-,11,131,-,131,142,3,-,3,9,-,9,12,8,-,8,159,-,159,167,5,-,5,93,-,93,98,5,-,5,26,-,26,31,6,-,6,111,-,111,117,-,-,-,3,-,3,3,1,-,1,10,-,10,11,-,-,-,23,-,23,23,8,-,8,45,-,45,53,20,-,20,91,-,91,111,1,-,1,18,-,18,19,11,-,11,110,-,110,121,1,-,1,4,-,4,5,3,-,3,28,-,28,31,3,-,3,29,-,29,32,6,-,6,74,-,74,80,22,-,22,152,-,152,174,1255
(14 a 17),-,-,-,13,-,13,13,2,-,2,12,-,12,14,6,-,6,98,-,98,104,4,-,4,6,-,6,10,15,-,15,124,-,124,139,9,-,9,82,-,82,91,5,-,5,29,-,29,34,8,-,8,108,-,108,116,2,-,2,2,-,2,4,1,-,1,21,-,21,22,2,-,2,15,-,15,17,3,-,3,35,-,35,38,13,-,13,65,-,65,78,1,-,1,18,-,18,19,14,-,14,93,-,93,107,-,-,-,12,-,12,12,1,-,1,28,-,28,29,6,-,6,34,-,34,40,10,-,10,60,-,60,70,18,-,18,148,-,148,166,1123
(18 a 19),-,-,-,-,2,2,2,-,-,-,-,2,2,2,-,-,-,-,6,6,6,-,-,-,-,2,2,2,-,-,-,-,16,16,16,-,1,1,-,13,13,14,-,-,-,-,1,1,1,-,4,4,-,17,17,21,-,-,-,-,-,-,-,-,-,-,-,2,2,2,-,-,-,-,6,6,6,-,1,1,-,9,9,10,-,2,2,-,1,1,3,-,-,-,-,4,4,4,-,1,1,-,17,17,18,-,-,-,-,1,1,1,-,-,-,-,2,2,2,-,-,-,-,5,5,5,-,-,-,-,12,12,12,-,-,-,-,20,20,20,147
(20 a 24),-,1,1,-,9,9,10,-,1,1,-,4,4,5,-,2,2,-,23,23,25,-,2,2,-,10,10,12,-,2,2,-,16,16,18,-,3,3,-,20,20,23,-,-,-,-,10,10,10,-,2,2,-,30,30,32,-,-,-,-,2,2,2,-,-,-,-,7,7,7,-,1,1,-,7,7,8,-,-,-,-,10,10,10,-,1,1,-,11,11,12,-,1,1,-,8,8,9,-,1,1,-,35,35,36,-,1,1,-,6,6,7,-,-,-,-,9,9,9,-,-,-,-,11,11,11,-,-,-,-,12,12,12,-,4,4,-,27,27,31,289
(25 a 28),-,-,-,-,1,1,1,-,-,-,-,4,4,4,-,1,1,-,12,12,13,-,1,1,-,4,4,5,-,2,2,-,9,9,11,-,-,-,-,5,5,5,-,1,1,-,5,5,6,-,-,-,-,12,12,12,-,-,-,-,1,1,1,-,-,-,-,-,-,-,-,-,-,-,7,7,7,-,1,1,-,-,-,1,-,-,-,-,7,7,7,-,-,-,-,-,-,-,-,4,4,-,10,10,14,-,-,-,-,2,2,2,-,-,-,-,3,3,3,-,2,2,-,5,5,7,-,-,-,-,1,1,1,-,-,-,-,8,8,8,108
(29 a 34),-,-,-,-,1,1,1,-,-,-,-,1,1,1,-,1,1,-,7,7,8,-,-,-,-,-,-,-,-,2,2,-,8,8,10,-,1,1,-,7,7,8,-,-,-,-,3,3,3,-,-,-,-,11,11,11,-,-,-,-,2,2,2,-,1,1,-,4,4,5,-,1,1,-,7,7,8,-,1,1,-,8,8,9,-,1,1,-,8,8,9,-,-,-,-,-,-,-,-,-,-,-,15,15,15,-,-,-,-,5,5,5,-,-,-,-,2,2,2,-,1,1,-,6,6,7,-,-,-,-,3,3,3,-,1,1,-,10,10,11,118
(35 a 39),-,-,-,-,-,-,-,-,-,-,-,-,-,-,-,-,-,-,4,4,4,-,-,-,-,2,2,2,-,-,-,-,2,2,2,-,-,-,-,7,7,7,-,-,-,-,2,2,2,-,-,-,-,11,11,11,-,-,-,-,1,1,1,-,-,-,-,2,2,2,-,-,-,-,5,5,5,-,-,-,-,4,4,4,-,-,-,-,6,6,6,-,-,-,-,-,-,-,-,1,1,-,7,7,8,-,-,-,-,-,-,-,-,-,-,-,1,1,1,-,1,1,-,2,2,3,-,-,-,-,4,4,4,-,-,-,-,5,5,5,67
(40 a 44),-,-,-,-,-,-,-,-,1,1,-,1,1,2,-,-,-,-,3,3,3,-,1,1,-,-,-,1,-,-,-,-,3,3,3,-,-,-,-,3,3,3,-,-,-,-,1,1,1,-,1,1,-,1,1,2,-,-,-,-,-,-,-,-,-,-,-,1,1,1,-,-,-,-,-,-,-,-,-,-,-,-,-,-,-,-,-,-,2,2,2,-,-,-,-,-,-,-,-,-,-,-,4,4,4,-,-,-,-,1,1,1,-,-,-,-,3,3,3,-,-,-,-,5,5,5,-,-,-,-,4,4,4,-,-,-,-,6,6,6,41
(45 a 49),-,-,-,-,1,1,1,-,-,-,-,-,-,-,-,-,-,-,3,3,3,-,-,-,-,3,3,3,-,-,-,-,5,5,5,-,-,-,-,1,1,1,-,-,-,-,2,2,2,-,-,-,-,4,4,4,-,-,-,-,-,-,-,-,-,-,-,1,1,1,-,-,-,-,-,-,-,-,-,-,-,-,-,-,-,-,-,-,1,1,1,-,-,-,-,3,3,3,-,-,-,-,3,3,3,-,-,-,-,-,-,-,-,-,-,-,-,-,-,-,-,-,-,2,2,2,-,-,-,-,-,-,-,-,-,-,-,1,1,1,30
(50 a 54),-,-,-,-,-,-,-,-,-,-,-,-,-,-,-,-,-,-,3,3,3,-,-,-,-,-,-,-,-,-,-,-,1,1,1,-,-,-,-,2,2,2,-,-,-,-,-,-,-,-,1,1,-,3,3,4,-,-,-,-,-,-,-,-,-,-,-,-,-,-,-,-,-,-,-,-,-,-,-,-,-,2,2,2,-,-,-,-,1,1,1,-,-,-,-,-,-,-,-,-,-,-,1,1,1,-,-,-,-,-,-,-,-,-,-,-,-,-,-,-,-,-,-,1,1,1,-,-,-,-,2,2,2,-,-,-,-,-,-,-,17
(55 a 59),-,-,-,-,1,1,1,-,-,-,-,1,1,1,-,-,-,-,-,-,-,-,-,-,-,1,1,1,-,-,-,-,-,-,-,-,-,-,-,3,3,3,-,-,-,-,-,-,-,-,-,-,-,-,-,-,-,-,-,-,-,-,-,-,-,-,-,-,-,-,-,-,-,-,-,-,-,-,-,-,-,-,-,-,-,-,-,-,2,2,2,-,-,-,-,2,2,2,-,-,-,-,2,2,2,-,-,-,-,-,-,-,-,-,-,-,-,-,-,-,-,-,-,-,-,-,-,-,-,-,-,-,-,-,1,1,-,-,-,1,13
(60 a 64),-,-,-,-,-,-,-,-,-,-,-,-,-,-,-,-,-,-,1,1,1,-,1,1,-,1,1,2,-,-,-,-,-,-,-,-,-,-,-,1,1,1,-,-,-,-,-,-,-,-,-,-,-,-,-,-,-,-,-,-,-,-,-,-,-,-,-,-,-,-,-,-,-,-,-,-,-,-,-,-,-,1,1,1,-,-,-,-,-,-,-,-,-,-,-,-,-,-,-,-,-,-,-,-,-,-,-,-,-,-,-,-,-,-,-,-,-,-,-,-,-,-,-,1,1,1,-,-,-,-,-,-,-,-,-,-,-,1,1,1,7
(65 a 69),-,-,-,-,-,-,-,-,-,-,-,-,-,-,-,-,-,-,1,1,1,-,-,-,-,-,-,-,-,-,-,-,-,-,-,-,-,-,-,-,-,-,-,-,-,-,-,-,-,-,-,-,-,1,1,1,-,-,-,-,-,-,-,-,-,-,-,-,-,-,-,-,-,-,-,-,-,-,-,-,-,-,-,-,-,-,-,-,1,1,1,-,1,1,-,-,-,1,-,-,-,-,-,-,-,-,-,-,-,1,1,1,-,-,-,-,-,-,-,-,-,-,-,-,-,-,-,-,-,-,-,-,-,-,-,-,-,-,-,-,5
(70 a 74),-,-,-,-,-,-,-,-,-,-,-,-,-,-,-,-,-,-,-,-,-,-,1,1,-,-,-,1,-,-,-,-,-,-,-,-,-,-,-,-,-,-,-,-,-,-,-,-,-,-,-,-,-,-,-,-,-,-,-,-,-,-,-,-,-,-,-,-,-,-,-,-,-,-,1,1,1,-,-,-,-,-,-,-,-,-,-,-,-,-,-,-,-,-,-,-,-,-,-,-,-,-,-,-,-,-,-,-,-,-,-,-,-,-,-,-,-,-,-,-,-,-,-,1,1,1,-,-,-,-,-,-,-,-,-,-,-,-,-,-,3
(75 a 79),-,-,-,-,-,-,-,-,-,-,-,-,-,-,-,-,-,-,-,-,-,-,-,-,-,-,-,-,-,-,-,-,-,-,-,-,-,-,-,1,1,1,-,-,-,-,-,-,-,-,-,-,-,1,1,1,-,-,-,-,-,-,-,-,-,-,-,-,-,-,-,-,-,-,-,-,-,-,-,-,-,-,-,-,-,-,-,-,-,-,-,-,-,-,-,-,-,-,-,-,-,-,-,-,-,-,-,-,-,-,-,-,-,-,-,-,-,-,-,-,-,-,-,-,-,-,-,-,-,-,-,-,-,-,-,-,-,-,-,-,2
(80 y más),-,-,-,-,-,-,-,-,-,-,-,-,-,-,-,-,-,-,-,-,-,-,-,-,-,-,-,-,-,-,-,-,-,-,-,-,-,-,-,1,1,1,-,-,-,-,-,-,-,-,-,-,-,-,-,-,-,-,-,-,-,-,-,-,-,-,-,-,-,-,-,-,-,-,-,-,-,-,-,-,-,-,-,-,-,-,-,-,-,-,-,-,-,-,-,-,-,-,-,-,-,-,-,-,-,-,-,-,-,-,-,-,-,-,-,-,-,-,-,-,-,-,-,-,-,-,-,-,-,-,-,-,-,-,-,-,-,1,1,1,2
TOTAL,2,1,3,35,15,50,53,7,2,9,25,13,38,47,40,4,44,298,63,361,405,9,6,15,18,23,41,56,48,6,54,364,60,424,478,30,5,35,220,64,284,319,17,1,18,75,24,99,117,42,8,50,312,91,403,453,2,-,2,5,6,11,13,5,1,6,35,17,52,58,8,2,10,56,33,89,99,19,3,22,118,34,152,174,42,4,46,194,40,234,280,6,2,8,46,17,63,71,53,7,60,280,94,374,434,1,1,2,23,16,39,41,10,-,10,65,20,85,95,23,4,27,88,39,127,154,32,-,32,181,38,219,251,78,6,84,423,79,502,586,4184
VARIABLE: CICLO VITAL,,,,,,,,,,,,,,,,,,,,,,,,,,,,,,,,,,,,,,,,,,,,,,,,,,,,,,,,,,,,,,,,,,,,,,,,,,,,,,,,,,,,,,,,,,,,,,,,,,,,,,,,,,,,,,,,,,,,,,,,,,,,,,,,,,,,,,,,,,,,,
(00 a 05) Primera Infancia,-,-,-,4,-,4,4,-,-,-,1,-,1,1,12,-,12,26,-,26,38,1,-,1,2,-,2,3,10,-,10,42,-,42,52,10,-,10,23,-,23,33,3,-,3,9,-,9,12,16,-,16,36,-,36,52,-,-,-,-,-,-,-,3,-,3,1,-,1,4,1,-,1,9,-,9,10,3,-,3,10,-,10,13,6,-,6,14,-,14,20,2,-,2,4,-,4,6,16,-,16,35,-,35,51,-,-,-,5,-,5,5,4,-,4,5,-,5,9,5,-,5,11,-,11,16,7,-,7,22,-,22,29,17,-,17,56,-,56,73,431
(06 a 11) Infancia,1,-,1,10,-,10,11,4,-,4,8,-,8,12,16,-,16,86,-,86,102,3,-,3,4,-,4,7,19,-,19,84,-,84,103,8,-,8,47,-,47,55,6,-,6,19,-,19,25,15,-,15,97,-,97,112,-,-,-,-,-,-,-,-,-,-,7,-,7,7,5,-,5,14,-,14,19,7,-,7,41,-,41,48,12,-,12,45,-,45,57,2,-,2,12,-,12,14,19,-,19,71,-,71,90,1,-,1,2,-,2,3,2,-,2,12,-,12,14,12,-,12,23,-,23,35,12,-,12,52,-,52,64,31,-,31,110,-,110,141,919
(12 a 17) Adolescencia,1,-,1,21,-,21,22,3,-,3,16,-,16,19,12,-,12,186,-,186,198,5,-,5,12,-,12,17,19,-,19,238,-,238,257,12,-,12,150,-,150,162,8,-,8,47,-,47,55,11,-,11,179,-,179,190,2,-,2,5,-,5,7,2,-,2,27,-,27,29,2,-,2,33,-,33,35,9,-,9,67,-,67,76,24,-,24,135,-,135,159,2,-,2,30,-,30,32,18,-,18,174,-,174,192,-,-,-,16,-,16,16,4,-,4,48,-,48,52,6,-,6,54,-,54,60,13,-,13,107,-,107,120,30,-,30,257,-,257,287,1985
(18 a 28) Juventud,-,1,1,-,12,12,13,-,1,1,-,10,10,11,-,3,3,-,41,41,44,-,3,3,-,16,16,19,-,4,4,-,41,41,45,-,4,4,-,38,38,42,-,1,1,-,16,16,17,-,6,6,-,59,59,65,-,-,-,-,3,3,3,-,-,-,-,9,9,9,-,1,1,-,20,20,21,-,2,2,-,19,19,21,-,3,3,-,19,19,22,-,1,1,-,12,12,13,-,6,6,-,62,62,68,-,1,1,-,9,9,10,-,-,-,-,14,14,14,-,2,2,-,21,21,23,-,-,-,-,25,25,25,-,4,4,-,55,55,59,544
(29 a 59) Adultez,-,-,-,-,3,3,3,-,1,1,-,3,3,4,-,1,1,-,20,20,21,-,1,1,-,6,6,7,-,2,2,-,19,19,21,-,1,1,-,23,23,24,-,-,-,-,8,8,8,-,2,2,-,30,30,32,-,-,-,-,3,3,3,-,1,1,-,8,8,9,-,1,1,-,12,12,13,-,1,1,-,14,14,15,-,1,1,-,20,20,21,-,-,-,-,5,5,5,-,1,1,-,32,32,33,-,-,-,-,6,6,6,-,-,-,-,6,6,6,-,2,2,-,16,16,18,-,-,-,-,13,13,13,-,2,2,-,22,22,24,286
(Más de 60) Adulto Mayor,-,-,-,-,-,-,-,-,-,-,-,-,-,-,-,-,-,-,2,2,2,-,2,2,-,1,1,3,-,-,-,-,-,-,-,-,-,-,-,3,3,3,-,-,-,-,-,-,-,-,-,-,-,2,2,2,-,-,-,-,-,-,-,-,-,-,-,-,-,-,-,-,-,-,1,1,1,-,-,-,-,1,1,1,-,-,-,-,1,1,1,-,1,1,-,-,-,1,-,-,-,-,-,-,-,-,-,-,-,1,1,1,-,-,-,-,-,-,-,-,-,-,-,2,2,2,-,-,-,-,-,-,-,-,-,-,-,2,2,2,19
TOTAL,2,1,3,35,15,50,53,7,2,9,25,13,38,47,40,4,44,298,63,361,405,9,6,15,18,23,41,56,48,6,54,364,60,424,478,30,5,35,220,64,284,319,17,1,18,75,24,99,117,42,8,50,312,91,403,453,2,-,2,5,6,11,13,5,1,6,35,17,52,58,8,2,10,56,33,89,99,19,3,22,118,34,152,174,42,4,46,194,40,234,280,6,2,8,46,17,63,71,53,7,60,280,94,374,434,1,1,2,23,16,39,41,10,-,10,65,20,85,95,23,4,27,88,39,127,154,32,-,32,181,38,219,251,78,6,84,423,79,502,586,4184
VARIABLE: ESCOLARIDAD,,,,,,,,,,,,,,,,,,,,,,,,,,,,,,,,,,,,,,,,,,,,,,,,,,,,,,,,,,,,,,,,,,,,,,,,,,,,,,,,,,,,,,,,,,,,,,,,,,,,,,,,,,,,,,,,,,,,,,,,,,,,,,,,,,,,,,,,,,,,,
Educación inicial y educación preescolar,-,-,-,4,-,4,4,3,-,3,6,-,6,9,18,-,18,84,1,85,103,3,-,3,2,-,2,5,24,1,25,70,3,73,98,14,-,14,44,-,44,58,6,-,6,16,2,18,24,20,-,20,82,2,84,104,-,-,-,-,-,-,-,2,-,2,7,1,8,10,4,-,4,15,-,15,19,6,-,6,35,-,35,41,12,-,12,39,1,40,52,2,-,2,10,2,12,14,28,1,29,64,2,66,95,1,-,1,2,-,2,3,3,-,3,5,-,5,8,10,-,10,21,-,21,31,14,-,14,53,1,54,68,28,-,28,112,6,118,146,892
Educación básica primaria,2,-,2,18,1,19,21,1,-,1,10,3,13,14,13,1,14,148,6,154,168,5,-,5,9,1,10,15,14,-,14,208,8,216,230,6,-,6,110,4,114,120,9,1,10,37,1,38,48,12,-,12,133,6,139,151,2,-,2,5,-,5,7,1,-,1,19,4,23,24,-,-,-,26,1,27,27,9,1,10,55,1,56,66,21,1,22,118,4,122,144,2,1,3,25,2,27,30,7,1,8,144,1,145,153,-,-,-,5,-,5,5,3,-,3,38,2,40,43,2,1,3,39,2,41,44,11,-,11,87,4,91,102,27,1,28,202,6,208,236,1648
Educación básica secundaria o secundaria baja,-,-,-,9,-,9,9,2,1,3,6,1,7,10,1,-,1,37,3,40,41,-,1,1,5,1,6,7,2,-,2,40,5,45,47,3,-,3,39,1,40,43,-,-,-,14,-,14,14,-,-,-,44,5,49,49,-,-,-,-,-,-,-,-,-,-,4,-,4,4,1,-,1,4,-,4,5,-,-,-,15,1,16,16,3,1,4,20,4,24,28,-,-,-,4,1,5,5,6,-,6,37,6,43,49,-,-,-,6,-,6,6,1,-,1,15,-,15,16,5,-,5,13,1,14,19,2,-,2,17,3,20,22,1,-,1,41,6,47,48,438
Educación media o secundaria alta,-,-,-,1,9,10,10,-,1,1,2,5,7,8,1,2,3,10,34,44,47,-,3,3,1,12,13,16,1,5,6,12,32,44,50,-,5,5,8,47,55,60,-,-,-,2,18,20,20,1,7,8,21,51,72,80,-,-,-,-,3,3,3,-,1,1,3,7,10,11,1,1,2,3,18,21,23,1,2,3,4,22,26,29,2,2,4,4,16,20,24,-,1,1,4,10,14,15,5,3,8,10,56,66,74,-,1,1,2,10,12,13,-,-,-,2,14,16,16,-,1,1,6,23,29,30,-,-,-,10,22,32,32,2,3,5,21,41,62,67,628
Educación técnica profesional y tecnológica,-,1,1,-,4,4,5,-,-,-,-,2,2,2,-,1,1,-,16,16,17,-,-,-,-,7,7,7,-,-,-,-,10,10,10,-,-,-,1,9,10,10,-,-,-,-,3,3,3,-,-,-,1,25,26,26,-,-,-,-,2,2,2,-,-,-,-,4,4,4,-,1,1,-,11,11,12,-,-,-,-,7,7,7,-,-,-,-,12,12,12,-,-,-,-,1,1,1,-,1,1,-,25,25,26,-,-,-,1,5,6,6,-,-,-,-,4,4,4,-,2,2,-,11,11,13,-,-,-,-,7,7,7,-,1,1,-,16,16,17,191
Universitario,-,-,-,-,-,-,-,-,-,-,-,1,1,1,-,-,-,-,-,-,-,-,1,1,-,-,-,1,-,-,-,-,-,-,-,-,-,-,-,1,1,1,-,-,-,-,-,-,-,-,-,-,-,-,-,-,-,-,-,-,-,-,-,-,-,-,-,1,1,1,-,-,-,-,1,1,1,-,-,-,-,-,-,-,-,-,-,-,-,-,-,-,-,-,-,1,1,1,-,-,-,-,-,-,-,-,-,-,-,1,1,1,-,-,-,-,-,-,-,-,-,-,-,2,2,2,-,-,-,-,-,-,-,-,-,-,-,3,3,3,12
"Especialización, Maestría o equivalente",-,-,-,-,-,-,-,-,-,-,-,-,-,-,-,-,-,-,1,1,1,-,-,-,-,1,1,1,-,-,-,-,-,-,-,-,-,-,-,1,1,1,-,-,-,-,-,-,-,-,-,-,-,-,-,-,-,-,-,-,-,-,-,-,-,-,-,-,-,-,-,-,-,-,1,1,1,-,-,-,-,-,-,-,-,-,-,-,-,-,-,-,-,-,-,-,-,-,-,-,-,-,-,-,-,-,-,-,-,-,-,-,-,-,-,-,-,-,-,-,-,-,-,-,-,-,-,-,-,-,-,-,-,-,-,-,-,-,-,-,4
Sin escolaridad,-,-,-,3,-,3,3,1,-,1,-,-,-,1,7,-,7,14,-,14,21,1,1,2,1,-,1,3,6,-,6,29,1,30,36,4,-,4,17,-,17,21,2,-,2,5,-,5,7,9,1,10,27,-,27,37,-,-,-,-,-,-,-,2,-,2,1,-,1,3,1,-,1,7,-,7,8,3,-,3,7,1,8,11,4,-,4,12,2,14,18,2,-,2,2,-,2,4,7,-,7,23,3,26,33,-,-,-,7,-,7,7,3,-,3,5,-,5,8,6,-,6,8,-,8,14,5,-,5,12,1,13,18,18,-,18,42,-,42,60,313
Sin información,-,-,-,-,1,1,1,-,-,-,1,1,2,2,-,-,-,5,2,7,7,-,-,-,-,1,1,1,1,-,1,5,1,6,7,3,-,3,1,1,2,5,-,-,-,1,-,1,1,-,-,-,4,2,6,6,-,-,-,-,1,1,1,-,-,-,1,-,1,1,1,-,1,1,1,2,3,-,-,-,2,2,4,4,-,-,-,1,1,2,2,-,-,-,1,-,1,1,-,1,1,2,1,3,4,-,-,-,-,-,-,-,-,-,-,-,-,-,-,-,-,-,1,-,1,1,-,-,-,2,-,2,2,2,1,3,5,1,6,9,58
TOTAL,2,1,3,35,15,50,53,7,2,9,25,13,38,47,40,4,44,298,63,361,405,9,6,15,18,23,41,56,48,6,54,364,60,424,478,30,5,35,220,64,284,319,17,1,18,75,24,99,117,42,8,50,312,91,403,453,2,-,2,5,6,11,13,5,1,6,35,17,52,58,8,2,10,56,33,89,99,19,3,22,118,34,152,174,42,4,46,194,40,234,280,6,2,8,46,17,63,71,53,7,60,280,94,374,434,1,1,2,23,16,39,41,10,-,10,65,20,85,95,23,4,27,88,39,127,154,32,-,32,181,38,219,251,78,6,84,423,79,502,586,4184
VARIABLE: ESTADO CIVIL,,,,,,,,,,,,,,,,,,,,,,,,,,,,,,,,,,,,,,,,,,,,,,,,,,,,,,,,,,,,,,,,,,,,,,,,,,,,,,,,,,,,,,,,,,,,,,,,,,,,,,,,,,,,,,,,,,,,,,,,,,,,,,,,,,,,,,,,,,,,,
Soltero (a),2,1,3,28,13,41,44,3,1,4,19,11,30,34,17,3,20,229,49,278,298,7,3,10,15,18,33,43,23,6,29,281,38,319,348,14,4,18,175,46,221,239,10,1,11,55,17,72,83,14,8,22,219,74,293,315,2,-,2,5,3,8,10,2,1,3,31,12,43,46,2,2,4,38,24,62,66,11,2,13,79,23,102,115,33,3,36,156,30,186,222,2,2,4,34,14,48,52,25,7,32,201,72,273,305,1,1,2,16,13,29,31,4,-,4,56,18,74,78,9,4,13,63,28,91,104,16,-,16,132,25,157,173,40,4,44,294,67,361,405,3011
Unión libre,-,-,-,-,1,1,1,-,1,1,-,2,2,3,-,1,1,-,8,8,9,-,2,2,-,1,1,3,-,-,-,1,18,19,19,-,1,1,-,5,5,6,-,-,-,-,3,3,3,-,-,-,-,9,9,9,-,-,-,-,1,1,1,-,-,-,-,4,4,4,-,-,-,-,4,4,4,-,1,1,1,6,7,8,-,-,-,-,7,7,7,-,-,-,1,2,3,3,-,-,-,-,13,13,13,-,-,-,-,1,1,1,-,-,-,-,1,1,1,-,-,-,-,6,6,6,-,-,-,1,8,9,9,-,2,2,2,4,6,8,118
Casado (a),-,-,-,-,-,-,-,-,-,-,-,-,-,-,-,-,-,-,4,4,4,-,1,1,-,2,2,3,-,-,-,-,2,2,2,-,-,-,-,8,8,8,-,-,-,-,2,2,2,-,-,-,-,3,3,3,-,-,-,-,1,1,1,-,-,-,-,-,-,-,-,-,-,-,3,3,3,-,-,-,-,2,2,2,-,-,-,-,2,2,2,-,-,-,-,-,-,-,-,-,-,-,6,6,6,-,-,-,-,1,1,1,-,-,-,-,1,1,1,-,-,-,-,3,3,3,-,-,-,-,4,4,4,-,-,-,-,6,6,6,51
"Separado (a), Divorciado (a)",-,-,-,-,-,-,-,-,-,-,-,-,-,-,-,-,-,-,2,2,2,-,-,-,-,1,1,1,-,-,-,-,-,-,-,-,-,-,-,3,3,3,-,-,-,-,2,2,2,-,-,-,-,2,2,2,-,-,-,-,-,-,-,-,-,-,-,-,-,-,-,-,-,-,1,1,1,-,-,-,-,1,1,1,-,-,-,-,1,1,1,-,-,-,-,-,-,-,-,-,-,-,1,1,1,-,-,-,-,-,-,-,-,-,-,-,-,-,-,-,-,-,-,2,2,2,-,-,-,-,1,1,1,-,-,-,-,1,1,1,18
Viudo (a),-,-,-,-,-,-,-,-,-,-,-,-,-,-,-,-,-,-,-,-,-,-,-,-,-,1,1,1,-,-,-,-,-,-,-,-,-,-,-,2,2,2,-,-,-,-,-,-,-,-,-,-,-,1,1,1,-,-,-,-,-,-,-,-,-,-,-,-,-,-,-,-,-,-,-,-,-,-,-,-,-,-,-,-,-,-,-,-,-,-,-,-,-,-,-,1,1,1,-,-,-,-,-,-,-,-,-,-,-,1,1,1,-,-,-,-,-,-,-,-,-,-,-,-,-,-,-,-,-,-,-,-,-,-,-,-,-,-,-,-,6
No aplica,-,-,-,7,-,7,7,4,-,4,6,-,6,10,23,-,23,69,-,69,92,2,-,2,3,-,3,5,25,-,25,81,-,81,106,16,-,16,45,-,45,61,7,-,7,20,-,20,27,28,-,28,93,-,93,121,-,-,-,-,-,-,-,3,-,3,4,-,4,7,6,-,6,18,-,18,24,8,-,8,38,-,38,46,9,-,9,38,-,38,47,4,-,4,10,-,10,14,28,-,28,77,-,77,105,-,-,-,7,-,7,7,6,-,6,9,-,9,15,14,-,14,25,-,25,39,16,-,16,47,-,47,63,38,-,38,123,-,123,161,957
Sin información,-,-,-,-,1,1,1,-,-,-,-,-,-,-,-,-,-,-,-,-,-,-,-,-,-,-,-,-,-,-,-,1,2,3,3,-,-,-,-,-,-,-,-,-,-,-,-,-,-,-,-,-,-,2,2,2,-,-,-,-,1,1,1,-,-,-,-,1,1,1,-,-,-,-,1,1,1,-,-,-,-,2,2,2,-,1,1,-,-,-,1,-,-,-,1,-,1,1,-,-,-,2,2,4,4,-,-,-,-,-,-,-,-,-,-,-,-,-,-,-,-,-,-,-,-,-,-,-,-,1,-,1,1,-,-,-,4,1,5,5,23
TOTAL,2,1,3,35,15,50,53,7,2,9,25,13,38,47,40,4,44,298,63,361,405,9,6,15,18,23,41,56,48,6,54,364,60,424,478,30,5,35,220,64,284,319,17,1,18,75,24,99,117,42,8,50,312,91,403,453,2,-,2,5,6,11,13,5,1,6,35,17,52,58,8,2,10,56,33,89,99,19,3,22,118,34,152,174,42,4,46,194,40,234,280,6,2,8,46,17,63,71,53,7,60,280,94,374,434,1,1,2,23,16,39,41,10,-,10,65,20,85,95,23,4,27,88,39,127,154,32,-,32,181,38,219,251,78,6,84,423,79,502,586,4184
VARIABLE: FACTOR DE VULNERABILIDAD,,,,,,,,,,,,,,,,,,,,,,,,,,,,,,,,,,,,,,,,,,,,,,,,,,,,,,,,,,,,,,,,,,,,,,,,,,,,,,,,,,,,,,,,,,,,,,,,,,,,,,,,,,,,,,,,,,,,,,,,,,,,,,,,,,,,,,,,,,,,,
Campesinos (as) y/o trabajadores (as) del campo,-,-,-,-,-,-,-,-,-,-,-,-,-,-,-,-,-,-,-,-,-,-,-,-,-,-,-,-,-,-,-,1,1,2,2,-,-,-,-,-,-,-,-,-,-,-,-,-,-,-,-,-,-,-,-,-,-,-,-,-,-,-,-,-,-,-,-,-,-,-,-,-,-,-,-,-,-,-,-,-,-,-,-,-,-,-,-,-,-,-,-,-,-,-,-,-,-,-,-,-,-,-,-,-,-,-,-,-,-,-,-,-,-,-,-,-,-,-,-,-,-,-,-,-,-,-,-,-,-,-,-,-,-,-,-,-,-,-,-,-,2
Comunidad LGBT,-,-,-,2,-,2,2,-,-,-,1,1,2,2,1,2,3,1,3,4,7,-,1,1,1,-,1,2,2,-,2,6,2,8,10,2,-,2,5,-,5,7,-,-,-,3,1,4,4,-,1,1,4,-,4,5,-,-,-,-,-,-,-,-,-,-,-,1,1,1,-,1,1,1,1,2,3,1,1,2,1,1,2,4,1,-,1,6,-,6,7,-,-,-,-,-,-,-,2,1,3,7,1,8,11,-,1,1,-,-,-,1,-,-,-,1,-,1,1,1,2,3,1,-,1,4,1,-,1,-,1,1,2,2,1,3,3,2,5,8,81
Conductores de vehículos de servicio público,-,-,-,-,-,-,-,-,-,-,-,-,-,-,-,-,-,-,-,-,-,-,-,-,-,-,-,-,-,-,-,1,-,1,1,-,-,-,1,-,1,1,-,-,-,-,-,-,-,-,-,-,-,-,-,-,-,-,-,-,-,-,-,-,-,-,-,-,-,-,-,-,-,-,-,-,-,-,-,-,-,-,-,-,-,-,-,-,-,-,-,-,-,-,-,-,-,-,-,-,-,-,-,-,-,-,-,-,-,-,-,-,-,-,-,-,-,-,-,-,-,-,-,-,-,-,-,-,-,-,-,-,-,-,-,-,-,-,-,-,2
Grupos étnicos,-,-,-,-,-,-,-,-,-,-,-,-,-,-,-,-,-,2,2,4,4,-,-,-,-,-,-,-,1,-,1,3,-,3,4,-,-,-,1,-,1,1,-,-,-,-,-,-,-,-,-,-,1,2,3,3,-,-,-,-,-,-,-,-,-,-,-,-,-,-,-,-,-,-,-,-,-,-,-,-,-,-,-,-,-,-,-,1,-,1,1,-,-,-,1,-,1,1,-,-,-,1,1,2,2,-,-,-,-,-,-,-,-,-,-,1,-,1,1,-,-,-,-,-,-,-,-,-,-,-,-,-,-,-,-,-,-,-,-,-,17
Mujer cabeza de hogar o de familia ,-,-,-,-,-,-,-,-,-,-,-,-,-,-,-,-,-,-,-,-,-,-,-,-,-,-,-,-,-,-,-,-,-,-,-,-,-,-,-,-,-,-,-,-,-,-,-,-,-,-,-,-,-,1,1,1,-,-,-,-,-,-,-,-,-,-,-,-,-,-,-,-,-,-,-,-,-,-,-,-,-,-,-,-,-,-,-,-,-,-,-,-,-,-,-,-,-,-,-,-,-,-,-,-,-,-,-,-,-,-,-,-,-,-,-,-,1,1,1,-,-,-,-,-,-,-,-,-,-,-,-,-,-,-,-,-,-,-,-,-,2
"Niños, niñas, adolescentes bajo la protección del ICBF",-,-,-,-,-,-,-,-,-,-,-,-,-,-,-,-,-,1,-,1,1,-,-,-,-,-,-,-,-,-,-,-,-,-,-,1,-,1,-,-,-,1,1,-,1,-,-,-,1,-,-,-,1,-,1,1,-,-,-,-,-,-,-,-,-,-,1,-,1,1,-,-,-,-,-,-,-,-,-,-,-,-,-,-,-,-,-,-,-,-,-,-,-,-,-,-,-,-,-,-,-,-,-,-,-,-,-,-,-,-,-,-,-,-,-,-,-,-,-,-,-,-,-,-,-,-,-,-,-,-,-,-,-,-,-,-,2,-,2,2,7
"Niños, niñas, adolescentes en condición de abandono",-,-,-,-,-,-,-,-,-,-,-,-,-,-,-,-,-,2,-,2,2,-,-,-,1,-,1,1,-,-,-,1,-,1,1,-,-,-,1,-,1,1,-,-,-,-,-,-,-,-,-,-,1,-,1,1,-,-,-,-,-,-,-,-,-,-,-,-,-,-,-,-,-,-,-,-,-,-,-,-,-,-,-,-,1,-,1,-,-,-,1,-,-,-,-,-,-,-,-,-,-,1,1,2,2,-,-,-,-,-,-,-,-,-,-,1,-,1,1,-,-,-,-,-,-,-,-,-,-,1,-,1,1,1,1,2,1,-,1,3,14
Persona adicta a una droga natural o sintética,-,-,-,-,1,1,1,-,-,-,1,-,1,1,-,-,-,3,2,5,5,-,-,-,-,3,3,3,-,-,-,4,3,7,7,-,-,-,4,4,8,8,-,-,-,-,1,1,1,-,-,-,1,8,9,9,-,-,-,-,1,1,1,-,-,-,1,-,1,1,-,-,-,-,-,-,-,-,-,-,-,-,-,-,-,-,-,1,2,3,3,-,-,-,1,1,2,2,1,1,2,1,9,10,12,-,-,-,-,4,4,4,-,-,-,1,2,3,3,-,2,2,-,1,1,3,-,-,-,2,-,2,2,-,-,-,-,2,2,2,68
Persona en condición de desplazamiento ,-,-,-,-,-,-,-,-,-,-,-,-,-,-,-,-,-,-,-,-,-,-,-,-,-,-,-,-,-,-,-,2,-,2,2,-,-,-,-,-,-,-,-,-,-,1,-,1,1,-,-,-,-,-,-,-,-,-,-,-,-,-,-,-,-,-,-,-,-,-,-,-,-,-,-,-,-,-,-,-,-,-,-,-,-,-,-,-,-,-,-,-,-,-,-,-,-,-,-,-,-,1,-,1,1,-,-,-,-,-,-,-,-,-,-,1,-,1,1,-,-,-,-,-,-,-,1,-,1,2,-,2,3,-,-,-,-,1,1,1,9
Persona en situación de prostitución,-,-,-,-,-,-,-,-,-,-,-,-,-,-,-,-,-,-,-,-,-,-,-,-,-,-,-,-,-,-,-,1,-,1,1,-,-,-,-,-,-,-,-,-,-,-,-,-,-,-,-,-,-,-,-,-,-,-,-,-,-,-,-,-,-,-,1,-,1,1,-,-,-,-,-,-,-,-,-,-,-,-,-,-,-,-,-,-,-,-,-,-,-,-,1,-,1,1,-,-,-,-,-,-,-,-,-,-,-,-,-,-,-,-,-,-,-,-,-,-,-,-,-,-,-,-,-,-,-,-,-,-,-,-,-,-,1,-,1,1,4
Persona recluida en establecimiento de rehabilitación y pabellones psiquiátricos,-,-,-,-,-,-,-,-,-,-,-,-,-,-,-,-,-,-,-,-,-,-,-,-,-,-,-,-,-,-,-,-,-,-,-,-,-,-,-,1,1,1,-,-,-,-,-,-,-,-,-,-,-,-,-,-,-,-,-,-,-,-,-,-,-,-,-,-,-,-,-,-,-,1,-,1,1,-,-,-,-,-,-,-,-,-,-,-,1,1,1,-,-,-,-,-,-,-,-,-,-,-,1,1,1,-,-,-,-,-,-,-,-,-,-,-,-,-,-,-,-,-,-,-,-,-,-,-,-,-,-,-,-,-,-,-,-,-,-,-,4
Personas bajo custodia,-,-,-,-,-,-,-,-,1,1,-,3,3,4,-,-,-,-,-,-,-,-,-,-,-,-,-,-,-,-,-,-,-,-,-,-,-,-,-,-,-,-,-,-,-,-,-,-,-,-,-,-,-,-,-,-,-,-,-,-,-,-,-,-,-,-,-,-,-,-,-,1,1,-,-,-,1,-,-,-,-,-,-,-,-,-,-,-,-,-,-,-,-,-,-,-,-,-,-,-,-,-,-,-,-,-,-,-,-,-,-,-,-,-,-,-,-,-,-,-,-,-,-,-,-,-,-,-,-,-,-,-,-,-,1,1,-,-,-,1,6
Ninguno ,2,1,3,33,14,47,50,7,1,8,23,9,32,40,39,2,41,289,56,345,386,9,5,14,16,20,36,50,45,6,51,345,54,399,450,27,5,32,208,59,267,299,16,1,17,71,22,93,110,42,7,49,304,80,384,433,2,-,2,5,5,10,12,5,1,6,32,16,48,54,8,-,8,54,32,86,94,18,2,20,117,33,150,170,40,4,44,186,37,223,267,6,2,8,43,16,59,67,50,5,55,269,81,350,405,1,-,1,23,12,35,36,10,-,10,60,17,77,87,22,-,22,87,38,125,147,30,-,30,176,37,213,243,74,3,77,416,74,490,567,3967
Sin información,-,-,-,-,-,-,-,-,-,-,-,-,-,-,-,-,-,-,-,-,-,-,-,-,-,-,-,-,-,-,-,-,-,-,-,-,-,-,-,-,-,-,-,-,-,-,-,-,-,-,-,-,-,-,-,-,-,-,-,-,-,-,-,-,-,-,-,-,-,-,-,-,-,-,-,-,-,-,-,-,-,-,-,-,-,-,-,-,-,-,-,-,-,-,-,-,-,-,-,-,-,-,-,-,-,-,-,-,-,-,-,-,-,-,-,-,-,-,-,-,-,-,-,-,-,-,-,-,-,-,-,-,-,1,-,1,-,-,-,1,1
TOTAL,2,1,3,35,15,50,53,7,2,9,25,13,38,47,40,4,44,298,63,361,405,9,6,15,18,23,41,56,48,6,54,364,60,424,478,30,5,35,220,64,284,319,17,1,18,75,24,99,117,42,8,50,312,91,403,453,2,-,2,5,6,11,13,5,1,6,35,17,52,58,8,2,10,56,33,89,99,19,3,22,118,34,152,174,42,4,46,194,40,234,280,6,2,8,46,17,63,71,53,7,60,280,94,374,434,1,1,2,23,16,39,41,10,-,10,65,20,85,95,23,4,27,88,39,127,154,32,-,32,181,38,219,251,78,6,84,423,79,502,586,4184
VARIABLE: TIPO DE DISCAPACIDAD,,,,,,,,,,,,,,,,,,,,,,,,,,,,,,,,,,,,,,,,,,,,,,,,,,,,,,,,,,,,,,,,,,,,,,,,,,,,,,,,,,,,,,,,,,,,,,,,,,,,,,,,,,,,,,,,,,,,,,,,,,,,,,,,,,,,,,,,,,,,,
Auditiva,-,-,-,-,-,-,-,-,-,-,-,-,-,-,-,-,-,-,-,-,-,-,-,-,-,-,-,-,-,-,-,-,1,1,1,-,-,-,-,-,-,-,-,-,-,-,-,-,-,-,-,-,-,-,-,-,-,-,-,-,-,-,-,-,-,-,-,-,-,-,-,-,-,-,-,-,-,-,-,-,-,-,-,-,-,-,-,1,-,1,1,-,-,-,-,-,-,-,-,-,-,-,-,-,-,-,-,-,-,-,-,-,-,-,-,-,-,-,-,-,-,-,-,-,-,-,-,-,-,-,-,-,-,-,-,-,-,-,-,-,2
Mental,-,-,-,-,-,-,-,-,-,-,-,-,-,-,-,-,-,-,1,1,1,-,1,1,-,-,-,1,-,-,-,-,-,-,-,-,-,-,-,-,-,-,-,-,-,-,1,1,1,-,1,1,-,-,-,1,-,-,-,-,-,-,-,-,-,-,-,-,-,-,-,-,-,-,-,-,-,-,-,-,1,-,1,1,1,-,1,-,1,1,2,-,-,-,-,-,-,-,-,1,1,-,2,2,3,-,-,-,-,-,-,-,-,-,-,-,1,1,1,-,-,-,-,-,-,-,-,-,-,-,1,1,1,2,-,2,-,-,-,2,14
Siquica,-,-,-,-,-,-,-,-,-,-,-,-,-,-,-,-,-,-,-,-,-,-,-,-,-,-,-,-,-,-,-,-,-,-,-,-,-,-,-,1,1,1,-,-,-,-,-,-,-,-,-,-,-,-,-,-,-,-,-,-,-,-,-,-,-,-,-,-,-,-,-,-,-,-,-,-,-,-,-,-,-,-,-,-,-,-,-,-,-,-,-,-,-,-,-,-,-,-,-,-,-,-,1,1,1,-,-,-,-,-,-,-,-,-,-,-,-,-,-,-,-,-,-,-,-,-,-,-,-,-,-,-,-,-,-,-,-,-,-,-,2
Visual,-,-,-,-,-,-,-,-,-,-,-,-,-,-,-,-,-,-,-,-,-,-,-,-,-,-,-,-,-,-,-,-,-,-,-,-,-,-,-,-,-,-,-,-,-,-,-,-,-,-,-,-,1,-,1,1,-,-,-,-,-,-,-,-,-,-,-,-,-,-,-,-,-,-,-,-,-,-,-,-,-,-,-,-,-,-,-,-,-,-,-,-,-,-,-,-,-,-,-,-,-,-,-,-,-,-,-,-,-,-,-,-,-,-,-,-,-,-,-,-,-,-,-,-,-,-,-,-,-,-,-,-,-,-,-,-,-,-,-,-,1
Discapacidad múltiple,-,-,-,-,-,-,-,-,-,-,-,-,-,-,-,-,-,-,-,-,-,-,-,-,-,-,-,-,-,-,-,-,1,1,1,-,-,-,-,-,-,-,-,-,-,-,-,-,-,-,-,-,-,-,-,-,-,-,-,-,-,-,-,-,-,-,-,-,-,-,-,-,-,1,-,1,1,-,-,-,-,-,-,-,-,-,-,1,-,1,1,-,-,-,-,-,-,-,-,-,-,-,-,-,-,-,-,-,-,-,-,-,-,-,-,-,-,-,-,-,-,-,-,-,-,-,-,-,-,-,-,-,-,-,-,-,-,-,-,-,3
Ninguna,2,1,3,35,15,50,53,7,2,9,25,13,38,47,40,4,44,298,62,360,404,9,5,14,18,23,41,55,48,6,54,364,58,422,476,30,5,35,220,63,283,318,17,1,18,75,23,98,116,42,7,49,311,91,402,451,2,-,2,5,6,11,13,5,1,6,35,17,52,58,8,2,10,55,33,88,98,19,3,22,117,34,151,173,41,4,45,192,39,231,276,6,2,8,46,17,63,71,53,6,59,280,91,371,430,1,1,2,23,16,39,41,10,-,10,65,19,84,94,23,4,27,88,39,127,154,32,-,32,181,37,218,250,76,6,82,423,79,502,584,4162
TOTAL,2,1,3,35,15,50,53,7,2,9,25,13,38,47,40,4,44,298,63,361,405,9,6,15,18,23,41,56,48,6,54,364,60,424,478,30,5,35,220,64,284,319,17,1,18,75,24,99,117,42,8,50,312,91,403,453,2,-,2,5,6,11,13,5,1,6,35,17,52,58,8,2,10,56,33,89,99,19,3,22,118,34,152,174,42,4,46,194,40,234,280,6,2,8,46,17,63,71,53,7,60,280,94,374,434,1,1,2,23,16,39,41,10,-,10,65,20,85,95,23,4,27,88,39,127,154,32,-,32,181,38,219,251,78,6,84,423,79,502,586,4184
VARIABLE: PERTENENCIA ÉTNICA,,,,,,,,,,,,,,,,,,,,,,,,,,,,,,,,,,,,,,,,,,,,,,,,,,,,,,,,,,,,,,,,,,,,,,,,,,,,,,,,,,,,,,,,,,,,,,,,,,,,,,,,,,,,,,,,,,,,,,,,,,,,,,,,,,,,,,,,,,,,,
Indígena,-,-,-,-,-,-,-,-,-,-,-,-,-,-,-,-,-,-,-,-,-,-,-,-,-,-,-,-,-,-,-,-,-,-,-,-,-,-,-,-,-,-,-,-,-,-,-,-,-,-,-,-,-,1,1,1,-,-,-,-,-,-,-,-,-,-,-,-,-,-,-,-,-,-,-,-,-,-,-,-,-,-,-,-,-,-,-,-,-,-,-,-,-,-,1,-,1,1,-,-,-,-,1,1,1,-,-,-,-,-,-,-,-,-,-,-,-,-,-,-,-,-,-,-,-,-,-,-,-,-,-,-,-,-,-,-,-,-,-,-,3
Negro/Afrodescendiente,-,-,-,-,-,-,-,-,-,-,-,-,-,-,-,-,-,2,2,4,4,-,-,-,-,-,-,-,1,-,1,3,-,3,4,-,-,-,1,-,1,1,-,-,-,-,-,-,-,-,-,-,1,-,1,1,-,-,-,-,-,-,-,-,-,-,-,-,-,-,-,-,-,-,-,-,-,-,-,-,-,-,-,-,-,-,-,1,-,1,1,-,-,-,-,-,-,-,-,-,-,1,-,1,1,-,-,-,-,-,-,-,-,-,-,1,-,1,1,-,-,-,-,-,-,-,-,-,-,-,-,-,-,-,-,-,-,-,-,-,13
Sin Pertenencia Étnica,2,1,3,34,13,47,50,6,2,8,23,12,35,43,38,4,42,268,56,324,366,9,4,13,15,22,37,50,45,5,50,342,55,397,447,28,5,33,201,59,260,293,16,-,16,68,20,88,104,39,7,46,297,80,377,423,2,-,2,5,6,11,13,5,1,6,31,16,47,53,8,2,10,55,30,85,95,18,2,20,111,31,142,162,39,4,43,174,36,210,253,6,2,8,39,17,56,64,53,7,60,262,86,348,408,-,1,1,21,15,36,37,10,-,10,61,17,78,88,21,3,24,78,38,116,140,31,-,31,171,34,205,236,75,5,80,389,68,457,537,3862
Sin Información,-,-,-,1,2,3,3,1,-,1,2,1,3,4,2,-,2,28,5,33,35,-,2,2,3,1,4,6,2,1,3,19,5,24,27,2,-,2,18,5,23,25,1,1,2,7,4,11,13,3,1,4,14,10,24,28,-,-,-,-,-,-,-,-,-,-,4,1,5,5,-,-,-,1,3,4,4,1,1,2,7,3,10,12,3,-,3,19,4,23,26,-,-,-,6,-,6,6,-,-,-,17,7,24,24,1,-,1,2,1,3,4,-,-,-,3,3,6,6,2,1,3,10,1,11,14,1,-,1,10,4,14,15,3,1,4,34,11,45,49,306
TOTAL,2,1,3,35,15,50,53,7,2,9,25,13,38,47,40,4,44,298,63,361,405,9,6,15,18,23,41,56,48,6,54,364,60,424,478,30,5,35,220,64,284,319,17,1,18,75,24,99,117,42,8,50,312,91,403,453,2,-,2,5,6,11,13,5,1,6,35,17,52,58,8,2,10,56,33,89,99,19,3,22,118,34,152,174,42,4,46,194,40,234,280,6,2,8,46,17,63,71,53,7,60,280,94,374,434,1,1,2,23,16,39,41,10,-,10,65,20,85,95,23,4,27,88,39,127,154,32,-,32,181,38,219,251,78,6,84,423,79,502,586,4184
VARIABLE: PRESUNTO AGRESOR,,,,,,,,,,,,,,,,,,,,,,,,,,,,,,,,,,,,,,,,,,,,,,,,,,,,,,,,,,,,,,,,,,,,,,,,,,,,,,,,,,,,,,,,,,,,,,,,,,,,,,,,,,,,,,,,,,,,,,,,,,,,,,,,,,,,,,,,,,,,,
Agresor desconocido,-,-,-,-,1,1,1,-,-,-,-,-,-,-,-,-,-,7,3,10,10,1,3,4,-,1,1,5,1,-,1,8,1,9,10,-,-,-,6,-,6,6,-,-,-,3,1,4,4,2,1,3,11,9,20,23,-,-,-,-,-,-,-,1,-,1,2,3,5,6,-,1,1,4,1,5,6,1,-,1,7,2,9,10,3,-,3,4,-,4,7,-,-,-,-,1,1,1,2,-,2,7,1,8,10,-,1,1,3,1,4,5,-,-,-,-,-,-,-,-,1,1,1,2,3,4,3,-,3,2,2,4,7,5,-,5,19,8,27,32,147
Agresor desconocido,-,-,-,-,1,1,1,-,-,-,-,-,-,-,-,-,-,7,3,10,10,1,3,4,-,1,1,5,1,-,1,8,1,9,10,-,-,-,6,-,6,6,-,-,-,3,1,4,4,2,1,3,11,9,20,23,-,-,-,-,-,-,-,1,-,1,2,3,5,6,-,1,1,4,1,5,6,1,-,1,7,2,9,10,3,-,3,4,-,4,7,-,-,-,-,1,1,1,2,-,2,7,1,8,10,-,1,1,3,1,4,5,-,-,-,-,-,-,-,-,1,1,1,2,3,4,3,-,3,2,2,4,7,5,-,5,19,8,27,32,147
Amigo (a),-,-,-,3,2,5,5,1,-,1,3,-,3,4,4,1,5,24,10,34,39,1,-,1,2,2,4,5,2,-,2,20,4,24,26,6,-,6,31,3,34,40,2,-,2,5,3,8,10,4,2,6,28,16,44,50,2,-,2,-,1,1,3,1,-,1,6,2,8,9,2,-,2,3,8,11,13,2,-,2,13,3,16,18,3,1,4,13,6,19,23,-,1,1,2,3,5,6,1,1,2,27,22,49,51,-,-,-,-,7,7,7,-,-,-,7,4,11,11,1,2,3,7,6,13,16,4,-,4,18,2,20,24,2,2,4,28,14,42,46,406
Amigo (a),-,-,-,3,2,5,5,1,-,1,3,-,3,4,4,1,5,24,10,34,39,1,-,1,2,2,4,5,2,-,2,20,4,24,26,6,-,6,31,3,34,40,2,-,2,5,3,8,10,4,2,6,28,16,44,50,2,-,2,-,1,1,3,1,-,1,6,2,8,9,2,-,2,3,8,11,13,2,-,2,13,3,16,18,3,1,4,13,6,19,23,-,1,1,2,3,5,6,1,1,2,27,22,49,51,-,-,-,-,7,7,7,-,-,-,7,4,11,11,1,2,3,7,6,13,16,4,-,4,18,2,20,24,2,2,4,28,14,42,46,406
Conocido,1,-,1,4,3,7,8,1,2,3,8,6,14,17,3,1,4,46,10,56,60,1,2,3,4,13,17,20,7,3,10,49,16,65,75,6,1,7,37,11,48,55,3,1,4,14,6,20,24,6,1,7,49,20,69,76,-,-,-,2,2,4,4,1,-,1,4,5,9,10,-,1,1,8,7,15,16,3,1,4,19,6,25,29,8,-,8,28,8,36,44,1,-,1,4,6,10,11,16,5,21,47,19,66,87,-,-,-,4,3,7,7,2,-,2,6,3,9,11,4,1,5,14,13,27,32,7,-,7,30,8,38,45,10,2,12,55,19,74,86,717
Conocido,1,-,1,4,3,7,8,1,2,3,8,6,14,17,3,1,4,46,10,56,60,1,2,3,4,13,17,20,7,3,10,49,16,65,75,6,1,7,37,11,48,55,3,1,4,14,6,20,24,6,1,7,49,20,69,76,-,-,-,2,2,4,4,1,-,1,4,5,9,10,-,1,1,8,7,15,16,3,1,4,19,6,25,29,8,-,8,28,8,36,44,1,-,1,4,6,10,11,16,5,21,47,19,66,87,-,-,-,4,3,7,7,2,-,2,6,3,9,11,4,1,5,14,13,27,32,7,-,7,30,8,38,45,10,2,12,55,19,74,86,717
Delincuencia común,-,-,-,-,-,-,-,-,-,-,-,-,-,-,-,-,-,-,-,-,-,-,-,-,-,-,-,-,-,-,-,-,1,1,1,-,-,-,1,-,1,1,-,-,-,-,-,-,-,-,-,-,-,2,2,2,-,-,-,-,-,-,-,-,-,-,-,-,-,-,-,-,-,1,-,1,1,-,-,-,-,1,1,1,-,-,-,-,-,-,-,-,-,-,-,-,-,-,-,-,-,-,1,1,1,-,-,-,-,-,-,-,-,-,-,-,-,-,-,-,-,-,-,-,-,-,-,-,-,-,-,-,-,-,-,-,-,-,-,-,7
Delincuencia común,-,-,-,-,-,-,-,-,-,-,-,-,-,-,-,-,-,-,-,-,-,-,-,-,-,-,-,-,-,-,-,-,1,1,1,-,-,-,1,-,1,1,-,-,-,-,-,-,-,-,-,-,-,2,2,2,-,-,-,-,-,-,-,-,-,-,-,-,-,-,-,-,-,1,-,1,1,-,-,-,-,1,1,1,-,-,-,-,-,-,-,-,-,-,-,-,-,-,-,-,-,-,1,1,1,-,-,-,-,-,-,-,-,-,-,-,-,-,-,-,-,-,-,-,-,-,-,-,-,-,-,-,-,-,-,-,-,-,-,-,7
Encargado del cuidado,-,-,-,-,-,-,-,-,-,-,-,-,-,-,-,-,-,1,-,1,1,-,-,-,-,-,-,-,-,-,-,1,-,1,1,-,-,-,1,-,1,1,1,-,1,-,-,-,1,1,-,1,-,-,-,1,-,-,-,-,-,-,-,-,-,-,-,-,-,-,-,-,-,-,-,-,-,-,-,-,-,-,-,-,1,-,1,-,-,-,1,-,-,-,-,-,-,-,-,-,-,-,1,1,1,-,-,-,-,-,-,-,-,-,-,-,-,-,-,1,-,1,-,-,-,1,-,-,-,-,-,-,-,-,-,-,3,-,3,3,11
Encargado del cuidado,-,-,-,-,-,-,-,-,-,-,-,-,-,-,-,-,-,1,-,1,1,-,-,-,-,-,-,-,-,-,-,1,-,1,1,-,-,-,1,-,1,1,1,-,1,-,-,-,1,1,-,1,-,-,-,1,-,-,-,-,-,-,-,-,-,-,-,-,-,-,-,-,-,-,-,-,-,-,-,-,-,-,-,-,1,-,1,-,-,-,1,-,-,-,-,-,-,-,-,-,-,-,1,1,1,-,-,-,-,-,-,-,-,-,-,-,-,-,-,1,-,1,-,-,-,1,-,-,-,-,-,-,-,-,-,-,3,-,3,3,11
Familiar,1,-,1,27,2,29,30,3,-,3,12,3,15,18,29,1,30,180,11,191,221,4,-,4,7,2,9,13,33,1,34,208,13,221,255,11,3,14,110,19,129,143,9,-,9,38,3,41,50,25,3,28,187,14,201,229,-,-,-,3,1,4,4,1,-,1,18,4,22,23,5,-,5,28,5,33,38,9,2,11,63,5,68,79,19,2,21,115,9,124,145,5,-,5,29,3,32,37,29,-,29,145,24,169,198,-,-,-,6,-,6,6,8,-,8,39,8,47,55,16,-,16,53,3,56,72,14,-,14,105,9,114,128,26,2,28,173,11,184,212,1956
Abuelo (a),-,-,-,1,-,1,1,1,-,1,-,-,-,1,1,-,1,7,-,7,8,-,-,-,-,-,-,-,-,-,-,24,-,24,24,-,-,-,8,-,8,8,-,-,-,2,-,2,2,5,-,5,18,-,18,23,-,-,-,-,-,-,-,-,-,-,1,-,1,1,-,-,-,3,1,4,4,1,-,1,15,-,15,16,-,-,-,4,-,4,4,-,-,-,1,-,1,1,6,-,6,15,-,15,21,-,-,-,-,-,-,-,-,-,-,3,-,3,3,2,-,2,5,-,5,7,1,-,1,8,-,8,9,3,-,3,18,-,18,21,154
Cuñado (a),-,-,-,-,-,-,-,-,-,-,-,-,-,-,-,-,-,1,2,3,3,-,-,-,-,-,-,-,-,-,-,3,-,3,3,-,-,-,1,1,2,2,-,-,-,-,-,-,-,-,-,-,5,-,5,5,-,-,-,-,-,-,-,-,-,-,-,-,-,-,-,-,-,1,-,1,1,-,-,-,1,-,1,1,-,-,-,3,1,4,4,-,-,-,-,1,1,1,-,-,-,1,3,4,4,-,-,-,-,-,-,-,-,-,-,1,1,2,2,-,-,-,1,2,3,3,-,-,-,3,1,4,4,-,1,1,3,2,5,6,39
Hermano (a),-,-,-,-,-,-,-,-,-,-,-,-,-,-,1,-,1,7,-,7,8,-,-,-,-,-,-,-,1,-,1,5,1,6,7,1,1,2,1,1,2,4,1,-,1,3,-,3,4,2,-,2,8,1,9,11,-,-,-,-,-,-,-,-,-,-,1,-,1,1,-,-,-,1,-,1,1,1,-,1,2,1,3,4,4,1,5,5,1,6,11,-,-,-,-,-,-,-,1,-,1,8,1,9,10,-,-,-,-,-,-,-,-,-,-,1,-,1,1,-,-,-,3,-,3,3,1,-,1,8,-,8,9,2,-,2,6,-,6,8,82
Madrastra                                                                                           ,-,-,-,-,-,-,-,1,-,1,-,-,-,1,-,-,-,-,-,-,-,-,-,-,-,-,-,-,-,-,-,-,-,-,-,-,-,-,1,-,1,1,-,-,-,-,-,-,-,-,-,-,-,-,-,-,-,-,-,-,-,-,-,-,-,-,-,-,-,-,-,-,-,-,-,-,-,-,1,1,-,-,-,1,2,-,2,-,-,-,2,-,-,-,-,-,-,-,1,-,1,-,-,-,1,-,-,-,-,-,-,-,-,-,-,-,-,-,-,-,-,-,-,-,-,-,2,-,2,-,-,-,2,-,-,-,-,-,-,-,8
Madre,-,-,-,-,-,-,-,-,-,-,-,-,-,-,1,-,1,2,-,2,3,-,-,-,-,-,-,-,1,-,1,1,-,1,2,-,-,-,1,-,1,1,-,-,-,-,-,-,-,1,-,1,-,-,-,1,-,-,-,-,-,-,-,-,-,-,-,-,-,-,-,-,-,2,-,2,2,-,-,-,1,-,1,1,-,-,-,1,-,1,1,1,-,1,-,-,-,1,1,-,1,3,-,3,4,-,-,-,-,-,-,-,-,-,-,-,-,-,-,-,-,-,-,-,-,-,-,-,-,2,-,2,2,1,-,1,7,-,7,8,26
Padrastro,-,-,-,9,1,10,10,-,-,-,6,2,8,8,4,-,4,68,5,73,77,1,-,1,3,1,4,5,3,1,4,65,3,68,72,3,-,3,35,6,41,44,3,-,3,11,2,13,16,4,-,4,51,4,55,59,-,-,-,2,1,3,3,-,-,-,10,1,11,11,-,-,-,9,-,9,9,1,1,2,15,2,17,19,2,-,2,40,2,42,44,2,-,2,9,-,9,11,1,-,1,46,8,54,55,-,-,-,4,-,4,4,3,-,3,19,2,21,24,2,-,2,13,1,14,16,1,-,1,29,3,32,33,5,-,5,48,2,50,55,575
Padre,-,-,-,6,-,6,6,-,-,-,5,-,5,5,4,-,4,25,-,25,29,1,-,1,2,-,2,3,8,-,8,33,1,34,42,3,1,4,23,4,27,31,3,-,3,8,-,8,11,5,-,5,38,2,40,45,-,-,-,-,-,-,-,1,-,1,1,1,2,3,1,-,1,6,1,7,8,2,-,2,8,-,8,10,4,-,4,26,1,27,31,1,-,1,6,-,6,7,13,-,13,27,1,28,41,-,-,-,1,-,1,1,1,-,1,2,-,2,3,9,-,9,15,-,15,24,3,-,3,12,4,16,19,9,-,9,35,1,36,45,364
Primo (a),-,-,-,4,-,4,4,1,-,1,-,-,-,1,6,-,6,20,2,22,28,1,-,1,1,-,1,2,6,-,6,17,3,20,26,1,-,1,7,3,10,11,1,-,1,4,1,5,6,1,3,4,21,2,23,27,-,-,-,1,-,1,1,-,-,-,-,-,-,-,3,-,3,4,1,5,8,2,-,2,6,-,6,8,2,-,2,11,1,12,14,1,-,1,1,1,2,3,4,-,4,14,5,19,23,-,-,-,1,-,1,1,2,-,2,5,2,7,9,2,-,2,4,-,4,6,4,-,4,15,-,15,19,3,1,4,21,2,23,27,224
Sobrino (a),-,-,-,-,-,-,-,-,-,-,-,-,-,-,-,-,-,-,-,-,-,-,-,-,-,-,-,-,-,-,-,-,-,-,-,-,-,-,-,-,-,-,-,-,-,-,-,-,-,-,-,-,-,-,-,-,-,-,-,-,-,-,-,-,-,-,-,-,-,-,-,-,-,-,-,-,-,-,-,-,-,-,-,-,-,-,-,-,-,-,-,-,-,-,-,-,-,-,-,-,-,1,-,1,1,-,-,-,-,-,-,-,-,-,-,1,-,1,1,-,-,-,-,-,-,-,-,-,-,-,-,-,-,-,-,-,-,-,-,-,2
Suegro (a),-,-,-,-,-,-,-,-,-,-,-,-,-,-,-,-,-,1,-,1,1,-,-,-,-,-,-,-,-,-,-,-,-,-,-,-,-,-,-,-,-,-,-,-,-,-,-,-,-,-,-,-,-,-,-,-,-,-,-,-,-,-,-,-,-,-,-,-,-,-,-,-,-,-,-,-,-,-,-,-,-,-,-,-,-,-,-,1,-,1,1,-,-,-,-,-,-,-,-,-,-,-,-,-,-,-,-,-,-,-,-,-,-,-,-,-,-,-,-,-,-,-,-,-,-,-,-,-,-,-,-,-,-,-,-,-,-,-,-,-,2
Tío (a),1,-,1,4,1,5,6,-,-,-,1,1,2,2,10,-,10,26,1,27,37,-,-,-,-,1,1,1,9,-,9,34,2,36,45,1,1,2,14,2,16,18,-,-,-,7,-,7,7,5,-,5,21,3,24,29,-,-,-,-,-,-,-,-,-,-,-,1,1,1,-,-,-,1,1,2,2,1,-,1,7,1,8,9,4,1,5,15,1,16,21,-,-,-,5,-,5,5,2,-,2,16,4,20,22,-,-,-,-,-,-,-,1,-,1,4,2,6,7,-,-,-,5,-,5,5,-,-,-,13,-,13,13,2,-,2,19,3,22,24,254
Otros familiares civiles o consanguíneos,-,-,-,3,-,3,3,-,-,-,-,-,-,-,2,1,3,23,1,24,27,1,-,1,1,-,1,2,5,-,5,26,3,29,34,2,-,2,19,2,21,23,1,-,1,3,-,3,4,2,-,2,25,2,27,29,-,-,-,-,-,-,-,-,-,-,5,1,6,6,1,-,1,1,1,2,3,1,-,1,8,1,9,10,1,-,1,9,2,11,12,-,-,-,7,1,8,8,-,-,-,14,2,16,16,-,-,-,-,-,-,-,1,-,1,3,1,4,5,1,-,1,7,-,7,8,2,-,2,15,1,16,18,1,-,1,16,1,17,18,226
Miembro de un grupo de la delincuencia organizada,-,-,-,-,-,-,-,-,-,-,-,-,-,-,-,-,-,-,1,1,1,-,-,-,-,-,-,-,-,-,-,-,-,-,-,-,-,-,1,-,1,1,-,-,-,-,-,-,-,-,-,-,-,-,-,-,-,-,-,-,-,-,-,-,-,-,-,-,-,-,-,-,-,-,-,-,-,-,-,-,-,-,-,-,-,-,-,-,-,-,-,-,-,-,-,-,-,-,-,-,-,-,-,-,-,-,-,-,-,-,-,-,-,-,-,-,-,-,-,-,-,-,-,-,-,-,-,-,-,-,-,-,-,-,-,-,-,-,-,-,2
Bandas criminales,-,-,-,-,-,-,-,-,-,-,-,-,-,-,-,-,-,-,1,1,1,-,-,-,-,-,-,-,-,-,-,-,-,-,-,-,-,-,1,-,1,1,-,-,-,-,-,-,-,-,-,-,-,-,-,-,-,-,-,-,-,-,-,-,-,-,-,-,-,-,-,-,-,-,-,-,-,-,-,-,-,-,-,-,-,-,-,-,-,-,-,-,-,-,-,-,-,-,-,-,-,-,-,-,-,-,-,-,-,-,-,-,-,-,-,-,-,-,-,-,-,-,-,-,-,-,-,-,-,-,-,-,-,-,-,-,-,-,-,-,2
"Miembros de las fuerzas armadas, de policía, policía judicial y servicios de inteligencia",-,-,-,-,-,-,-,-,-,-,-,-,-,-,-,-,-,-,-,-,-,-,-,-,-,-,-,-,1,-,1,-,1,1,2,-,-,-,-,-,-,-,-,-,-,-,1,1,1,-,-,-,-,2,2,2,-,-,-,-,-,-,-,-,-,-,-,-,-,-,-,-,-,-,-,-,-,-,-,-,-,1,1,1,-,-,-,-,-,-,-,-,-,-,-,-,-,-,-,-,-,-,1,1,1,-,-,-,-,-,-,-,-,-,-,-,1,1,1,-,-,-,-,1,1,1,-,-,-,1,-,1,1,-,-,-,-,-,-,-,10
Fuerzas militares,-,-,-,-,-,-,-,-,-,-,-,-,-,-,-,-,-,-,-,-,-,-,-,-,-,-,-,-,-,-,-,-,-,-,-,-,-,-,-,-,-,-,-,-,-,-,1,1,1,-,-,-,-,-,-,-,-,-,-,-,-,-,-,-,-,-,-,-,-,-,-,-,-,-,-,-,-,-,-,-,-,-,-,-,-,-,-,-,-,-,-,-,-,-,-,-,-,-,-,-,-,-,-,-,-,-,-,-,-,-,-,-,-,-,-,-,-,-,-,-,-,-,-,-,-,-,-,-,-,-,-,-,-,-,-,-,-,-,-,-,1
Policía,-,-,-,-,-,-,-,-,-,-,-,-,-,-,-,-,-,-,-,-,-,-,-,-,-,-,-,-,1,-,1,-,1,1,2,-,-,-,-,-,-,-,-,-,-,-,-,-,-,-,-,-,-,2,2,2,-,-,-,-,-,-,-,-,-,-,-,-,-,-,-,-,-,-,-,-,-,-,-,-,-,1,1,1,-,-,-,-,-,-,-,-,-,-,-,-,-,-,-,-,-,-,1,1,1,-,-,-,-,-,-,-,-,-,-,-,1,1,1,-,-,-,-,1,1,1,-,-,-,1,-,1,1,-,-,-,-,-,-,-,9
Miembros de seguridad privada,-,-,-,-,-,-,-,-,-,-,-,-,-,-,-,-,-,-,-,-,-,-,-,-,-,-,-,-,-,-,-,-,-,-,-,-,-,-,-,-,-,-,-,-,-,-,-,-,-,-,-,-,-,-,-,-,-,-,-,-,-,-,-,-,-,-,-,-,-,-,-,-,-,-,-,-,-,-,-,-,-,-,-,-,-,-,-,-,-,-,-,-,-,-,-,-,-,-,1,-,1,1,1,2,3,-,-,-,-,-,-,-,-,-,-,1,-,1,1,-,-,-,-,-,-,-,-,-,-,-,-,-,-,1,-,1,-,-,-,1,5
Miembros de seguridad privada,-,-,-,-,-,-,-,-,-,-,-,-,-,-,-,-,-,-,-,-,-,-,-,-,-,-,-,-,-,-,-,-,-,-,-,-,-,-,-,-,-,-,-,-,-,-,-,-,-,-,-,-,-,-,-,-,-,-,-,-,-,-,-,-,-,-,-,-,-,-,-,-,-,-,-,-,-,-,-,-,-,-,-,-,-,-,-,-,-,-,-,-,-,-,-,-,-,-,1,-,1,1,1,2,3,-,-,-,-,-,-,-,-,-,-,1,-,1,1,-,-,-,-,-,-,-,-,-,-,-,-,-,-,1,-,1,-,-,-,1,5
Pareja o ex pareja,-,-,-,1,5,6,6,-,-,-,1,1,2,2,1,-,1,24,20,44,45,-,-,-,3,2,5,5,-,-,-,41,22,63,63,-,-,-,12,26,38,38,-,-,-,6,8,14,14,-,-,-,11,20,31,31,-,-,-,-,1,1,1,-,-,-,3,3,6,6,-,-,-,2,9,11,11,2,-,2,12,11,23,25,1,1,2,16,15,31,33,-,-,-,8,2,10,10,-,-,-,18,18,36,36,-,-,-,4,2,6,6,-,-,-,7,3,10,10,-,-,-,7,13,20,20,-,-,-,14,14,28,28,1,-,1,34,11,45,46,436
Compañero (a)  permanente,-,-,-,-,1,1,1,-,-,-,-,-,-,-,-,-,-,3,7,10,10,-,-,-,-,-,-,-,-,-,-,-,7,7,7,-,-,-,-,6,6,6,-,-,-,-,-,-,-,-,-,-,-,2,2,2,-,-,-,-,-,-,-,-,-,-,-,-,-,-,-,-,-,-,1,1,1,-,-,-,-,-,-,-,-,1,1,-,2,2,3,-,-,-,1,-,1,1,-,-,-,1,2,3,3,-,-,-,1,-,1,1,-,-,-,-,-,-,-,-,-,-,-,3,3,3,-,-,-,-,2,2,2,-,-,-,3,3,6,6,46
Esposo (a),-,-,-,-,-,-,-,-,-,-,-,-,-,-,-,-,-,-,3,3,3,-,-,-,-,-,-,-,-,-,-,-,3,3,3,-,-,-,-,3,3,3,-,-,-,-,2,2,2,-,-,-,-,5,5,5,-,-,-,-,-,-,-,-,-,-,-,-,-,-,-,-,-,-,3,3,3,-,-,-,-,3,3,3,-,-,-,-,2,2,2,-,-,-,-,-,-,-,-,-,-,-,2,2,2,-,-,-,-,-,-,-,-,-,-,-,1,1,1,-,-,-,-,4,4,4,-,-,-,-,3,3,3,-,-,-,-,2,2,2,36
Ex - Amante,-,-,-,-,-,-,-,-,-,-,-,-,-,-,-,-,-,-,-,-,-,-,-,-,-,-,-,-,-,-,-,-,-,-,-,-,-,-,-,-,-,-,-,-,-,-,-,-,-,-,-,-,-,1,1,1,-,-,-,-,-,-,-,-,-,-,-,-,-,-,-,-,-,-,-,-,-,-,-,-,-,-,-,-,-,-,-,-,-,-,-,-,-,-,-,1,1,1,-,-,-,-,-,-,-,-,-,-,-,-,-,-,-,-,-,-,-,-,-,-,-,-,-,-,-,-,-,-,-,-,-,-,-,-,-,-,-,-,-,-,2
Ex - compañero (a) permanente,-,-,-,-,2,2,2,-,-,-,-,1,1,1,-,-,-,-,3,3,3,-,-,-,-,1,1,1,-,-,-,2,8,10,10,-,-,-,1,7,8,8,-,-,-,-,2,2,2,-,-,-,1,3,4,4,-,-,-,-,-,-,-,-,-,-,-,1,1,1,-,-,-,-,3,3,3,-,-,-,1,4,5,5,-,-,-,1,5,6,6,-,-,-,-,1,1,1,-,-,-,-,2,2,2,-,-,-,-,1,1,1,-,-,-,1,-,1,1,-,-,-,-,3,3,3,-,-,-,-,4,4,4,-,-,-,-,3,3,3,61
Ex - esposo (a),-,-,-,-,-,-,-,-,-,-,-,-,-,-,-,-,-,-,1,1,1,-,-,-,-,-,-,-,-,-,-,-,1,1,1,-,-,-,-,2,2,2,-,-,-,-,2,2,2,-,-,-,-,1,1,1,-,-,-,-,-,-,-,-,-,-,-,-,-,-,-,-,-,-,-,-,-,-,-,-,-,-,-,-,-,-,-,-,-,-,-,-,-,-,-,-,-,-,-,-,-,-,1,1,1,-,-,-,-,-,-,-,-,-,-,-,1,1,1,-,-,-,-,3,3,3,-,-,-,-,1,1,1,-,-,-,-,-,-,-,13
Ex - Novio (a),-,-,-,-,1,1,1,-,-,-,-,-,-,-,-,-,-,4,4,8,8,-,-,-,-,-,-,-,-,-,-,5,-,5,5,-,-,-,2,3,5,5,-,-,-,2,-,2,2,-,-,-,3,3,6,6,-,-,-,-,-,-,-,-,-,-,2,1,3,3,-,-,-,-,1,1,1,1,-,1,2,1,3,4,-,-,-,3,2,5,5,-,-,-,-,-,-,-,-,-,-,2,1,3,3,-,-,-,2,-,2,2,-,-,-,1,-,1,1,-,-,-,2,-,2,2,-,-,-,-,1,1,1,-,-,-,4,2,6,6,55
Novio (a),-,-,-,1,-,1,1,-,-,-,1,-,1,1,1,-,1,17,1,18,19,-,-,-,2,-,2,2,-,-,-,34,2,36,36,-,-,-,9,1,10,10,-,-,-,4,1,5,5,-,-,-,7,2,9,9,-,-,-,-,-,-,-,-,-,-,1,-,1,1,-,-,-,2,-,2,2,1,-,1,8,-,8,9,1,-,1,12,-,12,13,-,-,-,7,-,7,7,-,-,-,15,1,16,16,-,-,-,1,1,2,2,-,-,-,5,1,6,6,-,-,-,5,-,5,5,-,-,-,14,1,15,15,1,-,1,27,1,28,29,188
Sin información,-,-,-,-,1,1,1,-,-,-,-,-,-,-,-,-,-,-,1,1,1,-,-,-,1,1,2,2,-,-,-,-,1,1,1,-,-,-,-,4,4,4,-,-,-,-,1,1,1,-,-,-,-,3,3,3,-,-,-,-,1,1,1,-,-,-,-,1,1,1,-,-,-,-,1,1,1,-,-,-,1,3,4,4,-,-,-,-,4,4,4,-,-,-,-,-,-,-,-,-,-,-,9,9,9,-,-,-,-,-,-,-,-,-,-,-,-,-,-,-,-,-,-,-,-,-,-,-,-,-,2,2,2,-,-,-,-,-,-,-,35
Personal de custodia,-,-,-,-,-,-,-,-,-,-,-,-,-,-,-,-,-,1,-,1,1,-,-,-,-,-,-,-,-,-,-,-,-,-,-,-,-,-,-,-,-,-,-,-,-,1,-,1,1,-,-,-,-,-,-,-,-,-,-,-,-,-,-,-,-,-,-,-,-,-,-,-,-,-,-,-,-,-,-,-,-,1,1,1,-,-,-,1,-,1,1,-,-,-,-,-,-,-,-,1,1,-,-,-,1,-,-,-,-,-,-,-,-,-,-,-,-,-,-,-,-,-,-,-,-,-,-,-,-,-,-,-,-,-,-,-,-,1,1,1,6
Personal de custodia,-,-,-,-,-,-,-,-,-,-,-,-,-,-,-,-,-,1,-,1,1,-,-,-,-,-,-,-,-,-,-,-,-,-,-,-,-,-,-,-,-,-,-,-,-,1,-,1,1,-,-,-,-,-,-,-,-,-,-,-,-,-,-,-,-,-,-,-,-,-,-,-,-,-,-,-,-,-,-,-,-,1,1,1,-,-,-,1,-,1,1,-,-,-,-,-,-,-,-,1,1,-,-,-,1,-,-,-,-,-,-,-,-,-,-,-,-,-,-,-,-,-,-,-,-,-,-,-,-,-,-,-,-,-,-,-,-,1,1,1,6
Sin información,-,1,1,-,2,2,3,2,-,2,1,3,4,6,3,1,4,15,8,23,27,2,1,3,2,3,5,8,4,2,6,37,2,39,45,7,1,8,21,5,26,34,2,-,2,8,2,10,12,4,1,5,26,8,34,39,-,-,-,-,1,1,1,1,1,2,2,-,2,4,1,-,1,10,3,13,14,2,-,2,4,4,8,10,7,-,7,17,2,19,26,-,1,1,3,2,5,6,4,-,4,35,6,41,45,1,-,1,6,3,9,10,-,-,-,5,1,6,6,1,-,1,6,1,7,8,4,-,4,11,3,14,18,33,-,33,111,15,126,159,481
Sin información,-,1,1,-,2,2,3,2,-,2,1,3,4,6,3,1,4,15,8,23,27,2,1,3,2,3,5,8,4,2,6,37,2,39,45,7,1,8,21,5,26,34,2,-,2,8,2,10,12,4,1,5,26,8,34,39,-,-,-,-,1,1,1,1,1,2,2,-,2,4,1,-,1,10,3,13,14,2,-,2,4,4,8,10,7,-,7,17,2,19,26,-,1,1,3,2,5,6,4,-,4,35,6,41,45,1,-,1,6,3,9,10,-,-,-,5,1,6,6,1,-,1,6,1,7,8,4,-,4,11,3,14,18,33,-,33,111,15,126,159,481
TOTAL,2,1,3,35,15,50,53,7,2,9,25,13,38,47,40,4,44,298,63,361,405,9,6,15,18,23,41,56,48,6,54,364,60,424,478,30,5,35,220,64,284,319,17,1,18,75,24,99,117,42,8,50,312,91,403,453,2,-,2,5,6,11,13,5,1,6,35,17,52,58,8,2,10,56,33,89,99,19,3,22,118,34,152,174,42,4,46,194,40,234,280,6,2,8,46,17,63,71,53,7,60,280,94,374,434,1,1,2,23,16,39,41,10,-,10,65,20,85,95,23,4,27,88,39,127,154,32,-,32,181,38,219,251,78,6,84,423,79,502,586,4184
VARIABLE: SEXO DEL PRESUNTO AGRESOR,,,,,,,,,,,,,,,,,,,,,,,,,,,,,,,,,,,,,,,,,,,,,,,,,,,,,,,,,,,,,,,,,,,,,,,,,,,,,,,,,,,,,,,,,,,,,,,,,,,,,,,,,,,,,,,,,,,,,,,,,,,,,,,,,,,,,,,,,,,,,
Hombre,2,-,2,35,13,48,50,7,2,9,24,10,34,43,38,4,42,291,62,353,395,9,6,15,16,21,37,52,44,6,50,350,57,407,457,25,5,30,208,61,269,299,16,1,17,73,22,95,112,35,7,42,306,87,393,435,1,-,1,5,5,10,11,4,1,5,34,16,50,55,6,2,8,53,32,85,93,16,2,18,114,31,145,163,35,4,39,190,36,226,265,5,2,7,46,17,63,70,46,7,53,265,85,350,403,1,1,2,22,16,38,40,9,-,9,65,20,85,94,22,3,25,87,38,125,150,30,-,30,172,36,208,238,51,6,57,352,78,430,487,3912
Mujer,-,-,-,-,-,-,-,-,-,-,-,3,3,3,1,-,1,5,-,5,6,-,-,-,-,-,-,-,1,-,1,5,2,7,8,2,-,2,3,-,3,5,1,-,1,1,-,1,2,4,1,5,4,-,4,9,1,-,1,-,-,-,1,1,-,1,-,-,-,1,1,-,1,2,-,2,3,1,1,2,2,-,2,4,6,-,6,3,-,3,9,1,-,1,-,-,-,1,6,-,6,7,-,7,13,-,-,-,-,-,-,-,1,-,1,-,-,-,1,-,1,1,-,1,1,2,2,-,2,5,-,5,7,5,-,5,12,-,12,17,92
Sin información,-,1,1,-,2,2,3,-,-,-,1,-,1,1,1,-,1,2,1,3,4,-,-,-,2,2,4,4,3,-,3,9,1,10,13,3,-,3,9,3,12,15,-,-,-,1,2,3,3,3,-,3,2,4,6,9,-,-,-,-,1,1,1,-,-,-,1,1,2,2,1,-,1,1,1,2,3,2,-,2,2,3,5,7,1,-,1,1,4,5,6,-,-,-,-,-,-,-,1,-,1,8,9,17,18,-,-,-,1,-,1,1,-,-,-,-,-,-,-,1,-,1,1,-,1,2,-,-,-,4,2,6,6,22,-,22,59,1,60,82,180
TOTAL,2,1,3,35,15,50,53,7,2,9,25,13,38,47,40,4,44,298,63,361,405,9,6,15,18,23,41,56,48,6,54,364,60,424,478,30,5,35,220,64,284,319,17,1,18,75,24,99,117,42,8,50,312,91,403,453,2,-,2,5,6,11,13,5,1,6,35,17,52,58,8,2,10,56,33,89,99,19,3,22,118,34,152,174,42,4,46,194,40,234,280,6,2,8,46,17,63,71,53,7,60,280,94,374,434,1,1,2,23,16,39,41,10,-,10,65,20,85,95,23,4,27,88,39,127,154,32,-,32,181,38,219,251,78,6,84,423,79,502,586,4184
VARIABLE: CIRCUNSTANCIA DEL HECHO,,,,,,,,,,,,,,,,,,,,,,,,,,,,,,,,,,,,,,,,,,,,,,,,,,,,,,,,,,,,,,,,,,,,,,,,,,,,,,,,,,,,,,,,,,,,,,,,,,,,,,,,,,,,,,,,,,,,,,,,,,,,,,,,,,,,,,,,,,,,,
Violencia económica,-,-,-,-,-,-,-,-,-,-,-,-,-,-,-,-,-,-,-,-,-,-,-,-,-,-,-,-,-,-,-,-,-,-,-,-,-,-,1,-,1,1,-,-,-,-,-,-,-,-,-,-,-,-,-,-,-,-,-,-,-,-,-,-,-,-,-,-,-,-,-,-,-,1,-,1,1,-,-,-,-,-,-,-,-,-,-,-,-,-,-,-,-,-,-,-,-,-,-,-,-,-,-,-,-,-,-,-,-,-,-,-,-,-,-,-,-,-,-,-,1,1,1,-,1,2,-,-,-,-,-,-,-,-,-,-,-,-,-,-,4
Atraco callejero o intento de,-,-,-,-,-,-,-,-,-,-,-,-,-,-,-,-,-,-,-,-,-,-,-,-,-,-,-,-,-,-,-,-,-,-,-,-,-,-,1,-,1,1,-,-,-,-,-,-,-,-,-,-,-,-,-,-,-,-,-,-,-,-,-,-,-,-,-,-,-,-,-,-,-,-,-,-,-,-,-,-,-,-,-,-,-,-,-,-,-,-,-,-,-,-,-,-,-,-,-,-,-,-,-,-,-,-,-,-,-,-,-,-,-,-,-,-,-,-,-,-,-,-,-,-,-,-,-,-,-,-,-,-,-,-,-,-,-,-,-,-,1
Hurto,-,-,-,-,-,-,-,-,-,-,-,-,-,-,-,-,-,-,-,-,-,-,-,-,-,-,-,-,-,-,-,-,-,-,-,-,-,-,-,-,-,-,-,-,-,-,-,-,-,-,-,-,-,-,-,-,-,-,-,-,-,-,-,-,-,-,-,-,-,-,-,-,-,1,-,1,1,-,-,-,-,-,-,-,-,-,-,-,-,-,-,-,-,-,-,-,-,-,-,-,-,-,-,-,-,-,-,-,-,-,-,-,-,-,-,-,-,-,-,-,1,1,1,-,1,2,-,-,-,-,-,-,-,-,-,-,-,-,-,-,3
Violencia interpersonal,-,-,-,-,-,-,-,-,-,-,-,-,-,-,-,-,-,-,2,2,2,-,-,-,-,-,-,-,-,-,-,3,-,3,3,-,-,-,-,1,1,1,-,-,-,-,-,-,-,-,-,-,3,-,3,3,-,-,-,-,-,-,-,-,-,-,-,2,2,2,-,-,-,1,-,1,1,-,-,-,1,-,1,1,-,-,-,1,-,1,1,-,-,-,-,-,-,-,-,-,-,-,-,-,-,-,-,-,-,-,-,-,-,-,-,-,-,-,-,-,-,-,-,-,-,-,-,-,-,-,-,-,-,-,-,-,-,-,-,-,14
Contacto engañoso vía internet,-,-,-,-,-,-,-,-,-,-,-,-,-,-,-,-,-,-,-,-,-,-,-,-,-,-,-,-,-,-,-,3,-,3,3,-,-,-,-,-,-,-,-,-,-,-,-,-,-,-,-,-,3,-,3,3,-,-,-,-,-,-,-,-,-,-,-,-,-,-,-,-,-,1,-,1,1,-,-,-,1,-,1,1,-,-,-,1,-,1,1,-,-,-,-,-,-,-,-,-,-,-,-,-,-,-,-,-,-,-,-,-,-,-,-,-,-,-,-,-,-,-,-,-,-,-,-,-,-,-,-,-,-,-,-,-,-,-,-,-,9
Ejercicio de actividades ilícitas,-,-,-,-,-,-,-,-,-,-,-,-,-,-,-,-,-,-,1,1,1,-,-,-,-,-,-,-,-,-,-,-,-,-,-,-,-,-,-,-,-,-,-,-,-,-,-,-,-,-,-,-,-,-,-,-,-,-,-,-,-,-,-,-,-,-,-,-,-,-,-,-,-,-,-,-,-,-,-,-,-,-,-,-,-,-,-,-,-,-,-,-,-,-,-,-,-,-,-,-,-,-,-,-,-,-,-,-,-,-,-,-,-,-,-,-,-,-,-,-,-,-,-,-,-,-,-,-,-,-,-,-,-,-,-,-,-,-,-,-,1
Embriaguez (Alcohólica y no alcohólica),-,-,-,-,-,-,-,-,-,-,-,-,-,-,-,-,-,-,1,1,1,-,-,-,-,-,-,-,-,-,-,-,-,-,-,-,-,-,-,1,1,1,-,-,-,-,-,-,-,-,-,-,-,-,-,-,-,-,-,-,-,-,-,-,-,-,-,-,-,-,-,-,-,-,-,-,-,-,-,-,-,-,-,-,-,-,-,-,-,-,-,-,-,-,-,-,-,-,-,-,-,-,-,-,-,-,-,-,-,-,-,-,-,-,-,-,-,-,-,-,-,-,-,-,-,-,-,-,-,-,-,-,-,-,-,-,-,-,-,-,2
Riña,-,-,-,-,-,-,-,-,-,-,-,-,-,-,-,-,-,-,-,-,-,-,-,-,-,-,-,-,-,-,-,-,-,-,-,-,-,-,-,-,-,-,-,-,-,-,-,-,-,-,-,-,-,-,-,-,-,-,-,-,-,-,-,-,-,-,-,2,2,2,-,-,-,-,-,-,-,-,-,-,-,-,-,-,-,-,-,-,-,-,-,-,-,-,-,-,-,-,-,-,-,-,-,-,-,-,-,-,-,-,-,-,-,-,-,-,-,-,-,-,-,-,-,-,-,-,-,-,-,-,-,-,-,-,-,-,-,-,-,-,2
Violencia Intrafamiliar,1,-,1,-,2,2,3,1,-,1,1,-,1,2,-,-,-,5,9,14,14,-,-,-,2,1,3,3,2,-,2,14,10,24,26,1,-,1,1,10,11,12,2,-,2,2,2,4,6,3,-,3,5,6,11,14,-,-,-,-,1,1,1,-,-,-,1,3,4,4,-,-,-,3,4,7,7,-,-,-,3,4,7,7,-,-,-,6,5,11,11,-,-,-,2,1,3,3,2,-,2,4,12,16,18,-,-,-,-,-,-,-,-,-,-,2,1,3,3,1,-,1,2,2,4,5,-,-,-,5,4,9,9,4,-,4,11,-,11,15,163
"Violencia a niños, niñas y adolescentes",1,-,1,-,-,-,1,1,-,1,1,-,1,2,-,-,-,4,-,4,4,-,-,-,1,-,1,1,2,-,2,12,-,12,14,1,-,1,-,-,-,1,2,-,2,1,-,1,3,3,-,3,4,-,4,7,-,-,-,-,-,-,-,-,-,-,1,-,1,1,-,-,-,3,-,3,3,-,-,-,2,-,2,2,-,-,-,5,-,5,5,-,-,-,-,-,-,-,2,-,2,4,-,4,6,-,-,-,-,-,-,-,-,-,-,-,-,-,-,1,-,1,1,-,1,2,-,-,-,4,-,4,4,4,-,4,10,-,10,14,70
Violencia al adulto mayor,-,-,-,-,-,-,-,-,-,-,-,-,-,-,-,-,-,-,-,-,-,-,-,-,-,-,-,-,-,-,-,-,-,-,-,-,-,-,-,1,1,1,-,-,-,-,-,-,-,-,-,-,-,-,-,-,-,-,-,-,-,-,-,-,-,-,-,-,-,-,-,-,-,-,-,-,-,-,-,-,-,-,-,-,-,-,-,-,-,-,-,-,-,-,-,-,-,-,-,-,-,-,-,-,-,-,-,-,-,-,-,-,-,-,-,-,-,-,-,-,-,-,-,-,-,-,-,-,-,-,-,-,-,-,-,-,-,-,-,-,1
Violencia de pareja,-,-,-,-,2,2,2,-,-,-,-,-,-,-,-,-,-,1,9,10,10,-,-,-,1,1,2,2,-,-,-,2,9,11,11,-,-,-,1,9,10,10,-,-,-,1,2,3,3,-,-,-,1,6,7,7,-,-,-,-,1,1,1,-,-,-,-,2,2,2,-,-,-,-,4,4,4,-,-,-,1,4,5,5,-,-,-,1,5,6,6,-,-,-,2,-,2,2,-,-,-,-,11,11,11,-,-,-,-,-,-,-,-,-,-,2,1,3,3,-,-,-,1,2,3,3,-,-,-,1,4,5,5,-,-,-,1,-,1,1,88
Violencia entre otros familiares,-,-,-,-,-,-,-,-,-,-,-,-,-,-,-,-,-,-,-,-,-,-,-,-,-,-,-,-,-,-,-,-,1,1,1,-,-,-,-,-,-,-,-,-,-,-,-,-,-,-,-,-,-,-,-,-,-,-,-,-,-,-,-,-,-,-,-,1,1,1,-,-,-,-,-,-,-,-,-,-,-,-,-,-,-,-,-,-,-,-,-,-,-,-,-,1,1,1,-,-,-,-,1,1,1,-,-,-,-,-,-,-,-,-,-,-,-,-,-,-,-,-,-,-,-,-,-,-,-,-,-,-,-,-,-,-,-,-,-,-,4
Violencia sexual,1,1,2,35,12,47,49,6,2,8,23,13,36,44,40,4,44,288,52,340,384,9,6,15,16,21,37,52,46,6,52,343,50,393,445,29,5,34,213,53,266,300,15,1,16,71,21,92,108,38,8,46,302,84,386,432,1,-,1,4,5,9,10,5,1,6,34,12,46,52,8,2,10,47,28,75,85,18,3,21,113,30,143,164,42,4,46,183,35,218,264,6,2,8,44,14,58,66,50,7,57,273,81,354,411,-,-,-,23,16,39,39,10,-,10,61,18,79,89,22,3,25,85,37,122,147,31,-,31,172,34,206,237,63,5,68,371,74,445,513,3891
Abuso dentro de establecimiento prestador de servicios de salud,-,-,-,-,-,-,-,-,-,-,-,-,-,-,2,-,2,-,1,1,3,-,-,-,-,-,-,-,-,-,-,-,-,-,-,-,-,-,-,-,-,-,-,-,-,-,-,-,-,-,-,-,-,-,-,-,-,-,-,-,-,-,-,-,-,-,-,-,-,-,-,-,-,-,-,-,-,-,-,-,-,-,-,-,1,-,1,1,-,1,2,-,-,-,-,-,-,-,-,-,-,-,-,-,-,-,-,-,-,-,-,-,-,-,-,-,-,-,-,-,-,-,-,-,-,-,-,-,-,-,-,-,-,-,-,-,-,-,-,-,5
Abuso sexual,1,-,1,35,8,43,44,5,2,7,20,8,28,35,37,4,41,265,36,301,342,7,4,11,16,12,28,39,41,5,46,318,38,356,402,27,5,32,201,46,247,279,15,1,16,62,17,79,95,35,6,41,286,57,343,384,1,-,1,3,1,4,5,5,1,6,29,10,39,45,8,1,9,42,21,63,72,17,2,19,105,23,128,147,36,4,40,165,30,195,235,5,2,7,39,10,49,56,47,6,53,248,62,310,363,-,-,-,21,14,35,35,9,-,9,54,13,67,76,22,2,24,79,26,105,129,28,-,28,157,24,181,209,61,4,65,355,68,423,488,3480
Acceso carnal violento/acto sexual violento con persona protegida,-,-,-,-,-,-,-,-,-,-,1,4,5,5,1,-,1,8,6,14,15,-,-,-,-,2,2,2,1,-,1,12,5,17,18,1,-,1,3,1,4,5,-,-,-,3,3,6,6,1,-,1,9,5,14,15,-,-,-,1,2,3,3,-,-,-,3,1,4,4,-,1,1,1,2,3,4,-,-,-,1,1,2,2,4,-,4,9,2,11,15,-,-,-,2,1,3,3,2,1,3,13,4,17,20,-,-,-,-,-,-,-,1,-,1,3,3,6,7,-,-,-,2,5,7,7,2,-,2,7,3,10,12,-,-,-,4,-,4,4,147
Asalto sexual,-,-,-,-,4,4,4,1,-,1,2,1,3,4,-,-,-,10,7,17,17,2,2,4,-,6,6,10,3,1,4,10,6,16,20,-,-,-,5,6,11,11,-,-,-,4,1,5,5,1,2,3,7,22,29,32,-,-,-,-,2,2,2,-,-,-,2,1,3,3,-,-,-,3,5,8,8,-,1,1,5,6,11,12,1,-,1,4,3,7,8,1,-,1,2,3,5,6,1,-,1,10,15,25,26,-,-,-,2,2,4,4,-,-,-,2,2,4,4,-,1,1,2,5,7,8,1,-,1,6,7,13,14,2,1,3,7,6,13,16,214
Pornografía,-,1,1,-,-,-,1,-,-,-,-,-,-,-,-,-,-,3,1,4,4,-,-,-,-,1,1,1,1,-,1,3,1,4,5,1,-,1,4,-,4,5,-,-,-,2,-,2,2,1,-,1,-,-,-,1,-,-,-,-,-,-,-,-,-,-,-,-,-,-,-,-,-,1,-,1,1,1,-,1,2,-,2,3,-,-,-,4,-,4,4,-,-,-,-,-,-,-,-,-,-,1,-,1,1,-,-,-,-,-,-,-,-,-,-,1,-,1,1,-,-,-,2,1,3,3,-,-,-,2,-,2,2,-,-,-,3,-,3,3,37
Presunta esclavitud sexual o prostitución forzada,-,-,-,-,-,-,-,-,-,-,-,-,-,-,-,-,-,1,1,2,2,-,-,-,-,-,-,-,-,-,-,-,-,-,-,-,-,-,-,-,-,-,-,-,-,-,-,-,-,-,-,-,-,-,-,-,-,-,-,-,-,-,-,-,-,-,-,-,-,-,-,-,-,-,-,-,-,-,-,-,-,-,-,-,-,-,-,-,-,-,-,-,-,-,-,-,-,-,-,-,-,-,-,-,-,-,-,-,-,-,-,-,-,-,-,-,-,-,-,-,-,-,-,-,-,-,-,-,-,-,-,-,-,-,-,-,-,-,-,-,2
"Presunta explotación sexual de niños, niñas o adolescentes",-,-,-,-,-,-,-,-,-,-,-,-,-,-,-,-,-,1,-,1,1,-,-,-,-,-,-,-,-,-,-,-,-,-,-,-,-,-,-,-,-,-,-,-,-,-,-,-,-,-,-,-,-,-,-,-,-,-,-,-,-,-,-,-,-,-,-,-,-,-,-,-,-,-,-,-,-,-,-,-,-,-,-,-,-,-,-,-,-,-,-,-,-,-,1,-,1,1,-,-,-,-,-,-,-,-,-,-,-,-,-,-,-,-,-,-,-,-,-,-,-,-,-,-,-,-,-,-,-,-,-,-,-,-,-,-,2,-,2,2,4
Presunta trata de personas con fines de explotación sexual,-,-,-,-,-,-,-,-,-,-,-,-,-,-,-,-,-,-,-,-,-,-,-,-,-,-,-,-,-,-,-,-,-,-,-,-,-,-,-,-,-,-,-,-,-,-,-,-,-,-,-,-,-,-,-,-,-,-,-,-,-,-,-,-,-,-,-,-,-,-,-,-,-,-,-,-,-,-,-,-,-,-,-,-,-,-,-,-,-,-,-,-,-,-,-,-,-,-,-,-,-,1,-,1,1,-,-,-,-,-,-,-,-,-,-,1,-,1,1,-,-,-,-,-,-,-,-,-,-,-,-,-,-,-,-,-,-,-,-,-,2
Violencia sociopolítica,-,-,-,-,-,-,-,-,-,-,-,-,-,-,-,-,-,-,-,-,-,-,-,-,-,-,-,-,-,-,-,-,-,-,-,-,-,-,-,-,-,-,-,-,-,-,-,-,-,-,-,-,-,-,-,-,-,-,-,-,-,-,-,-,-,-,-,-,-,-,-,-,-,-,-,-,-,-,-,-,-,-,-,-,-,-,-,-,-,-,-,-,-,-,-,1,1,1,-,-,-,-,-,-,-,-,-,-,-,-,-,-,-,-,-,-,-,-,-,-,-,-,-,-,-,-,-,-,-,-,-,-,-,-,-,-,-,-,-,-,1
Acción grupos alzados al margen de la ley,-,-,-,-,-,-,-,-,-,-,-,-,-,-,-,-,-,-,-,-,-,-,-,-,-,-,-,-,-,-,-,-,-,-,-,-,-,-,-,-,-,-,-,-,-,-,-,-,-,-,-,-,-,-,-,-,-,-,-,-,-,-,-,-,-,-,-,-,-,-,-,-,-,-,-,-,-,-,-,-,-,-,-,-,-,-,-,-,-,-,-,-,-,-,-,1,1,1,-,-,-,-,-,-,-,-,-,-,-,-,-,-,-,-,-,-,-,-,-,-,-,-,-,-,-,-,-,-,-,-,-,-,-,-,-,-,-,-,-,-,1
Sin información,-,-,-,-,1,1,1,-,-,-,1,-,1,1,-,-,-,5,-,5,5,-,-,-,-,1,1,1,-,-,-,4,-,4,4,-,-,-,5,-,5,5,-,-,-,2,1,3,3,1,-,1,2,1,3,4,1,-,1,1,-,1,2,-,-,-,-,-,-,-,-,-,-,4,1,5,5,1,-,1,1,-,1,2,-,-,-,4,-,4,4,-,-,-,-,1,1,1,1,-,1,3,1,4,5,1,1,2,-,-,-,2,-,-,-,2,1,3,3,-,-,-,-,-,-,-,1,-,1,4,-,4,5,11,1,12,41,5,46,58,111
Sin información,-,-,-,-,1,1,1,-,-,-,1,-,1,1,-,-,-,5,-,5,5,-,-,-,-,1,1,1,-,-,-,4,-,4,4,-,-,-,5,-,5,5,-,-,-,2,1,3,3,1,-,1,2,1,3,4,1,-,1,1,-,1,2,-,-,-,-,-,-,-,-,-,-,4,1,5,5,1,-,1,1,-,1,2,-,-,-,4,-,4,4,-,-,-,-,1,1,1,1,-,1,3,1,4,5,1,1,2,-,-,-,2,-,-,-,2,1,3,3,-,-,-,-,-,-,-,1,-,1,4,-,4,5,11,1,12,41,5,46,58,111
TOTAL,2,1,3,35,15,50,53,7,2,9,25,13,38,47,40,4,44,298,63,361,405,9,6,15,18,23,41,56,48,6,54,364,60,424,478,30,5,35,220,64,284,319,17,1,18,75,24,99,117,42,8,50,312,91,403,453,2,-,2,5,6,11,13,5,1,6,35,17,52,58,8,2,10,56,33,89,99,19,3,22,118,34,152,174,42,4,46,194,40,234,280,6,2,8,46,17,63,71,53,7,60,280,94,374,434,1,1,2,23,16,39,41,10,-,10,65,20,85,95,23,4,27,88,39,127,154,32,-,32,181,38,219,251,78,6,84,423,79,502,586,4184
VARIABLE: ACTIVIDAD DURANTE EL HECHO,,,,,,,,,,,,,,,,,,,,,,,,,,,,,,,,,,,,,,,,,,,,,,,,,,,,,,,,,,,,,,,,,,,,,,,,,,,,,,,,,,,,,,,,,,,,,,,,,,,,,,,,,,,,,,,,,,,,,,,,,,,,,,,,,,,,,,,,,,,,,
Actividades de desplazamiento de un lugar a otro,-,-,-,3,5,8,8,-,-,-,4,-,4,4,2,-,2,68,13,81,83,2,4,6,2,8,10,16,11,2,13,62,15,77,90,4,1,5,47,13,60,65,3,-,3,14,6,20,23,7,2,9,57,33,90,99,-,-,-,1,1,2,2,2,-,2,5,6,11,13,1,-,1,15,9,24,25,3,2,5,31,14,45,50,10,3,13,49,9,58,71,1,-,1,8,4,12,13,16,1,17,48,25,73,90,-,-,-,6,4,10,10,-,-,-,12,5,17,17,3,-,3,20,5,25,28,9,-,9,43,16,59,68,13,1,14,101,35,136,150,925
Actividades de trabajo doméstico no pagado para el uso del propio hogar,2,-,2,13,2,15,17,1,-,1,6,8,14,15,21,2,23,82,15,97,120,4,-,4,4,4,8,12,13,1,14,128,20,148,162,15,2,17,66,20,86,103,4,-,4,31,6,37,41,18,2,20,103,16,119,139,2,-,2,4,-,4,6,2,-,2,15,2,17,19,4,1,5,15,6,21,26,9,1,10,34,4,38,48,11,-,11,58,13,71,82,5,1,6,12,1,13,19,13,1,14,95,24,119,133,-,-,-,3,1,4,4,5,-,5,17,5,22,27,7,1,8,22,10,32,40,10,-,10,60,11,71,81,27,-,27,102,12,114,141,1235
Actividades ilícitas o delictivas,-,-,-,-,-,-,-,-,-,-,-,-,-,-,-,-,-,1,-,1,1,-,-,-,-,-,-,-,-,-,-,-,-,-,-,-,-,-,1,-,1,1,-,-,-,1,-,1,1,-,-,-,-,1,1,1,-,-,-,-,-,-,-,-,-,-,-,-,-,-,-,-,-,1,-,1,1,-,-,-,-,2,2,2,-,-,-,2,-,2,2,-,-,-,-,-,-,-,-,-,-,-,-,-,-,-,-,-,-,-,-,-,-,-,-,-,-,-,-,-,-,-,-,1,1,1,-,-,-,1,-,1,1,-,-,-,1,-,1,1,12
Actividades relacionadas con el aprendizaje,-,-,-,1,-,1,1,-,-,-,1,1,2,2,2,-,2,4,-,4,6,-,-,-,1,-,1,1,2,-,2,4,-,4,6,1,-,1,6,-,6,7,-,-,-,2,1,3,3,1,-,1,6,-,6,7,-,-,-,-,-,-,-,-,-,-,1,-,1,1,-,-,-,1,3,4,4,-,-,-,-,1,1,1,-,-,-,-,-,-,-,-,-,-,-,-,-,-,4,-,4,3,-,3,7,-,-,-,2,-,2,2,1,-,1,-,-,-,1,-,-,-,1,-,1,1,-,-,-,4,-,4,4,2,-,2,3,-,3,5,59
Actividades relacionadas con el cuidado no pagado de miembros del hogar,-,-,-,-,-,-,-,-,-,-,2,-,2,2,1,-,1,1,2,3,4,-,-,-,-,1,1,1,-,-,-,4,-,4,4,-,-,-,-,-,-,-,-,-,-,-,-,-,-,-,-,-,2,-,2,2,-,-,-,-,-,-,-,-,-,-,-,-,-,-,-,-,-,1,-,1,1,-,-,-,1,-,1,1,2,-,2,4,-,4,6,-,-,-,-,-,-,-,1,-,1,3,3,6,7,-,-,-,-,-,-,-,-,-,-,1,-,1,1,-,-,-,2,-,2,2,1,-,1,2,-,2,3,2,-,2,2,-,2,4,38
Actividades relacionadas con el trabajo remunerado,-,1,1,-,-,-,1,-,-,-,-,1,1,1,-,-,-,2,2,4,4,-,-,-,-,2,2,2,1,-,1,-,1,1,2,-,-,-,1,2,3,3,-,-,-,-,1,1,1,-,-,-,1,4,5,5,-,-,-,-,-,-,-,-,-,-,1,1,2,2,-,-,-,-,1,1,1,-,-,-,-,-,-,-,-,-,-,1,2,3,3,-,-,-,1,2,3,3,-,1,1,2,4,6,7,-,1,1,-,1,1,2,-,-,-,2,1,3,3,-,-,-,1,5,6,6,-,-,-,-,-,-,-,-,-,-,2,2,4,4,50
"Actividades relacionadas con la asistencia a eventos culturales, de entretenimiento y/o deportivos",-,-,-,1,2,3,3,-,-,-,2,-,2,2,-,-,-,5,5,10,10,1,-,1,1,5,6,7,1,-,1,17,3,20,21,-,-,-,9,4,13,13,1,-,1,2,-,2,3,-,-,-,8,8,16,16,-,-,-,-,2,2,2,-,1,1,3,1,4,5,-,-,-,1,3,4,4,-,-,-,7,1,8,8,1,-,1,2,2,4,5,-,-,-,2,2,4,4,-,-,-,5,10,15,15,-,-,-,-,4,4,4,1,-,1,1,3,4,5,1,1,2,1,2,3,5,1,-,1,2,-,2,3,1,-,1,9,6,15,16,151
Actividades relacionadas con los deportes y el ejercicio físico,-,-,-,-,-,-,-,-,-,-,-,-,-,-,-,-,-,-,-,-,-,-,-,-,-,1,1,1,-,-,-,-,-,-,-,-,-,-,-,-,-,-,-,-,-,-,-,-,-,-,-,-,-,-,-,-,-,-,-,-,-,-,-,-,-,-,-,-,-,-,-,-,-,1,-,1,1,-,-,-,-,-,-,-,-,-,-,-,1,1,1,-,-,-,-,-,-,-,-,-,-,2,-,2,2,-,-,-,-,-,-,-,-,-,-,-,-,-,-,-,-,-,-,-,-,-,-,-,-,-,-,-,-,-,-,-,-,-,-,-,5
"Actividades relacionadas con manifestaciones públicas (marchas, protestas, etc.)",-,-,-,-,-,-,-,-,-,-,-,-,-,-,-,-,-,-,-,-,-,-,-,-,-,-,-,-,-,-,-,-,-,-,-,-,-,-,-,-,-,-,-,-,-,-,-,-,-,-,-,-,3,-,3,3,-,-,-,-,-,-,-,-,-,-,-,-,-,-,-,-,-,-,-,-,-,-,-,-,-,-,-,-,-,-,-,-,-,-,-,-,-,-,-,-,-,-,-,-,-,-,-,-,-,-,-,-,-,-,-,-,-,-,-,-,-,-,-,-,-,-,-,-,-,-,-,-,-,-,-,-,-,-,-,-,-,-,-,-,3
Actividades vitales o relacionadas con el cuidado personal,-,-,-,17,6,23,23,6,1,7,10,3,13,20,14,2,16,134,26,160,176,2,2,4,10,2,12,16,20,3,23,149,21,170,193,10,2,12,90,25,115,127,9,1,10,25,10,35,45,16,4,20,132,29,161,181,-,-,-,-,3,3,3,1,-,1,10,7,17,18,3,-,3,21,10,31,34,7,-,7,45,12,57,64,18,1,19,78,13,91,110,-,1,1,23,8,31,32,19,4,23,122,27,149,172,1,-,1,12,6,18,19,3,-,3,32,6,38,41,12,2,14,40,16,56,70,11,-,11,69,11,80,91,32,5,37,202,23,225,262,1697
Durante una retención ilegal (secuestro),-,-,-,-,-,-,-,-,-,-,-,-,-,-,-,-,-,1,-,1,1,-,-,-,-,-,-,-,-,-,-,-,-,-,-,-,-,-,-,-,-,-,-,-,-,-,-,-,-,-,-,-,-,-,-,-,-,-,-,-,-,-,-,-,-,-,-,-,-,-,-,-,-,-,-,-,-,-,-,-,-,-,-,-,-,-,-,-,-,-,-,-,-,-,-,-,-,-,-,-,-,-,-,-,-,-,-,-,-,-,-,-,-,-,-,-,-,-,-,-,-,-,-,-,-,-,-,-,-,-,-,-,-,-,-,-,1,-,1,1,2
Durante una retención legal (preso detenido),-,-,-,-,-,-,-,-,1,1,-,-,-,1,-,-,-,-,-,-,-,-,-,-,-,-,-,-,-,-,-,-,-,-,-,-,-,-,-,-,-,-,-,-,-,-,-,-,-,-,-,-,-,-,-,-,-,-,-,-,-,-,-,-,-,-,-,-,-,-,-,1,1,-,-,-,1,-,-,-,-,-,-,-,-,-,-,-,-,-,-,-,-,-,-,-,-,-,-,-,-,-,1,1,1,-,-,-,-,-,-,-,-,-,-,-,-,-,-,-,-,-,-,-,-,-,-,-,-,-,-,-,-,-,-,-,-,-,-,-,3
"Misión humanitaria, médica y/o sanitaria",-,-,-,-,-,-,-,-,-,-,-,-,-,-,-,-,-,-,-,-,-,-,-,-,-,-,-,-,-,-,-,-,-,-,-,-,-,-,-,-,-,-,-,-,-,-,-,-,-,-,-,-,-,-,-,-,-,-,-,-,-,-,-,-,-,-,-,-,-,-,-,-,-,-,1,1,1,-,-,-,-,-,-,-,-,-,-,-,-,-,-,-,-,-,-,-,-,-,-,-,-,-,-,-,-,-,-,-,-,-,-,-,-,-,-,-,-,-,-,-,-,-,1,-,1,1,-,-,-,-,-,-,-,-,-,-,-,1,1,1,3
Sin información,-,-,-,-,-,-,-,-,-,-,-,-,-,-,-,-,-,-,-,-,-,-,-,-,-,-,-,-,-,-,-,-,-,-,-,-,-,-,-,-,-,-,-,-,-,-,-,-,-,-,-,-,-,-,-,-,-,-,-,-,-,-,-,-,-,-,-,-,-,-,-,-,-,-,-,-,-,-,-,-,-,-,-,-,-,-,-,-,-,-,-,-,-,-,-,-,-,-,-,-,-,-,-,-,-,-,-,-,-,-,-,-,-,-,-,-,-,-,-,-,-,-,-,-,-,-,-,-,-,-,-,-,-,1,-,1,-,-,-,1,1
TOTAL,2,1,3,35,15,50,53,7,2,9,25,13,38,47,40,4,44,298,63,361,405,9,6,15,18,23,41,56,48,6,54,364,60,424,478,30,5,35,220,64,284,319,17,1,18,75,24,99,117,42,8,50,312,91,403,453,2,-,2,5,6,11,13,5,1,6,35,17,52,58,8,2,10,56,33,89,99,19,3,22,118,34,152,174,42,4,46,194,40,234,280,6,2,8,46,17,63,71,53,7,60,280,94,374,434,1,1,2,23,16,39,41,10,-,10,65,20,85,95,23,4,27,88,39,127,154,32,-,32,181,38,219,251,78,6,84,423,79,502,586,4184
VARIABLE: PAÍS DE NACIMIENTO DE LA VÍCTIMA,,,,,,,,,,,,,,,,,,,,,,,,,,,,,,,,,,,,,,,,,,,,,,,,,,,,,,,,,,,,,,,,,,,,,,,,,,,,,,,,,,,,,,,,,,,,,,,,,,,,,,,,,,,,,,,,,,,,,,,,,,,,,,,,,,,,,,,,,,,,,
Colombia,2,1,3,35,15,50,53,7,2,9,22,13,35,44,39,4,43,294,62,356,399,8,6,14,18,23,41,55,48,6,54,351,57,408,462,28,5,33,212,63,275,308,16,1,17,74,23,97,114,42,8,50,300,88,388,438,2,-,2,5,4,9,11,5,1,6,31,17,48,54,8,2,10,55,33,88,98,18,3,21,112,34,146,167,42,4,46,189,36,225,271,5,2,7,43,17,60,67,53,6,59,268,91,359,418,1,1,2,19,16,35,37,10,-,10,62,20,82,92,22,4,26,86,38,124,150,30,-,30,176,38,214,244,77,5,82,410,73,483,565,4047
Ecuador,-,-,-,-,-,-,-,-,-,-,1,-,1,1,-,-,-,-,-,-,-,-,-,-,-,-,-,-,-,-,-,1,-,1,1,-,-,-,1,-,1,1,-,-,-,-,-,-,-,-,-,-,-,-,-,-,-,-,-,-,-,-,-,-,-,-,-,-,-,-,-,-,-,-,-,-,-,-,-,-,-,-,-,-,-,-,-,-,-,-,-,-,-,-,-,-,-,-,-,-,-,-,-,-,-,-,-,-,-,-,-,-,-,-,-,-,-,-,-,-,-,-,-,-,-,-,-,-,-,-,-,-,-,-,-,-,-,-,-,-,3
Estados Unidos,-,-,-,-,-,-,-,-,-,-,-,-,-,-,-,-,-,-,-,-,-,-,-,-,-,-,-,-,-,-,-,-,-,-,-,-,-,-,-,-,-,-,-,-,-,-,-,-,-,-,-,-,-,-,-,-,-,-,-,-,-,-,-,-,-,-,-,-,-,-,-,-,-,-,-,-,-,-,-,-,-,-,-,-,-,-,-,-,-,-,-,-,-,-,-,-,-,-,-,-,-,-,-,-,-,-,-,-,-,-,-,-,-,-,-,-,-,-,-,-,-,-,-,-,-,-,-,-,-,-,-,-,-,-,-,-,-,1,1,1,1
Guatemala,-,-,-,-,-,-,-,-,-,-,-,-,-,-,-,-,-,-,-,-,-,-,-,-,-,-,-,-,-,-,-,-,-,-,-,-,-,-,-,-,-,-,-,-,-,-,-,-,-,-,-,-,-,-,-,-,-,-,-,-,-,-,-,-,-,-,-,-,-,-,-,-,-,-,-,-,-,-,-,-,-,-,-,-,-,-,-,-,-,-,-,-,-,-,-,-,-,-,-,-,-,-,-,-,-,-,-,-,-,-,-,-,-,-,-,-,-,-,-,-,-,-,-,-,-,-,1,-,1,-,-,-,1,-,-,-,-,-,-,-,1
Nicaragua,-,-,-,-,-,-,-,-,-,-,-,-,-,-,-,-,-,-,-,-,-,-,-,-,-,-,-,-,-,-,-,-,-,-,-,-,-,-,-,-,-,-,-,-,-,-,-,-,-,-,-,-,-,-,-,-,-,-,-,-,-,-,-,-,-,-,-,-,-,-,-,-,-,-,-,-,-,-,-,-,-,-,-,-,-,-,-,-,-,-,-,-,-,-,-,-,-,-,-,-,-,-,-,-,-,-,-,-,-,-,-,-,-,-,-,-,-,-,-,-,-,-,-,-,-,-,-,-,-,-,-,-,-,-,-,-,-,1,1,1,1
Venezuela,-,-,-,-,-,-,-,-,-,-,2,-,2,2,1,-,1,3,1,4,5,1,-,1,-,-,-,1,-,-,-,10,3,13,13,2,-,2,5,1,6,8,1,-,1,1,1,2,3,-,-,-,12,3,15,15,-,-,-,-,2,2,2,-,-,-,4,-,4,4,-,-,-,1,-,1,1,1,-,1,6,-,6,7,-,-,-,5,4,9,9,1,-,1,3,-,3,4,-,1,1,11,2,13,14,-,-,-,4,-,4,4,-,-,-,3,-,3,3,1,-,1,1,1,2,3,1,-,1,5,-,5,6,1,1,2,13,4,17,19,123
Yemen,-,-,-,-,-,-,-,-,-,-,-,-,-,-,-,-,-,-,-,-,-,-,-,-,-,-,-,-,-,-,-,-,-,-,-,-,-,-,-,-,-,-,-,-,-,-,-,-,-,-,-,-,-,-,-,-,-,-,-,-,-,-,-,-,-,-,-,-,-,-,-,-,-,-,-,-,-,-,-,-,-,-,-,-,-,-,-,-,-,-,-,-,-,-,-,-,-,-,-,-,-,-,1,1,1,-,-,-,-,-,-,-,-,-,-,-,-,-,-,-,-,-,-,-,-,-,-,-,-,-,-,-,-,-,-,-,-,-,-,-,1
Sin información,-,-,-,-,-,-,-,-,-,-,-,-,-,-,-,-,-,1,-,1,1,-,-,-,-,-,-,-,-,-,-,2,-,2,2,-,-,-,2,-,2,2,-,-,-,-,-,-,-,-,-,-,-,-,-,-,-,-,-,-,-,-,-,-,-,-,-,-,-,-,-,-,-,-,-,-,-,-,-,-,-,-,-,-,-,-,-,-,-,-,-,-,-,-,-,-,-,-,-,-,-,1,-,1,1,-,-,-,-,-,-,-,-,-,-,-,-,-,-,-,-,-,1,-,1,1,-,-,-,-,-,-,-,-,-,-,-,-,-,-,7
TOTAL,2,1,3,35,15,50,53,7,2,9,25,13,38,47,40,4,44,298,63,361,405,9,6,15,18,23,41,56,48,6,54,364,60,424,478,30,5,35,220,64,284,319,17,1,18,75,24,99,117,42,8,50,312,91,403,453,2,-,2,5,6,11,13,5,1,6,35,17,52,58,8,2,10,56,33,89,99,19,3,22,118,34,152,174,42,4,46,194,40,234,280,6,2,8,46,17,63,71,53,7,60,280,94,374,434,1,1,2,23,16,39,41,10,-,10,65,20,85,95,23,4,27,88,39,127,154,32,-,32,181,38,219,251,78,6,84,423,79,502,586,4184
VARIABLE: ESCENARIO DEL HECHO,,,,,,,,,,,,,,,,,,,,,,,,,,,,,,,,,,,,,,,,,,,,,,,,,,,,,,,,,,,,,,,,,,,,,,,,,,,,,,,,,,,,,,,,,,,,,,,,,,,,,,,,,,,,,,,,,,,,,,,,,,,,,,,,,,,,,,,,,,,,,
Ambulancia - transporte sanitario,-,-,-,-,-,-,-,-,-,-,-,-,-,-,-,-,-,-,-,-,-,-,-,-,-,-,-,-,-,-,-,-,-,-,-,1,-,1,-,-,-,1,-,-,-,-,-,-,-,-,-,-,-,-,-,-,-,-,-,-,-,-,-,-,-,-,-,-,-,-,-,-,-,-,-,-,-,-,-,-,-,-,-,-,-,-,-,-,-,-,-,-,-,-,-,-,-,-,-,-,-,-,-,-,-,-,-,-,-,-,-,-,-,-,-,-,-,-,-,-,-,-,-,-,-,-,-,-,-,-,-,-,-,-,-,-,-,-,-,-,1
Áreas deportivas y/o recreativas,-,-,-,-,-,-,-,-,-,-,-,-,-,-,-,-,-,-,-,-,-,-,-,-,-,-,-,-,-,-,-,-,-,-,-,-,-,-,-,-,-,-,-,-,-,2,1,3,3,-,-,-,2,1,3,3,-,-,-,-,-,-,-,-,-,-,-,-,-,-,-,-,-,-,-,-,-,-,-,-,-,-,-,-,-,-,-,-,-,-,-,-,-,-,-,1,1,1,-,-,-,2,-,2,2,-,-,-,-,-,-,-,-,-,-,-,-,-,-,-,-,-,-,-,-,-,-,-,-,-,-,-,-,1,-,1,-,1,1,2,11
"Calle (autopista, avenida, dentro de la ciudad)",-,-,-,1,3,4,4,-,-,-,-,1,1,1,-,1,1,10,2,12,13,-,-,-,1,4,5,5,4,1,5,15,3,18,23,-,-,-,12,4,16,16,1,-,1,4,1,5,6,3,-,3,13,10,23,26,1,-,1,-,1,1,2,1,-,1,1,2,3,4,-,-,-,6,1,7,7,2,-,2,9,5,14,16,3,2,5,9,2,11,16,-,-,-,-,1,1,1,4,-,4,13,4,17,21,-,-,-,1,-,1,1,-,-,-,-,-,-,-,1,-,1,1,3,4,5,3,-,3,6,2,8,11,3,-,3,43,12,55,58,236
Carretera (fuera de la ciudad),-,-,-,-,-,-,-,-,-,-,-,-,-,-,-,-,-,-,-,-,-,-,-,-,-,-,-,-,-,-,-,-,-,-,-,-,-,-,-,-,-,-,-,-,-,-,-,-,-,-,-,-,-,-,-,-,-,-,-,-,-,-,-,-,-,-,-,-,-,-,-,-,-,-,-,-,-,-,-,-,-,-,-,-,-,-,-,-,-,-,-,-,-,-,-,-,-,-,-,-,-,-,-,-,-,-,-,-,-,-,-,-,-,-,-,-,-,-,-,-,-,-,-,-,-,-,-,-,-,-,-,-,-,-,-,-,2,3,5,5,5
"Centro de atención médica (hospital, clínica, consultorio, etc.)",-,-,-,-,-,-,-,1,1,2,-,3,3,5,-,1,1,-,1,1,2,-,-,-,-,-,-,-,-,-,-,-,-,-,-,-,-,-,1,-,1,1,-,-,-,1,-,1,1,-,1,1,-,1,1,2,-,-,-,-,-,-,-,-,-,-,-,1,1,1,-,-,-,-,1,1,1,-,-,-,-,3,3,3,-,-,-,-,1,1,1,-,-,-,-,-,-,-,-,-,-,-,-,-,-,-,-,-,-,-,-,-,-,-,-,-,-,-,-,-,-,-,1,1,2,2,-,-,-,-,-,-,-,-,-,-,1,4,5,5,24
Centros de reclusión,-,-,-,-,-,-,-,-,1,1,-,3,3,4,-,-,-,-,-,-,-,-,-,-,-,-,-,-,-,-,-,-,-,-,-,-,-,-,-,-,-,-,-,-,-,-,-,-,-,-,-,-,-,1,1,1,-,-,-,-,-,-,-,-,-,-,-,-,-,-,-,1,1,-,-,-,1,-,-,-,-,-,-,-,-,-,-,-,-,-,-,-,-,-,-,-,-,-,-,1,1,-,1,1,2,-,-,-,-,-,-,-,-,-,-,-,-,-,-,-,-,-,-,-,-,-,-,-,-,-,-,-,-,-,1,1,-,-,-,1,9
Centros educativos,-,-,-,-,-,-,-,-,-,-,-,-,-,-,2,-,2,4,-,4,6,-,-,-,-,2,2,2,1,-,1,3,-,3,4,1,-,1,5,-,5,6,2,-,2,2,-,2,4,1,-,1,5,-,5,6,-,-,-,-,-,-,-,1,-,1,1,-,1,2,-,-,-,1,-,1,1,-,-,-,-,-,-,-,-,-,-,-,-,-,-,-,-,-,-,-,-,-,2,2,4,2,-,2,6,-,-,-,2,-,2,2,1,-,1,1,-,1,2,1,-,1,3,2,5,6,-,-,-,4,-,4,4,3,-,3,7,-,7,10,61
"Espacios acuáticos al aire libre (mar, río, arroyo, humedal, lago, etc.)",-,-,-,-,-,-,-,-,-,-,-,-,-,-,-,-,-,-,-,-,-,-,-,-,-,-,-,-,-,-,-,-,-,-,-,-,-,-,-,-,-,-,-,-,-,-,-,-,-,1,-,1,-,-,-,1,-,-,-,-,-,-,-,-,-,-,-,-,-,-,-,-,-,-,-,-,-,-,-,-,-,-,-,-,-,-,-,-,-,-,-,-,-,-,-,-,-,-,-,-,-,-,-,-,-,-,-,-,-,-,-,-,-,-,-,-,-,-,-,-,-,-,-,-,-,-,-,-,-,-,-,-,-,-,-,-,-,-,-,-,1
"Espacios terrestres al aire libre (bosque, potrero, montaña, playa, etc.)",-,-,-,-,-,-,-,-,-,-,-,-,-,-,-,-,-,1,1,2,2,-,1,1,-,-,-,1,-,-,-,1,-,1,1,-,-,-,-,1,1,1,-,-,-,-,-,-,-,-,-,-,2,-,2,2,-,-,-,-,-,-,-,-,-,-,-,-,-,-,-,-,-,-,-,-,-,-,-,-,-,-,-,-,-,-,-,1,-,1,1,-,-,-,-,-,-,-,-,-,-,1,2,3,3,-,-,-,-,-,-,-,-,-,-,-,-,-,-,-,-,-,-,-,-,-,-,-,-,-,3,3,3,-,-,-,-,-,-,-,14
"Establecimiento comercial (tienda, centro comercial, almacén, plaza de mercado)",-,1,1,-,1,1,2,-,-,-,1,-,1,1,-,-,-,2,2,4,4,1,-,1,-,2,2,3,1,-,1,3,-,3,4,-,-,-,6,1,7,7,-,-,-,1,-,1,1,-,-,-,3,3,6,6,-,-,-,-,-,-,-,-,-,-,1,-,1,1,-,-,-,1,2,3,3,-,-,-,1,1,2,2,1,-,1,-,1,1,2,-,-,-,-,1,1,1,-,1,1,5,1,6,7,-,-,-,1,2,3,3,-,-,-,1,2,3,3,-,-,-,1,2,3,3,-,-,-,-,1,1,1,1,-,1,4,3,7,8,62
"Establecimiento industrial (fábrica, planta) y/o obras en construcción",-,-,-,-,-,-,-,-,-,-,-,-,-,-,-,-,-,-,-,-,-,-,-,-,-,-,-,-,-,-,-,-,-,-,-,-,-,-,1,-,1,1,-,-,-,-,-,-,-,-,-,-,-,-,-,-,-,-,-,-,-,-,-,-,-,-,-,-,-,-,-,-,-,-,1,1,1,-,-,-,-,-,-,-,-,-,-,-,-,-,-,-,-,-,-,-,-,-,-,-,-,1,-,1,1,-,-,-,-,-,-,-,-,-,-,-,-,-,-,-,-,-,-,-,-,-,-,-,-,-,-,-,-,-,-,-,-,-,-,-,3
"Establecimientos de expendio de comidas (restaurantes, asaderos, salsamentarias, etc.)",-,-,-,-,-,-,-,-,-,-,-,-,-,-,-,-,-,-,-,-,-,-,-,-,-,-,-,-,-,-,-,-,-,-,-,-,-,-,-,-,-,-,-,-,-,-,-,-,-,-,-,-,-,-,-,-,-,-,-,-,-,-,-,-,-,-,-,-,-,-,-,-,-,-,-,-,-,-,-,-,-,-,-,-,-,-,-,1,1,2,2,-,-,-,-,-,-,-,-,-,-,-,2,2,2,-,-,-,-,-,-,-,-,-,-,-,-,-,-,-,-,-,-,-,-,-,-,-,-,-,-,-,-,-,-,-,-,-,-,-,4
Guarniciones militares y/o de policía,-,-,-,-,-,-,-,-,-,-,-,-,-,-,-,-,-,-,-,-,-,-,-,-,-,-,-,-,-,-,-,-,1,1,1,-,-,-,-,-,-,-,-,-,-,-,1,1,1,-,-,-,-,1,1,1,-,-,-,-,-,-,-,-,-,-,-,-,-,-,-,-,-,-,-,-,-,-,-,-,-,-,-,-,-,-,-,-,-,-,-,-,-,-,-,-,-,-,-,-,-,1,-,1,1,-,-,-,-,-,-,-,-,-,-,-,-,-,-,-,-,-,-,-,-,-,-,-,-,1,-,1,1,-,-,-,-,-,-,-,5
"Lugares de actividades culturales (cines, teatros, museos, bibliotecas, etc.)",-,-,-,-,-,-,-,-,-,-,-,-,-,-,-,-,-,-,-,-,-,-,-,-,-,-,-,-,-,-,-,-,-,-,-,-,-,-,-,-,-,-,-,-,-,1,-,1,1,-,-,-,2,-,2,2,-,-,-,-,-,-,-,-,-,-,-,-,-,-,-,-,-,-,-,-,-,-,-,-,-,-,-,-,-,-,-,-,-,-,-,-,-,-,-,-,-,-,-,-,-,-,-,-,-,-,-,-,-,-,-,-,-,-,-,-,-,-,-,-,-,-,-,-,-,-,-,-,-,-,-,-,-,-,-,-,2,1,3,3,6
"Lugares de cuidado de personas (hospicios, orfelinatos, hogares geriátricos, etc.)",-,-,-,1,-,1,1,-,-,-,-,-,-,-,1,-,1,-,-,-,1,-,-,-,-,-,-,-,-,-,-,-,-,-,-,1,-,1,-,1,1,2,1,-,1,-,-,-,1,-,-,-,1,-,1,1,-,-,-,-,-,-,-,-,1,1,-,-,-,1,-,-,-,-,-,-,-,-,-,-,-,-,-,-,-,-,-,-,1,1,1,-,-,-,-,-,-,-,-,-,-,1,1,2,2,-,-,-,-,-,-,-,-,-,-,-,-,-,-,-,-,-,-,-,-,-,-,-,-,-,-,-,-,2,1,3,3,1,4,7,17
Lugares de esparcimiento con expendio de alcohol,-,-,-,-,-,-,-,-,-,-,-,-,-,-,-,-,-,-,-,-,-,-,-,-,-,1,1,1,-,-,-,1,-,1,1,-,-,-,-,-,-,-,-,-,-,-,-,-,-,-,-,-,3,1,4,4,-,-,-,-,-,-,-,-,-,-,-,-,-,-,-,-,-,-,-,-,-,-,-,-,-,-,-,-,-,-,-,-,-,-,-,-,-,-,-,-,-,-,-,-,-,-,1,1,1,-,-,-,-,-,-,-,-,-,-,-,-,-,-,-,-,-,-,-,-,-,-,-,-,-,-,-,-,-,-,-,1,-,1,1,8
"Lugares de hospedaje (hoteles, campamentos y otros tipos de hospedaje no permanente, moteles, etc.)",-,-,-,1,1,2,2,-,-,-,-,-,-,-,-,-,-,5,1,6,6,-,-,-,1,1,2,2,-,1,1,7,-,7,8,-,-,-,5,3,8,8,-,-,-,2,2,4,4,-,-,-,7,8,15,15,-,-,-,-,-,-,-,-,-,-,2,-,2,2,-,-,-,-,-,-,-,-,-,-,3,3,6,6,2,1,3,4,2,6,9,-,-,-,1,1,2,2,-,-,-,4,1,5,5,-,-,-,-,1,1,1,-,-,-,3,2,5,5,-,-,-,-,3,3,3,-,-,-,1,-,1,1,-,-,-,7,2,9,9,88
Oficinas y/o edificios de oficinas,-,-,-,-,-,-,-,-,-,-,-,-,-,-,-,-,-,-,-,-,-,-,-,-,-,-,-,-,-,-,-,-,-,-,-,-,-,-,-,-,-,-,-,-,-,-,-,-,-,-,-,-,-,2,2,2,-,-,-,-,-,-,-,-,-,-,-,-,-,-,-,-,-,-,-,-,-,-,-,-,-,-,-,-,-,-,-,-,-,-,-,-,-,-,-,-,-,-,-,-,-,-,-,-,-,-,-,-,-,-,-,-,-,-,-,-,-,-,-,-,-,-,-,1,1,1,-,-,-,1,-,1,1,-,-,-,-,1,1,1,5
"Parqueaderos, estacionamientos",-,-,-,-,-,-,-,-,-,-,-,-,-,-,-,-,-,1,-,1,1,-,-,-,-,-,-,-,-,-,-,-,-,-,-,-,-,-,-,-,-,-,-,-,-,-,-,-,-,-,-,-,1,-,1,1,-,-,-,-,-,-,-,-,-,-,-,-,-,-,-,-,-,-,-,-,-,-,-,-,1,-,1,1,-,-,-,-,-,-,-,-,-,-,-,-,-,-,-,-,-,-,1,1,1,-,-,-,-,1,1,1,-,-,-,1,-,1,1,-,-,-,-,-,-,-,-,-,-,-,-,-,-,-,-,-,-,-,-,-,6
Terminales de pasajeros,-,-,-,-,-,-,-,-,-,-,-,-,-,-,-,-,-,-,-,-,-,-,-,-,-,-,-,-,-,-,-,-,-,-,-,-,-,-,-,-,-,-,-,-,-,-,-,-,-,-,-,-,-,-,-,-,-,-,-,-,-,-,-,-,-,-,-,1,1,1,-,-,-,-,-,-,-,-,-,-,-,1,1,1,-,-,-,-,-,-,-,-,-,-,-,-,-,-,-,-,-,-,-,-,-,-,-,-,-,-,-,-,-,-,-,-,-,-,-,-,-,-,-,-,-,-,-,-,-,1,-,1,1,-,-,-,-,-,-,-,3
Terreno baldío,-,-,-,-,-,-,-,-,-,-,-,-,-,-,-,-,-,-,-,-,-,-,-,-,-,-,-,-,-,-,-,-,-,-,-,-,-,-,-,-,-,-,-,-,-,-,-,-,-,-,-,-,1,-,1,1,-,-,-,-,-,-,-,-,-,-,-,-,-,-,-,-,-,-,-,-,-,-,-,-,-,-,-,-,-,-,-,-,-,-,-,-,-,-,-,1,1,1,-,-,-,-,-,-,-,-,-,-,-,-,-,-,-,-,-,-,-,-,-,-,-,-,-,-,-,-,-,-,-,-,-,-,-,-,-,-,-,-,-,-,2
Vehículo de servicio particular,-,-,-,1,-,1,1,-,-,-,1,-,1,1,-,-,-,1,2,3,3,-,1,1,1,-,1,2,-,-,-,-,-,-,-,-,-,-,-,-,-,-,-,-,-,-,-,-,-,-,-,-,2,2,4,4,-,-,-,-,-,-,-,-,-,-,-,1,1,1,-,-,-,-,1,1,1,-,-,-,-,1,1,1,-,-,-,1,1,2,2,-,-,-,-,-,-,-,-,-,-,-,2,2,2,-,-,-,-,-,-,-,-,-,-,-,-,-,-,-,-,-,1,-,1,1,-,-,-,2,1,3,3,-,-,-,1,5,6,6,28
Vía pública,-,-,-,-,-,-,-,-,-,-,-,-,-,-,-,-,-,-,-,-,-,-,-,-,-,-,-,-,-,-,-,3,-,3,3,-,-,-,1,-,1,1,-,-,-,-,-,-,-,-,-,-,2,2,4,4,-,-,-,-,-,-,-,-,-,-,-,-,-,-,-,-,-,1,1,2,2,-,1,1,2,-,2,3,-,-,-,2,1,3,3,-,-,-,-,1,1,1,-,-,-,1,-,1,1,-,-,-,-,1,1,1,-,-,-,-,-,-,-,-,-,-,-,-,-,-,2,-,2,1,-,1,3,-,-,-,3,-,3,3,25
Vivienda,2,-,2,31,10,41,43,6,-,6,23,6,29,35,35,2,37,270,54,324,361,8,4,12,15,12,27,39,38,4,42,327,55,382,424,27,5,32,186,53,239,271,13,1,14,61,17,78,92,37,7,44,265,58,323,367,1,-,1,5,5,10,11,3,-,3,29,12,41,44,8,1,9,47,26,73,82,16,2,18,100,20,120,138,35,1,36,176,30,206,242,6,2,8,44,10,54,62,44,3,47,246,77,323,370,1,1,2,19,11,30,32,9,-,9,58,15,73,82,21,4,25,79,27,106,131,26,-,26,163,30,193,219,34,3,37,241,42,283,320,3365
Zonas de actividades agropecuarias,-,-,-,-,-,-,-,-,-,-,-,-,-,-,-,-,-,-,-,-,-,-,-,-,-,-,-,-,-,-,-,-,-,-,-,-,-,-,-,-,-,-,-,-,-,-,-,-,-,-,-,-,-,-,-,-,-,-,-,-,-,-,-,-,-,-,-,-,-,-,-,-,-,-,-,-,-,-,-,-,-,-,-,-,-,-,-,-,-,-,-,-,-,-,1,-,1,1,-,-,-,-,-,-,-,-,-,-,-,-,-,-,-,-,-,-,-,-,-,-,-,-,-,-,-,-,-,-,-,-,-,-,-,-,-,-,-,-,-,-,1
Sin Información,-,-,-,-,-,-,-,-,-,-,-,-,-,-,2,-,2,4,-,4,6,-,-,-,-,1,1,1,4,-,4,4,1,5,9,-,-,-,3,1,4,4,-,-,-,1,2,3,3,-,-,-,3,1,4,4,-,-,-,-,-,-,-,-,-,-,1,-,1,1,-,-,-,-,-,-,-,1,-,1,2,-,2,3,1,-,1,-,-,-,1,-,-,-,-,1,1,1,3,-,3,3,1,4,7,-,-,-,-,-,-,-,-,-,-,1,1,2,2,-,-,-,2,-,2,2,1,-,1,1,1,2,3,34,1,35,108,4,112,147,194
TOTAL,2,1,3,35,15,50,53,7,2,9,25,13,38,47,40,4,44,298,63,361,405,9,6,15,18,23,41,56,48,6,54,364,60,424,478,30,5,35,220,64,284,319,17,1,18,75,24,99,117,42,8,50,312,91,403,453,2,-,2,5,6,11,13,5,1,6,35,17,52,58,8,2,10,56,33,89,99,19,3,22,118,34,152,174,42,4,46,194,40,234,280,6,2,8,46,17,63,71,53,7,60,280,94,374,434,1,1,2,23,16,39,41,10,-,10,65,20,85,95,23,4,27,88,39,127,154,32,-,32,181,38,219,251,78,6,84,423,79,502,586,4184
VARIABLE: ZONA DEL HECHO,,,,,,,,,,,,,,,,,,,,,,,,,,,,,,,,,,,,,,,,,,,,,,,,,,,,,,,,,,,,,,,,,,,,,,,,,,,,,,,,,,,,,,,,,,,,,,,,,,,,,,,,,,,,,,,,,,,,,,,,,,,,,,,,,,,,,,,,,,,,,
Cabecera municipal,2,1,3,34,15,49,52,7,2,9,25,13,38,47,40,4,44,296,63,359,403,8,6,14,18,23,41,55,48,6,54,362,58,420,474,27,5,32,217,62,279,311,17,1,18,74,24,98,116,41,8,49,306,91,397,446,2,-,2,5,6,11,13,5,1,6,34,17,51,57,8,2,10,56,33,89,99,19,3,22,115,34,149,171,42,4,46,193,40,233,279,6,2,8,46,15,61,69,53,7,60,279,92,371,431,1,-,1,23,16,39,40,9,-,9,65,20,85,94,23,4,27,87,39,126,153,31,-,31,178,38,216,247,74,6,80,415,76,491,571,4128
"Centro poblado (corregimiento, inspección de policía y caserío) ",-,-,-,-,-,-,-,-,-,-,-,-,-,-,-,-,-,2,-,2,2,-,-,-,-,-,-,-,-,-,-,1,2,3,3,1,-,1,3,2,5,6,-,-,-,-,-,-,-,1,-,1,6,-,6,7,-,-,-,-,-,-,-,-,-,-,-,-,-,-,-,-,-,-,-,-,-,-,-,-,2,-,2,2,-,-,-,-,-,-,-,-,-,-,-,2,2,2,-,-,-,1,2,3,3,-,1,1,-,-,-,1,1,-,1,-,-,-,1,-,-,-,1,-,1,1,-,-,-,2,-,2,2,1,-,1,2,1,3,4,34
Parte rural (vereda y campo),-,-,-,1,-,1,1,-,-,-,-,-,-,-,-,-,-,-,-,-,-,1,-,1,-,-,-,1,-,-,-,1,-,1,1,-,-,-,-,-,-,-,-,-,-,1,-,1,1,-,-,-,-,-,-,-,-,-,-,-,-,-,-,-,-,-,-,-,-,-,-,-,-,-,-,-,-,-,-,-,-,-,-,-,-,-,-,1,-,1,1,-,-,-,-,-,-,-,-,-,-,-,-,-,-,-,-,-,-,-,-,-,-,-,-,-,-,-,-,-,-,-,-,-,-,-,1,-,1,-,-,-,1,2,-,2,4,1,5,7,13
Sin información,-,-,-,-,-,-,-,-,-,-,-,-,-,-,-,-,-,-,-,-,-,-,-,-,-,-,-,-,-,-,-,-,-,-,-,2,-,2,-,-,-,2,-,-,-,-,-,-,-,-,-,-,-,-,-,-,-,-,-,-,-,-,-,-,-,-,1,-,1,1,-,-,-,-,-,-,-,-,-,-,1,-,1,1,-,-,-,-,-,-,-,-,-,-,-,-,-,-,-,-,-,-,-,-,-,-,-,-,-,-,-,-,-,-,-,-,-,-,-,-,-,-,-,-,-,-,-,-,-,1,-,1,1,1,-,1,2,1,3,4,9
TOTAL,2,1,3,35,15,50,53,7,2,9,25,13,38,47,40,4,44,298,63,361,405,9,6,15,18,23,41,56,48,6,54,364,60,424,478,30,5,35,220,64,284,319,17,1,18,75,24,99,117,42,8,50,312,91,403,453,2,-,2,5,6,11,13,5,1,6,35,17,52,58,8,2,10,56,33,89,99,19,3,22,118,34,152,174,42,4,46,194,40,234,280,6,2,8,46,17,63,71,53,7,60,280,94,374,434,1,1,2,23,16,39,41,10,-,10,65,20,85,95,23,4,27,88,39,127,154,32,-,32,181,38,219,251,78,6,84,423,79,502,586,4184
VARIABLE: MES DEL HECHO,,,,,,,,,,,,,,,,,,,,,,,,,,,,,,,,,,,,,,,,,,,,,,,,,,,,,,,,,,,,,,,,,,,,,,,,,,,,,,,,,,,,,,,,,,,,,,,,,,,,,,,,,,,,,,,,,,,,,,,,,,,,,,,,,,,,,,,,,,,,,
enero,-,1,1,4,-,4,5,1,-,1,3,1,4,5,1,-,1,21,4,25,26,1,2,3,1,-,1,4,1,1,2,34,5,39,41,1,-,1,23,5,28,29,-,-,-,6,2,8,8,2,1,3,17,14,31,34,-,-,-,-,1,1,1,-,-,-,2,1,3,3,-,1,1,4,3,7,8,-,-,-,9,2,11,11,2,-,2,22,4,26,28,-,-,-,5,3,8,8,4,-,4,20,11,31,35,-,-,-,1,-,1,1,1,-,1,7,1,8,9,3,-,3,10,6,16,19,-,-,-,14,1,15,15,7,-,7,44,10,54,61,351
febrero,-,-,-,-,3,3,3,2,1,3,4,1,5,8,4,-,4,26,4,30,34,-,2,2,4,4,8,10,6,1,7,30,6,36,43,2,1,3,20,6,26,29,3,-,3,12,4,16,19,7,-,7,22,9,31,38,-,-,-,-,2,2,2,-,-,-,6,3,9,9,1,-,1,3,4,7,8,2,1,3,17,3,20,23,4,1,5,15,3,18,23,1,-,1,5,-,5,6,3,-,3,28,9,37,40,1,-,1,1,1,2,3,-,-,-,3,2,5,5,2,1,3,1,3,4,7,4,-,4,16,5,21,25,6,1,7,43,3,46,53,388
marzo,-,-,-,7,-,7,7,1,-,1,-,1,1,2,6,1,7,28,5,33,40,1,-,1,2,1,3,4,5,-,5,34,3,37,42,2,1,3,19,9,28,31,-,-,-,3,2,5,5,3,2,5,25,10,35,40,1,-,1,-,-,-,1,-,-,-,2,-,2,2,-,-,-,4,-,4,4,6,-,6,8,2,10,16,4,-,4,24,3,27,31,-,-,-,3,2,5,5,6,-,6,34,9,43,49,-,-,-,5,1,6,6,1,-,1,8,1,9,10,1,1,2,12,3,15,17,3,-,3,10,-,10,13,4,-,4,52,7,59,63,388
abril,-,-,-,2,-,2,2,-,1,1,3,1,4,5,4,1,5,23,8,31,36,-,-,-,1,1,2,2,5,-,5,28,5,33,38,-,-,-,16,5,21,21,1,-,1,7,2,9,10,5,-,5,18,2,20,25,-,-,-,1,-,1,1,-,-,-,6,1,7,7,-,-,-,3,2,5,5,1,-,1,6,5,11,12,5,-,5,12,3,15,20,1,-,1,-,2,2,3,3,1,4,16,5,21,25,-,-,-,2,3,5,5,-,-,-,5,1,6,6,1,-,1,8,-,8,9,4,-,4,18,5,23,27,8,-,8,30,9,39,47,306
mayo,-,-,-,4,2,6,6,-,-,-,2,1,3,3,1,1,2,23,4,27,29,2,-,2,3,5,8,10,3,-,3,28,4,32,35,3,-,3,11,2,13,16,1,-,1,7,5,12,13,2,-,2,23,9,32,34,-,-,-,-,1,1,1,1,1,2,2,1,3,5,-,1,1,3,5,8,9,3,-,3,4,4,8,11,3,-,3,18,5,23,26,-,-,-,2,-,2,2,3,-,3,15,9,24,27,-,-,-,3,2,5,5,-,-,-,6,1,7,7,-,-,-,3,2,5,5,-,-,-,12,5,17,17,3,1,4,29,5,34,38,299
junio,-,-,-,1,2,3,3,-,-,-,-,-,-,-,4,1,5,24,9,33,38,1,1,2,1,1,2,4,2,1,3,36,1,37,40,4,-,4,15,4,19,23,4,-,4,3,2,5,9,7,-,7,24,7,31,38,-,-,-,-,2,2,2,-,-,-,2,-,2,2,1,-,1,1,2,3,4,2,-,2,6,-,6,8,7,1,8,10,3,13,21,-,-,-,6,-,6,6,7,1,8,16,6,22,30,-,-,-,1,-,1,1,2,-,2,9,2,11,13,2,-,2,7,4,11,13,4,-,4,17,4,21,25,6,1,7,37,3,40,47,327
julio,-,-,-,4,3,7,7,-,-,-,2,2,4,4,2,-,2,27,8,35,37,1,-,1,1,1,2,3,2,-,2,21,8,29,31,-,-,-,17,10,27,27,-,-,-,9,1,10,10,2,-,2,30,7,37,39,-,-,-,1,-,1,1,-,-,-,-,1,1,1,3,-,3,5,5,10,13,1,-,1,11,9,20,21,-,-,-,12,4,16,16,-,1,1,-,3,3,4,5,1,6,23,12,35,41,-,-,-,3,-,3,3,3,-,3,5,2,7,10,3,-,3,7,5,12,15,3,-,3,11,5,16,19,6,-,6,19,11,30,36,338
agosto,-,-,-,3,2,5,5,-,-,-,3,1,4,4,2,-,2,20,4,24,26,-,-,-,1,1,2,2,8,2,10,27,4,31,41,1,2,3,25,6,31,34,1,-,1,4,1,5,6,5,4,9,30,5,35,44,-,-,-,2,-,2,2,-,-,-,4,1,5,5,2,-,2,6,2,8,10,1,-,1,12,4,16,17,2,-,2,18,2,20,22,-,-,-,4,3,7,7,4,-,4,22,6,28,32,-,1,1,1,3,4,5,1,-,1,4,1,5,6,3,-,3,9,2,11,14,-,-,-,16,1,17,17,11,1,12,23,2,25,37,336
septiembre,2,-,2,3,-,3,5,2,-,2,3,1,4,6,3,-,3,33,1,34,37,1,-,1,1,2,3,4,3,-,3,36,7,43,46,3,1,4,26,5,31,35,4,-,4,3,1,4,8,4,-,4,33,7,40,44,1,-,1,-,-,-,1,1,-,1,2,3,5,6,-,-,-,8,1,9,9,1,-,1,15,1,16,17,-,1,1,14,3,17,18,2,-,2,10,3,13,15,3,1,4,38,13,51,55,-,-,-,1,-,1,1,-,-,-,6,4,10,10,5,-,5,9,8,17,22,4,-,4,16,4,20,24,4,1,5,33,2,35,40,403
octubre,-,-,-,3,3,6,6,-,-,-,1,1,2,2,5,-,5,24,5,29,34,2,-,2,1,2,3,5,5,-,5,30,6,36,41,1,-,1,16,7,23,24,-,1,1,4,2,6,7,3,-,3,35,5,40,43,-,-,-,1,-,1,1,1,-,1,4,2,6,7,1,-,1,11,3,14,15,-,1,1,9,1,10,11,5,-,5,22,5,27,32,-,-,-,3,1,4,4,5,-,5,21,3,24,29,-,-,-,1,2,3,3,2,-,2,2,1,3,5,-,1,1,10,3,13,14,4,-,4,18,5,23,27,6,-,6,38,13,51,57,367
noviembre,-,-,-,2,-,2,2,-,-,-,3,1,4,4,4,-,4,30,7,37,41,-,1,1,2,4,6,7,5,-,5,31,6,37,42,5,-,5,17,2,19,24,1,-,1,10,1,11,12,2,-,2,30,11,41,43,-,-,-,-,-,-,-,-,-,-,3,1,4,4,-,-,-,6,3,9,9,1,-,1,5,3,8,9,8,1,9,19,5,24,33,-,1,1,2,-,2,3,5,-,5,26,5,31,36,-,-,-,4,2,6,6,-,-,-,6,3,9,9,3,1,4,8,1,9,13,4,-,4,13,2,15,19,11,1,12,44,7,51,63,379
diciembre,-,-,-,2,-,2,2,1,-,1,1,2,3,4,4,-,4,19,4,23,27,-,-,-,-,1,1,1,3,1,4,29,5,34,38,8,-,8,15,3,18,26,2,-,2,7,1,8,10,-,1,1,25,5,30,31,-,-,-,-,-,-,-,2,-,2,2,3,5,7,-,-,-,2,3,5,5,1,1,2,16,-,16,18,2,-,2,8,-,8,10,2,-,2,6,-,6,8,5,3,8,21,6,27,35,-,-,-,-,2,2,2,-,-,-,4,1,5,5,-,-,-,4,2,6,6,2,-,2,20,1,21,23,6,-,6,31,7,38,44,302
TOTAL,2,1,3,35,15,50,53,7,2,9,25,13,38,47,40,4,44,298,63,361,405,9,6,15,18,23,41,56,48,6,54,364,60,424,478,30,5,35,220,64,284,319,17,1,18,75,24,99,117,42,8,50,312,91,403,453,2,-,2,5,6,11,13,5,1,6,35,17,52,58,8,2,10,56,33,89,99,19,3,22,118,34,152,174,42,4,46,194,40,234,280,6,2,8,46,17,63,71,53,7,60,280,94,374,434,1,1,2,23,16,39,41,10,-,10,65,20,85,95,23,4,27,88,39,127,154,32,-,32,181,38,219,251,78,6,84,423,79,502,586,4184
VARIABLE: DÍA DEL HECHO,,,,,,,,,,,,,,,,,,,,,,,,,,,,,,,,,,,,,,,,,,,,,,,,,,,,,,,,,,,,,,,,,,,,,,,,,,,,,,,,,,,,,,,,,,,,,,,,,,,,,,,,,,,,,,,,,,,,,,,,,,,,,,,,,,,,,,,,,,,,,
lunes,-,-,-,4,3,7,7,1,-,1,5,1,6,7,5,1,6,44,9,53,59,-,-,-,4,2,6,6,9,3,12,58,9,67,79,8,1,9,36,6,42,51,2,1,3,10,2,12,15,7,-,7,44,12,56,63,1,-,1,-,1,1,2,-,-,-,3,1,4,4,1,1,2,6,3,9,11,2,-,2,23,2,25,27,6,-,6,23,7,30,36,1,-,1,9,-,9,10,7,3,10,30,13,43,53,-,-,-,4,4,8,8,1,-,1,10,1,11,12,3,1,4,12,4,16,20,6,-,6,27,7,34,40,15,2,17,63,7,70,87,597
martes,-,-,-,13,4,17,17,4,1,5,6,3,9,14,8,2,10,50,7,57,67,1,-,1,3,1,4,5,11,-,11,54,8,62,73,3,-,3,38,5,43,46,1,-,1,13,5,18,19,5,3,8,45,9,54,62,-,-,-,-,-,-,-,2,-,2,5,2,7,9,2,-,2,9,5,14,16,1,2,3,18,6,24,27,8,1,9,37,4,41,50,1,-,1,3,2,5,6,9,-,9,51,16,67,76,-,1,1,3,-,3,4,1,-,1,9,1,10,11,5,1,6,14,6,20,26,10,-,10,21,4,25,35,15,2,17,101,15,116,133,696
miércoles,1,1,2,3,1,4,6,-,-,-,-,4,4,4,6,-,6,49,11,60,66,3,1,4,2,4,6,10,8,-,8,66,6,72,80,3,2,5,39,6,45,50,3,-,3,13,4,17,20,10,-,10,68,9,77,87,-,-,-,3,1,4,4,-,1,1,2,1,3,4,-,1,1,10,4,14,15,4,-,4,15,3,18,22,4,-,4,26,3,29,33,2,1,3,9,3,12,15,7,1,8,52,13,65,73,-,-,-,3,4,7,7,4,-,4,11,2,13,17,1,2,3,11,6,17,20,3,-,3,26,3,29,32,15,1,16,65,12,77,93,658
jueves,-,-,-,6,2,8,8,-,1,1,7,1,8,9,2,1,3,57,11,68,71,2,1,3,1,4,5,8,9,-,9,59,7,66,75,3,-,3,43,11,54,57,1,-,1,12,2,14,15,10,-,10,52,9,61,71,1,-,1,-,1,1,2,1,-,1,9,5,14,15,2,-,2,9,2,11,13,6,1,7,17,6,23,30,8,2,10,31,9,40,50,2,-,2,14,2,16,18,13,-,13,51,10,61,74,-,-,-,6,4,10,10,2,-,2,10,1,11,13,5,-,5,19,7,26,31,3,-,3,35,3,38,41,16,-,16,93,10,103,119,730
viernes,-,-,-,4,2,6,6,2,-,2,4,2,6,8,9,-,9,43,4,47,56,1,1,2,3,3,6,8,7,1,8,59,11,70,78,5,2,7,29,9,38,45,5,-,5,11,6,17,22,7,3,10,44,11,55,65,-,-,-,2,2,4,4,1,-,1,5,2,7,8,1,-,1,7,7,14,15,2,-,2,18,7,25,27,7,-,7,37,4,41,48,-,-,-,2,2,4,4,12,-,12,49,16,65,77,-,-,-,3,-,3,3,-,-,-,8,5,13,13,3,-,3,17,5,22,25,6,-,6,28,7,35,41,11,1,12,60,11,71,83,636
sábado,-,-,-,1,1,2,2,-,-,-,2,-,2,2,6,-,6,30,12,42,48,1,3,4,3,2,5,9,3,-,3,43,12,55,58,6,-,6,18,10,28,34,2,-,2,9,1,10,12,2,-,2,39,20,59,61,-,-,-,-,-,-,-,-,-,-,4,3,7,7,2,-,2,10,3,13,15,4,-,4,14,7,21,25,2,-,2,23,3,26,28,-,1,1,5,4,9,10,2,1,3,29,12,41,44,1,-,1,3,2,5,6,1,-,1,10,5,15,16,3,-,3,8,7,15,18,3,-,3,30,4,34,37,5,-,5,28,13,41,46,478
domingo,1,-,1,4,2,6,7,-,-,-,1,2,3,3,4,-,4,25,9,34,38,1,-,1,2,7,9,10,1,2,3,25,7,32,35,2,-,2,17,17,34,36,3,-,3,7,4,11,14,1,2,3,20,21,41,44,-,-,-,-,1,1,1,1,-,1,7,3,10,11,-,-,-,5,9,14,14,-,-,-,13,3,16,16,7,1,8,17,10,27,35,-,-,-,4,4,8,8,3,2,5,18,14,32,37,-,-,-,1,2,3,3,1,-,1,7,5,12,13,3,-,3,7,4,11,14,1,-,1,14,10,24,25,1,-,1,13,11,24,25,389
TOTAL,2,1,3,35,15,50,53,7,2,9,25,13,38,47,40,4,44,298,63,361,405,9,6,15,18,23,41,56,48,6,54,364,60,424,478,30,5,35,220,64,284,319,17,1,18,75,24,99,117,42,8,50,312,91,403,453,2,-,2,5,6,11,13,5,1,6,35,17,52,58,8,2,10,56,33,89,99,19,3,22,118,34,152,174,42,4,46,194,40,234,280,6,2,8,46,17,63,71,53,7,60,280,94,374,434,1,1,2,23,16,39,41,10,-,10,65,20,85,95,23,4,27,88,39,127,154,32,-,32,181,38,219,251,78,6,84,423,79,502,586,4184
VARIABLE: RANGO DE HORA DEL HECHO (X 3 HORAS),,,,,,,,,,,,,,,,,,,,,,,,,,,,,,,,,,,,,,,,,,,,,,,,,,,,,,,,,,,,,,,,,,,,,,,,,,,,,,,,,,,,,,,,,,,,,,,,,,,,,,,,,,,,,,,,,,,,,,,,,,,,,,,,,,,,,,,,,,,,,
(00:00 a 02:59),-,-,-,-,-,-,-,-,-,-,-,1,1,1,1,2,3,5,2,7,10,-,2,2,1,3,4,6,-,1,1,6,6,12,13,-,-,-,4,4,8,8,1,-,1,1,2,3,4,-,1,1,4,9,13,14,-,-,-,-,1,1,1,-,-,-,2,-,2,2,-,-,-,-,3,3,3,-,-,-,4,3,7,7,1,1,2,4,4,8,10,-,-,-,1,1,2,2,-,-,-,2,7,9,9,-,-,-,-,-,-,-,1,-,1,-,2,2,3,1,-,1,3,4,7,8,1,-,1,4,4,8,9,-,-,-,3,4,7,7,117
(03:00 a 05:59),-,-,-,1,3,4,4,-,-,-,-,2,2,2,-,-,-,4,7,11,11,-,-,-,-,2,2,2,-,2,2,10,8,18,20,-,-,-,4,9,13,13,-,-,-,2,-,2,2,-,-,-,13,8,21,21,-,-,-,-,-,-,-,-,-,-,-,1,1,1,-,-,-,-,2,2,2,-,1,1,2,3,5,6,1,-,1,3,1,4,5,-,-,-,-,4,4,4,-,2,2,4,7,11,13,-,-,-,2,3,5,5,-,-,-,-,-,-,-,-,-,-,-,3,3,3,-,-,-,3,2,5,5,-,-,-,3,7,10,10,129
(06:00 a 08:59),-,-,-,1,2,3,3,-,-,-,-,2,2,2,1,-,1,6,4,10,11,-,-,-,-,1,1,1,-,-,-,9,2,11,11,1,-,1,5,1,6,7,-,-,-,1,-,1,1,-,-,-,4,8,12,12,-,-,-,-,1,1,1,-,-,-,1,3,4,4,-,-,-,2,2,4,4,-,-,-,3,2,5,5,2,-,2,5,2,7,9,-,-,-,1,-,1,1,-,1,1,5,7,12,13,-,-,-,-,2,2,2,1,-,1,1,2,3,4,2,-,2,1,6,7,9,-,-,-,2,5,7,7,-,-,-,4,6,10,10,117
(09:00 a 11:59),-,-,-,3,2,5,5,1,1,2,3,2,5,7,1,1,2,24,5,29,31,-,-,-,3,-,3,3,3,-,3,17,3,20,23,1,-,1,14,4,18,19,-,-,-,7,1,8,8,1,-,1,20,6,26,27,-,-,-,1,-,1,1,-,-,-,1,1,2,2,1,-,1,3,3,6,7,1,-,1,6,3,9,10,6,-,6,12,5,17,23,-,-,-,3,2,5,5,2,-,2,23,4,27,29,-,-,-,-,3,3,3,-,-,-,5,-,5,5,1,-,1,8,1,9,10,2,-,2,11,6,17,19,-,1,1,6,6,12,13,250
(12:00 a 14:59),-,1,1,5,-,5,6,1,1,2,2,-,2,4,-,-,-,19,4,23,23,-,-,-,1,1,2,2,1,-,1,12,4,16,17,-,-,-,15,2,17,17,-,-,-,5,3,8,8,-,-,-,23,6,29,29,-,-,-,-,-,-,-,-,-,-,1,1,2,2,-,1,1,2,4,6,7,-,-,-,10,1,11,11,-,-,-,8,3,11,11,-,-,-,2,-,2,2,-,-,-,11,1,12,12,-,-,-,-,-,-,-,-,-,-,2,1,3,3,1,-,1,4,2,6,7,1,-,1,7,2,9,10,2,-,2,8,3,11,13,184
(15:00 a 17:59),-,-,-,2,2,4,4,-,-,-,1,1,2,2,1,-,1,14,3,17,18,3,-,3,-,3,3,6,2,-,2,12,3,15,17,-,-,-,18,1,19,19,4,1,5,3,1,4,9,2,-,2,14,3,17,19,-,-,-,1,-,1,1,-,-,-,4,1,5,5,1,-,1,3,3,6,7,1,-,1,8,-,8,9,2,-,2,10,3,13,15,-,-,-,2,-,2,2,2,-,2,11,7,18,20,-,-,-,2,1,3,3,-,-,-,6,1,7,7,-,-,-,7,4,11,11,2,-,2,13,2,15,17,2,-,2,11,5,16,18,209
(18:00 a 20:59),-,-,-,1,2,3,3,1,-,1,1,-,1,2,2,-,2,13,5,18,20,1,-,1,2,-,2,3,2,-,2,15,6,21,23,1,-,1,11,6,17,18,2,-,2,3,2,5,7,2,-,2,13,8,21,23,-,-,-,1,-,1,1,-,-,-,2,3,5,5,-,-,-,3,1,4,4,1,-,1,7,4,11,12,1,-,1,3,1,4,5,1,1,2,3,4,7,9,1,-,1,9,9,18,19,-,-,-,-,1,1,1,-,-,-,4,-,4,4,2,-,2,1,4,5,7,-,-,-,7,2,9,9,-,-,-,7,6,13,13,188
(21:00 a 23:59),-,-,-,1,-,1,1,-,-,-,2,-,2,2,2,-,2,10,8,18,20,-,2,2,1,1,2,4,-,-,-,10,7,17,17,1,-,1,6,6,12,13,1,-,1,1,2,3,4,-,-,-,13,14,27,27,-,-,-,-,-,-,-,1,1,2,2,1,3,5,-,-,-,2,4,6,6,1,-,1,2,5,7,8,-,-,-,7,5,12,12,-,-,-,1,2,3,3,6,-,6,8,9,17,23,-,1,1,-,1,1,2,-,-,-,5,3,8,8,1,3,4,4,3,7,11,1,-,1,4,2,6,7,1,-,1,7,5,12,13,186
Sin información,2,-,2,21,4,25,27,4,-,4,16,5,21,25,32,1,33,203,25,228,261,5,2,7,10,12,22,29,40,3,43,273,21,294,337,26,5,31,143,31,174,205,9,-,9,52,13,65,74,37,7,44,208,29,237,281,2,-,2,2,4,6,8,4,-,4,22,6,28,32,6,1,7,41,11,52,59,15,2,17,76,13,89,106,29,3,32,142,16,158,190,5,1,6,33,4,37,43,42,4,46,207,43,250,296,1,-,1,19,5,24,25,8,-,8,42,11,53,61,15,1,16,60,12,72,88,25,-,25,130,13,143,168,73,5,78,374,37,411,489,2804
TOTAL,2,1,3,35,15,50,53,7,2,9,25,13,38,47,40,4,44,298,63,361,405,9,6,15,18,23,41,56,48,6,54,364,60,424,478,30,5,35,220,64,284,319,17,1,18,75,24,99,117,42,8,50,312,91,403,453,2,-,2,5,6,11,13,5,1,6,35,17,52,58,8,2,10,56,33,89,99,19,3,22,118,34,152,174,42,4,46,194,40,234,280,6,2,8,46,17,63,71,53,7,60,280,94,374,434,1,1,2,23,16,39,41,10,-,10,65,20,85,95,23,4,27,88,39,127,154,32,-,32,181,38,219,251,78,6,84,423,79,502,586,4184
"No aplica ""Estado civil"": Corresponde a los menores de 10 años los cuales por su corta edad no es posible categorizarlos dentro de esta variable",,,,,,,,,,,,,,,,,,,,,,,,,,,,,,,,,,,,,,,,,,,,,,,,,,,,,,,,,,,,,,,,,,,,,,,,,,,,,,,,,,,,,,,,,,,,,,,,,,,,,,,,,,,,,,,,,,,,,,,,,,,,,,,,,,,,,,,,,,,,,
"Presunto Delito Sexual, no aplican las variables: Mecanismo Causal de la Lesión, Diagnóstico Topográfico de la Lesión y Días de Incapacidad",,,,,,,,,,,,,,,,,,,,,,,,,,,,,,,,,,,,,,,,,,,,,,,,,,,,,,,,,,,,,,,,,,,,,,,,,,,,,,,,,,,,,,,,,,,,,,,,,,,,,,,,,,,,,,,,,,,,,,,,,,,,,,,,,,,,,,,,,,,,,
FUENTE: Instituto Nacional de Medicina Legal y Ciencias Forenses - INMLCF,,,,,,,,,,,,,,,,,,,,,,,,,,,,,,,,,,,,,,,,,,,,,,,,,,,,,,,,,,,,,,,,,,,,,,,,,,,,,,,,,,,,,,,,,,,,,,,,,,,,,,,,,,,,,,,,,,,,,,,,,,,,,,,,,,,,,,,,,,,,,
Grupo: Centro de Referencia Nacional Sobre la Violencia - GCERN,,,,,,,,,,,,,,,,,,,,,,,,,,,,,,,,,,,,,,,,,,,,,,,,,,,,,,,,,,,,,,,,,,,,,,,,,,,,,,,,,,,,,,,,,,,,,,,,,,,,,,,,,,,,,,,,,,,,,,,,,,,,,,,,,,,,,,,,,,,,,
Base: Sistema de Información de Clínica y Odontología Forense - SICLICO ,,,,,,,,,,,,,,,,,,,,,,,,,,,,,,,,,,,,,,,,,,,,,,,,,,,,,,,,,,,,,,,,,,,,,,,,,,,,,,,,,,,,,,,,,,,,,,,,,,,,,,,,,,,,,,,,,,,,,,,,,,,,,,,,,,,,,,,,,,,,,
