COMPORTAMIENTO DE LAS LESIONES NO FATALES POR VIOLENCIA DE PAREJA EN BOGOTÁ D.C AÑO 2021 / LOCALIDAD DEL HECHO,Antonio Nariño,Antonio Nariño.1,Antonio Nariño.2,Antonio Nariño.3,Antonio Nariño.4,Antonio Nariño.5,Antonio Nariño.6,Barrios Unidos,Barrios Unidos.1,Barrios Unidos.2,Barrios Unidos.3,Barrios Unidos.4,Barrios Unidos.5,Barrios Unidos.6,Bosa,Bosa.1,Bosa.2,Bosa.3,Bosa.4,Bosa.5,Bosa.6,Chapinero,Chapinero.1,Chapinero.2,Chapinero.3,Chapinero.4,Chapinero.5,Chapinero.6,Ciudad Bolívar,Ciudad Bolívar.1,Ciudad Bolívar.2,Ciudad Bolívar.3,Ciudad Bolívar.4,Ciudad Bolívar.5,Ciudad Bolívar.6,Engativá,Engativá.1,Engativá.2,Engativá.3,Engativá.4,Engativá.5,Engativá.6,Fontibón,Fontibón.1,Fontibón.2,Fontibón.3,Fontibón.4,Fontibón.5,Fontibón.6,Kennedy,Kennedy.1,Kennedy.2,Kennedy.3,Kennedy.4,Kennedy.5,Kennedy.6,La Candelaria,La Candelaria.1,La Candelaria.2,La Candelaria.3,La Candelaria.4,La Candelaria.5,La Candelaria.6,Mártires,Mártires.1,Mártires.2,Mártires.3,Mártires.4,Mártires.5,Mártires.6,Puente Aranda,Puente Aranda.1,Puente Aranda.2,Puente Aranda.3,Puente Aranda.4,Puente Aranda.5,Puente Aranda.6,Rafael Uribe Uribe,Rafael Uribe Uribe.1,Rafael Uribe Uribe.2,Rafael Uribe Uribe.3,Rafael Uribe Uribe.4,Rafael Uribe Uribe.5,Rafael Uribe Uribe.6,San Cristóbal,San Cristóbal.1,San Cristóbal.2,San Cristóbal.3,San Cristóbal.4,San Cristóbal.5,San Cristóbal.6,Santafé,Santafé.1,Santafé.2,Santafé.3,Santafé.4,Santafé.5,Santafé.6,Suba,Suba.1,Suba.2,Suba.3,Suba.4,Suba.5,Suba.6,Teusaquillo,Teusaquillo.1,Teusaquillo.2,Teusaquillo.3,Teusaquillo.4,Teusaquillo.5,Teusaquillo.6,Tunjuelito,Tunjuelito.1,Tunjuelito.2,Tunjuelito.3,Tunjuelito.4,Tunjuelito.5,Tunjuelito.6,Usaquén,Usaquén.1,Usaquén.2,Usaquén.3,Usaquén.4,Usaquén.5,Usaquén.6,Usme,Usme.1,Usme.2,Usme.3,Usme.4,Usme.5,Usme.6,Sin información,Sin información.1,Sin información.2,Sin información.3,Sin información.4,Sin información.5,Sin información.6,CIFRA
CÓDIGOS DIVIPOLA,,,,,,,,,,,,,,,,,,,,,,,,,,,,,,,,,,,,,,,,,,,,,,,,,,,,,,,,,,,,,,,,,,,,,,,,,,,,,,,,,,,,,,,,,,,,,,,,,,,,,,,,,,,,,,,,,,,,,,,,,,,,,,,,,,,,,,,,,,,,,
SEXO,Hombre,Hombre,HOMBRE,Mujer,Mujer,MUJER,TOTAL,Hombre,Hombre,HOMBRE,Mujer,Mujer,MUJER,TOTAL,Hombre,Hombre,HOMBRE,Mujer,Mujer,MUJER,TOTAL,Hombre,Hombre,HOMBRE,Mujer,Mujer,MUJER,TOTAL,Hombre,Hombre,HOMBRE,Mujer,Mujer,MUJER,TOTAL,Hombre,Hombre,HOMBRE,Mujer,Mujer,MUJER,TOTAL,Hombre,Hombre,HOMBRE,Mujer,Mujer,MUJER,TOTAL,Hombre,Hombre,HOMBRE,Mujer,Mujer,MUJER,TOTAL,Hombre,Hombre,HOMBRE,Mujer,Mujer,MUJER,TOTAL,Hombre,Hombre,HOMBRE,Mujer,Mujer,MUJER,TOTAL,Hombre,Hombre,HOMBRE,Mujer,Mujer,MUJER,TOTAL,Hombre,Hombre,HOMBRE,Mujer,Mujer,MUJER,TOTAL,Hombre,Hombre,HOMBRE,Mujer,Mujer,MUJER,TOTAL,Hombre,Hombre,HOMBRE,Mujer,Mujer,MUJER,TOTAL,Hombre,Hombre,HOMBRE,Mujer,Mujer,MUJER,TOTAL,Hombre,Hombre,HOMBRE,Mujer,Mujer,MUJER,TOTAL,Hombre,Hombre,HOMBRE,Mujer,Mujer,MUJER,TOTAL,Hombre,Hombre,HOMBRE,Mujer,Mujer,MUJER,TOTAL,Hombre,Hombre,HOMBRE,Mujer,Mujer,MUJER,TOTAL,Hombre,Hombre,HOMBRE,Mujer,Mujer,MUJER,TOTAL,TOTAL
VARIABLE / MAYOR DE EDAD (> 18 AÑOS) O MENOR DE EDAD (< 18 AÑOS),Menores de Edad (<18 años),Mayores de Edad (>18 años),TOTAL,Menores de Edad (<18 años),Mayores de Edad (>18 años),TOTAL,,Menores de Edad (<18 años),Mayores de Edad (>18 años),TOTAL,Menores de Edad (<18 años),Mayores de Edad (>18 años),TOTAL,,Menores de Edad (<18 años),Mayores de Edad (>18 años),TOTAL,Menores de Edad (<18 años),Mayores de Edad (>18 años),TOTAL,,Menores de Edad (<18 años),Mayores de Edad (>18 años),TOTAL,Menores de Edad (<18 años),Mayores de Edad (>18 años),TOTAL,,Menores de Edad (<18 años),Mayores de Edad (>18 años),TOTAL,Menores de Edad (<18 años),Mayores de Edad (>18 años),TOTAL,,Menores de Edad (<18 años),Mayores de Edad (>18 años),TOTAL,Menores de Edad (<18 años),Mayores de Edad (>18 años),TOTAL,,Menores de Edad (<18 años),Mayores de Edad (>18 años),TOTAL,Menores de Edad (<18 años),Mayores de Edad (>18 años),TOTAL,,Menores de Edad (<18 años),Mayores de Edad (>18 años),TOTAL,Menores de Edad (<18 años),Mayores de Edad (>18 años),TOTAL,,Menores de Edad (<18 años),Mayores de Edad (>18 años),TOTAL,Menores de Edad (<18 años),Mayores de Edad (>18 años),TOTAL,,Menores de Edad (<18 años),Mayores de Edad (>18 años),TOTAL,Menores de Edad (<18 años),Mayores de Edad (>18 años),TOTAL,,Menores de Edad (<18 años),Mayores de Edad (>18 años),TOTAL,Menores de Edad (<18 años),Mayores de Edad (>18 años),TOTAL,,Menores de Edad (<18 años),Mayores de Edad (>18 años),TOTAL,Menores de Edad (<18 años),Mayores de Edad (>18 años),TOTAL,,Menores de Edad (<18 años),Mayores de Edad (>18 años),TOTAL,Menores de Edad (<18 años),Mayores de Edad (>18 años),TOTAL,,Menores de Edad (<18 años),Mayores de Edad (>18 años),TOTAL,Menores de Edad (<18 años),Mayores de Edad (>18 años),TOTAL,,Menores de Edad (<18 años),Mayores de Edad (>18 años),TOTAL,Menores de Edad (<18 años),Mayores de Edad (>18 años),TOTAL,,Menores de Edad (<18 años),Mayores de Edad (>18 años),TOTAL,Menores de Edad (<18 años),Mayores de Edad (>18 años),TOTAL,,Menores de Edad (<18 años),Mayores de Edad (>18 años),TOTAL,Menores de Edad (<18 años),Mayores de Edad (>18 años),TOTAL,,Menores de Edad (<18 años),Mayores de Edad (>18 años),TOTAL,Menores de Edad (<18 años),Mayores de Edad (>18 años),TOTAL,,Menores de Edad (<18 años),Mayores de Edad (>18 años),TOTAL,Menores de Edad (<18 años),Mayores de Edad (>18 años),TOTAL,,Menores de Edad (<18 años),Mayores de Edad (>18 años),TOTAL,Menores de Edad (<18 años),Mayores de Edad (>18 años),TOTAL,,GENERAL
VARIABLE: GRUPO DE EDAD,,,,,,,,,,,,,,,,,,,,,,,,,,,,,,,,,,,,,,,,,,,,,,,,,,,,,,,,,,,,,,,,,,,,,,,,,,,,,,,,,,,,,,,,,,,,,,,,,,,,,,,,,,,,,,,,,,,,,,,,,,,,,,,,,,,,,,,,,,,,,
(10 a 14),-,-,-,-,-,-,-,-,-,-,-,-,-,-,-,-,-,-,-,-,-,-,-,-,-,-,-,-,-,-,-,1,-,1,1,-,-,-,-,-,-,-,-,-,-,-,-,-,-,-,-,-,-,-,-,-,-,-,-,-,-,-,-,-,-,-,-,-,-,-,-,-,-,-,-,-,-,-,-,-,1,-,1,1,-,-,-,1,-,1,1,-,-,-,-,-,-,-,-,-,-,-,-,-,-,-,-,-,-,-,-,-,-,-,-,-,-,-,-,-,-,-,-,-,-,-,-,-,-,-,-,-,-,-,-,-,-,-,-,-,3
(15 a 17),-,-,-,-,-,-,-,-,-,-,-,-,-,-,1,-,1,15,-,15,16,-,-,-,2,-,2,2,-,-,-,19,-,19,19,-,-,-,7,-,7,7,-,-,-,-,-,-,-,-,-,-,5,-,5,5,-,-,-,-,-,-,-,-,-,-,1,-,1,1,-,-,-,-,-,-,-,-,-,-,5,-,5,5,1,-,1,11,-,11,12,-,-,-,1,-,1,1,1,-,1,7,-,7,8,-,-,-,-,-,-,-,-,-,-,3,-,3,3,-,-,-,1,-,1,1,-,-,-,10,-,10,10,-,-,-,7,-,7,7,97
(18 a 19),-,-,-,-,7,7,7,-,-,-,-,2,2,2,-,-,-,-,26,26,26,-,-,-,-,1,1,1,-,4,4,-,54,54,58,-,-,-,-,16,16,16,-,-,-,-,6,6,6,-,1,1,-,23,23,24,-,-,-,-,2,2,2,-,-,-,-,6,6,6,-,-,-,-,7,7,7,-,3,3,-,12,12,15,-,2,2,-,23,23,25,-,1,1,-,11,11,12,-,-,-,-,27,27,27,-,-,-,-,-,-,-,-,-,-,-,7,7,7,-,1,1,-,4,4,5,-,2,2,-,14,14,16,-,-,-,-,8,8,8,270
(20 a 24),-,2,2,-,11,11,13,-,1,1,-,16,16,17,-,25,25,-,175,175,200,-,-,-,-,24,24,24,-,24,24,-,219,219,243,-,10,10,-,78,78,88,-,4,4,-,32,32,36,-,27,27,-,224,224,251,-,-,-,-,3,3,3,-,2,2,-,20,20,22,-,5,5,-,38,38,43,-,9,9,-,93,93,102,-,20,20,-,121,121,141,-,6,6,-,26,26,32,-,15,15,-,136,136,151,-,1,1,-,5,5,6,-,4,4,-,40,40,44,-,12,12,-,46,46,58,-,16,16,-,84,84,100,-,5,5,-,40,40,45,1619
(25 a 29),-,2,2,-,15,15,17,-,1,1,-,19,19,20,-,33,33,-,187,187,220,-,2,2,-,29,29,31,-,42,42,-,240,240,282,-,24,24,-,100,100,124,-,6,6,-,43,43,49,-,34,34,-,219,219,253,-,-,-,-,3,3,3,-,3,3,-,26,26,29,-,12,12,-,37,37,49,-,17,17,-,78,78,95,-,26,26,-,138,138,164,-,2,2,-,23,23,25,-,31,31,-,170,170,201,-,3,3,-,16,16,19,-,7,7,-,36,36,43,-,12,12,-,57,57,69,-,18,18,-,117,117,135,-,11,11,-,35,35,46,1874
(30 a 34),-,4,4,-,21,21,25,-,3,3,-,17,17,20,-,43,43,-,148,148,191,-,2,2,-,14,14,16,-,31,31,-,166,166,197,-,23,23,-,109,109,132,-,13,13,-,39,39,52,-,46,46,-,145,145,191,-,2,2,-,2,2,4,-,6,6,-,25,25,31,-,6,6,-,28,28,34,-,16,16,-,66,66,82,-,18,18,-,85,85,103,-,4,4,-,22,22,26,-,41,41,-,148,148,189,-,3,3,-,10,10,13,-,5,5,-,35,35,40,-,9,9,-,50,50,59,-,12,12,-,80,80,92,-,9,9,-,26,26,35,1532
(35 a 39),-,4,4,-,10,10,14,-,2,2,-,17,17,19,-,21,21,-,118,118,139,-,3,3,-,10,10,13,-,17,17,-,110,110,127,-,22,22,-,57,57,79,-,9,9,-,32,32,41,-,31,31,-,153,153,184,-,1,1,-,5,5,6,-,3,3,-,18,18,21,-,5,5,-,20,20,25,-,8,8,-,50,50,58,-,18,18,-,69,69,87,-,5,5,-,12,12,17,-,25,25,-,107,107,132,-,1,1,-,8,8,9,-,9,9,-,19,19,28,-,11,11,-,41,41,52,-,16,16,-,58,58,74,-,9,9,-,28,28,37,1162
(40 a 44),-,2,2,-,5,5,7,-,5,5,-,7,7,12,-,26,26,-,97,97,123,-,1,1,-,5,5,6,-,7,7,-,78,78,85,-,17,17,-,50,50,67,-,8,8,-,25,25,33,-,28,28,-,95,95,123,-,1,1,-,1,1,2,-,4,4,-,13,13,17,-,3,3,-,16,16,19,-,4,4,-,33,33,37,-,11,11,-,42,42,53,-,3,3,-,15,15,18,-,24,24,-,62,62,86,-,2,2,-,2,2,4,-,4,4,-,18,18,22,-,8,8,-,24,24,32,-,6,6,-,29,29,35,-,5,5,-,12,12,17,798
(45 a 49),-,2,2,-,-,-,2,-,1,1,-,3,3,4,-,10,10,-,44,44,54,-,4,4,-,3,3,7,-,14,14,-,39,39,53,-,13,13,-,30,30,43,-,6,6,-,7,7,13,-,22,22,-,45,45,67,-,1,1,-,1,1,2,-,2,2,-,7,7,9,-,3,3,-,13,13,16,-,8,8,-,18,18,26,-,8,8,-,29,29,37,-,-,-,-,6,6,6,-,9,9,-,46,46,55,-,-,-,-,1,1,1,-,2,2,-,8,8,10,-,10,10,-,27,27,37,-,5,5,-,25,25,30,-,2,2,-,3,3,5,477
(50 a 54),-,1,1,-,6,6,7,-,4,4,-,5,5,9,-,7,7,-,27,27,34,-,1,1,-,3,3,4,-,10,10,-,28,28,38,-,6,6,-,30,30,36,-,3,3,-,3,3,6,-,11,11,-,30,30,41,-,1,1,-,1,1,2,-,3,3,-,7,7,10,-,2,2,-,6,6,8,-,3,3,-,7,7,10,-,5,5,-,21,21,26,-,2,2,-,4,4,6,-,12,12,-,47,47,59,-,1,1,-,3,3,4,-,1,1,-,2,2,3,-,3,3,-,12,12,15,-,4,4,-,14,14,18,-,1,1,-,2,2,3,339
(55 a 59),-,-,-,-,1,1,1,-,-,-,-,1,1,1,-,10,10,-,18,18,28,-,1,1,-,3,3,4,-,6,6,-,19,19,25,-,5,5,-,14,14,19,-,2,2,-,4,4,6,-,7,7,-,14,14,21,-,-,-,-,-,-,-,-,-,-,-,3,3,3,-,2,2,-,6,6,8,-,4,4,-,6,6,10,-,4,4,-,11,11,15,-,-,-,-,5,5,5,-,8,8,-,22,22,30,-,4,4,-,5,5,9,-,-,-,-,4,4,4,-,5,5,-,4,4,9,-,1,1,-,8,8,9,-,1,1,-,6,6,7,214
(60 a 64),-,1,1,-,-,-,1,-,-,-,-,1,1,1,-,6,6,-,8,8,14,-,-,-,-,-,-,-,-,3,3,-,10,10,13,-,3,3,-,5,5,8,-,-,-,-,2,2,2,-,2,2,-,10,10,12,-,-,-,-,-,-,-,-,1,1,-,-,-,1,-,-,-,-,1,1,1,-,1,1,-,2,2,3,-,3,3,-,7,7,10,-,-,-,-,-,-,-,-,4,4,-,10,10,14,-,-,-,-,2,2,2,-,-,-,-,-,-,-,-,1,1,-,2,2,3,-,-,-,-,6,6,6,-,-,-,-,1,1,1,92
(65 a 69),-,-,-,-,-,-,-,-,-,-,-,1,1,1,-,1,1,-,2,2,3,-,-,-,-,-,-,-,-,-,-,-,5,5,5,-,2,2,-,5,5,7,-,1,1,-,1,1,2,-,2,2,-,2,2,4,-,-,-,-,-,-,-,-,-,-,-,-,-,-,-,-,-,-,-,-,-,-,-,-,-,-,-,-,-,1,1,-,1,1,2,-,1,1,-,1,1,2,-,8,8,-,3,3,11,-,-,-,-,2,2,2,-,-,-,-,1,1,1,-,-,-,-,-,-,-,-,-,-,-,-,-,-,-,1,1,-,2,2,3,43
(70 a 74),-,-,-,-,1,1,1,-,-,-,-,1,1,1,-,1,1,-,1,1,2,-,-,-,-,-,-,-,-,1,1,-,2,2,3,-,1,1,-,3,3,4,-,1,1,-,-,-,1,-,-,-,-,1,1,1,-,-,-,-,-,-,-,-,-,-,-,-,-,-,-,-,-,-,2,2,2,-,-,-,-,2,2,2,-,-,-,-,3,3,3,-,-,-,-,-,-,-,-,-,-,-,-,-,-,-,-,-,-,-,-,-,-,1,1,-,-,-,1,-,-,-,-,1,1,1,-,-,-,-,-,-,-,-,1,1,-,-,-,1,23
(75 a 79),-,-,-,-,-,-,-,-,-,-,-,-,-,-,-,1,1,-,1,1,2,-,-,-,-,-,-,-,-,-,-,-,-,-,-,-,-,-,-,2,2,2,-,-,-,-,-,-,-,-,-,-,-,1,1,1,-,-,-,-,-,-,-,-,-,-,-,-,-,-,-,-,-,-,1,1,1,-,-,-,-,1,1,1,-,-,-,-,1,1,1,-,-,-,-,-,-,-,-,-,-,-,2,2,2,-,-,-,-,-,-,-,-,-,-,-,-,-,-,-,1,1,-,-,-,1,-,-,-,-,-,-,-,-,-,-,-,-,-,-,11
(80 y más),-,-,-,-,-,-,-,-,-,-,-,-,-,-,-,1,1,-,-,-,1,-,-,-,-,-,-,-,-,-,-,-,-,-,-,-,-,-,-,-,-,-,-,-,-,-,-,-,-,-,-,-,-,1,1,1,-,-,-,-,-,-,-,-,-,-,-,-,-,-,-,-,-,-,-,-,-,-,-,-,-,-,-,-,-,-,-,-,1,1,1,-,-,-,-,-,-,-,-,1,1,-,-,-,1,-,1,1,-,-,-,1,-,-,-,-,-,-,-,-,-,-,-,-,-,-,-,-,-,-,-,-,-,-,-,-,-,-,-,-,5
TOTAL,-,18,18,-,77,77,95,-,17,17,-,90,90,107,1,185,186,15,852,867,1053,-,14,14,2,92,94,108,-,159,159,20,970,990,1149,-,126,126,7,499,506,632,-,53,53,-,194,194,247,-,211,211,5,963,968,1179,-,6,6,-,18,18,24,-,24,24,1,125,126,150,-,38,38,-,175,175,213,-,73,73,6,368,374,447,1,116,117,12,552,564,681,-,24,24,1,125,126,150,1,178,179,7,780,787,966,-,16,16,-,54,54,70,-,33,33,3,170,173,206,-,73,73,1,268,269,342,-,80,80,10,435,445,525,-,45,45,7,163,170,215,8559
VARIABLE: GRUPO EDAD JUDICIAL,,,,,,,,,,,,,,,,,,,,,,,,,,,,,,,,,,,,,,,,,,,,,,,,,,,,,,,,,,,,,,,,,,,,,,,,,,,,,,,,,,,,,,,,,,,,,,,,,,,,,,,,,,,,,,,,,,,,,,,,,,,,,,,,,,,,,,,,,,,,,
(14 a 17),-,-,-,-,-,-,-,-,-,-,-,-,-,-,1,-,1,15,-,15,16,-,-,-,2,-,2,2,-,-,-,20,-,20,20,-,-,-,7,-,7,7,-,-,-,-,-,-,-,-,-,-,5,-,5,5,-,-,-,-,-,-,-,-,-,-,1,-,1,1,-,-,-,-,-,-,-,-,-,-,6,-,6,6,1,-,1,12,-,12,13,-,-,-,1,-,1,1,1,-,1,7,-,7,8,-,-,-,-,-,-,-,-,-,-,3,-,3,3,-,-,-,1,-,1,1,-,-,-,10,-,10,10,-,-,-,7,-,7,7,100
(18 a 19),-,-,-,-,7,7,7,-,-,-,-,2,2,2,-,-,-,-,26,26,26,-,-,-,-,1,1,1,-,4,4,-,54,54,58,-,-,-,-,16,16,16,-,-,-,-,6,6,6,-,1,1,-,23,23,24,-,-,-,-,2,2,2,-,-,-,-,6,6,6,-,-,-,-,7,7,7,-,3,3,-,12,12,15,-,2,2,-,23,23,25,-,1,1,-,11,11,12,-,-,-,-,27,27,27,-,-,-,-,-,-,-,-,-,-,-,7,7,7,-,1,1,-,4,4,5,-,2,2,-,14,14,16,-,-,-,-,8,8,8,270
(20 a 24),-,2,2,-,11,11,13,-,1,1,-,16,16,17,-,25,25,-,175,175,200,-,-,-,-,24,24,24,-,24,24,-,219,219,243,-,10,10,-,78,78,88,-,4,4,-,32,32,36,-,27,27,-,224,224,251,-,-,-,-,3,3,3,-,2,2,-,20,20,22,-,5,5,-,38,38,43,-,9,9,-,93,93,102,-,20,20,-,121,121,141,-,6,6,-,26,26,32,-,15,15,-,136,136,151,-,1,1,-,5,5,6,-,4,4,-,40,40,44,-,12,12,-,46,46,58,-,16,16,-,84,84,100,-,5,5,-,40,40,45,1619
(25 a 28),-,1,1,-,10,10,11,-,1,1,-,17,17,18,-,28,28,-,156,156,184,-,1,1,-,21,21,22,-,34,34,-,177,177,211,-,19,19,-,87,87,106,-,5,5,-,33,33,38,-,28,28,-,191,191,219,-,-,-,-,3,3,3,-,2,2,-,22,22,24,-,11,11,-,34,34,45,-,14,14,-,62,62,76,-,23,23,-,111,111,134,-,2,2,-,19,19,21,-,29,29,-,137,137,166,-,3,3,-,10,10,13,-,7,7,-,29,29,36,-,9,9,-,46,46,55,-,12,12,-,99,99,111,-,10,10,-,30,30,40,1533
(29 a 34),-,5,5,-,26,26,31,-,3,3,-,19,19,22,-,48,48,-,179,179,227,-,3,3,-,22,22,25,-,39,39,-,229,229,268,-,28,28,-,122,122,150,-,14,14,-,49,49,63,-,52,52,-,173,173,225,-,2,2,-,2,2,4,-,7,7,-,29,29,36,-,7,7,-,31,31,38,-,19,19,-,82,82,101,-,21,21,-,112,112,133,-,4,4,-,26,26,30,-,43,43,-,181,181,224,-,3,3,-,16,16,19,-,5,5,-,42,42,47,-,12,12,-,61,61,73,-,18,18,-,98,98,116,-,10,10,-,31,31,41,1873
(35 a 39),-,4,4,-,10,10,14,-,2,2,-,17,17,19,-,21,21,-,118,118,139,-,3,3,-,10,10,13,-,17,17,-,110,110,127,-,22,22,-,57,57,79,-,9,9,-,32,32,41,-,31,31,-,153,153,184,-,1,1,-,5,5,6,-,3,3,-,18,18,21,-,5,5,-,20,20,25,-,8,8,-,50,50,58,-,18,18,-,69,69,87,-,5,5,-,12,12,17,-,25,25,-,107,107,132,-,1,1,-,8,8,9,-,9,9,-,19,19,28,-,11,11,-,41,41,52,-,16,16,-,58,58,74,-,9,9,-,28,28,37,1162
(40 a 44),-,2,2,-,5,5,7,-,5,5,-,7,7,12,-,26,26,-,97,97,123,-,1,1,-,5,5,6,-,7,7,-,78,78,85,-,17,17,-,50,50,67,-,8,8,-,25,25,33,-,28,28,-,95,95,123,-,1,1,-,1,1,2,-,4,4,-,13,13,17,-,3,3,-,16,16,19,-,4,4,-,33,33,37,-,11,11,-,42,42,53,-,3,3,-,15,15,18,-,24,24,-,62,62,86,-,2,2,-,2,2,4,-,4,4,-,18,18,22,-,8,8,-,24,24,32,-,6,6,-,29,29,35,-,5,5,-,12,12,17,798
(45 a 49),-,2,2,-,-,-,2,-,1,1,-,3,3,4,-,10,10,-,44,44,54,-,4,4,-,3,3,7,-,14,14,-,39,39,53,-,13,13,-,30,30,43,-,6,6,-,7,7,13,-,22,22,-,45,45,67,-,1,1,-,1,1,2,-,2,2,-,7,7,9,-,3,3,-,13,13,16,-,8,8,-,18,18,26,-,8,8,-,29,29,37,-,-,-,-,6,6,6,-,9,9,-,46,46,55,-,-,-,-,1,1,1,-,2,2,-,8,8,10,-,10,10,-,27,27,37,-,5,5,-,25,25,30,-,2,2,-,3,3,5,477
(50 a 54),-,1,1,-,6,6,7,-,4,4,-,5,5,9,-,7,7,-,27,27,34,-,1,1,-,3,3,4,-,10,10,-,28,28,38,-,6,6,-,30,30,36,-,3,3,-,3,3,6,-,11,11,-,30,30,41,-,1,1,-,1,1,2,-,3,3,-,7,7,10,-,2,2,-,6,6,8,-,3,3,-,7,7,10,-,5,5,-,21,21,26,-,2,2,-,4,4,6,-,12,12,-,47,47,59,-,1,1,-,3,3,4,-,1,1,-,2,2,3,-,3,3,-,12,12,15,-,4,4,-,14,14,18,-,1,1,-,2,2,3,339
(55 a 59),-,-,-,-,1,1,1,-,-,-,-,1,1,1,-,10,10,-,18,18,28,-,1,1,-,3,3,4,-,6,6,-,19,19,25,-,5,5,-,14,14,19,-,2,2,-,4,4,6,-,7,7,-,14,14,21,-,-,-,-,-,-,-,-,-,-,-,3,3,3,-,2,2,-,6,6,8,-,4,4,-,6,6,10,-,4,4,-,11,11,15,-,-,-,-,5,5,5,-,8,8,-,22,22,30,-,4,4,-,5,5,9,-,-,-,-,4,4,4,-,5,5,-,4,4,9,-,1,1,-,8,8,9,-,1,1,-,6,6,7,214
(60 a 64),-,1,1,-,-,-,1,-,-,-,-,1,1,1,-,6,6,-,8,8,14,-,-,-,-,-,-,-,-,3,3,-,10,10,13,-,3,3,-,5,5,8,-,-,-,-,2,2,2,-,2,2,-,10,10,12,-,-,-,-,-,-,-,-,1,1,-,-,-,1,-,-,-,-,1,1,1,-,1,1,-,2,2,3,-,3,3,-,7,7,10,-,-,-,-,-,-,-,-,4,4,-,10,10,14,-,-,-,-,2,2,2,-,-,-,-,-,-,-,-,1,1,-,2,2,3,-,-,-,-,6,6,6,-,-,-,-,1,1,1,92
(65 a 69),-,-,-,-,-,-,-,-,-,-,-,1,1,1,-,1,1,-,2,2,3,-,-,-,-,-,-,-,-,-,-,-,5,5,5,-,2,2,-,5,5,7,-,1,1,-,1,1,2,-,2,2,-,2,2,4,-,-,-,-,-,-,-,-,-,-,-,-,-,-,-,-,-,-,-,-,-,-,-,-,-,-,-,-,-,1,1,-,1,1,2,-,1,1,-,1,1,2,-,8,8,-,3,3,11,-,-,-,-,2,2,2,-,-,-,-,1,1,1,-,-,-,-,-,-,-,-,-,-,-,-,-,-,-,1,1,-,2,2,3,43
(70 a 74),-,-,-,-,1,1,1,-,-,-,-,1,1,1,-,1,1,-,1,1,2,-,-,-,-,-,-,-,-,1,1,-,2,2,3,-,1,1,-,3,3,4,-,1,1,-,-,-,1,-,-,-,-,1,1,1,-,-,-,-,-,-,-,-,-,-,-,-,-,-,-,-,-,-,2,2,2,-,-,-,-,2,2,2,-,-,-,-,3,3,3,-,-,-,-,-,-,-,-,-,-,-,-,-,-,-,-,-,-,-,-,-,-,1,1,-,-,-,1,-,-,-,-,1,1,1,-,-,-,-,-,-,-,-,1,1,-,-,-,1,23
(75 a 79),-,-,-,-,-,-,-,-,-,-,-,-,-,-,-,1,1,-,1,1,2,-,-,-,-,-,-,-,-,-,-,-,-,-,-,-,-,-,-,2,2,2,-,-,-,-,-,-,-,-,-,-,-,1,1,1,-,-,-,-,-,-,-,-,-,-,-,-,-,-,-,-,-,-,1,1,1,-,-,-,-,1,1,1,-,-,-,-,1,1,1,-,-,-,-,-,-,-,-,-,-,-,2,2,2,-,-,-,-,-,-,-,-,-,-,-,-,-,-,-,1,1,-,-,-,1,-,-,-,-,-,-,-,-,-,-,-,-,-,-,11
(80 y más),-,-,-,-,-,-,-,-,-,-,-,-,-,-,-,1,1,-,-,-,1,-,-,-,-,-,-,-,-,-,-,-,-,-,-,-,-,-,-,-,-,-,-,-,-,-,-,-,-,-,-,-,-,1,1,1,-,-,-,-,-,-,-,-,-,-,-,-,-,-,-,-,-,-,-,-,-,-,-,-,-,-,-,-,-,-,-,-,1,1,1,-,-,-,-,-,-,-,-,1,1,-,-,-,1,-,1,1,-,-,-,1,-,-,-,-,-,-,-,-,-,-,-,-,-,-,-,-,-,-,-,-,-,-,-,-,-,-,-,-,5
TOTAL,-,18,18,-,77,77,95,-,17,17,-,90,90,107,1,185,186,15,852,867,1053,-,14,14,2,92,94,108,-,159,159,20,970,990,1149,-,126,126,7,499,506,632,-,53,53,-,194,194,247,-,211,211,5,963,968,1179,-,6,6,-,18,18,24,-,24,24,1,125,126,150,-,38,38,-,175,175,213,-,73,73,6,368,374,447,1,116,117,12,552,564,681,-,24,24,1,125,126,150,1,178,179,7,780,787,966,-,16,16,-,54,54,70,-,33,33,3,170,173,206,-,73,73,1,268,269,342,-,80,80,10,435,445,525,-,45,45,7,163,170,215,8559
VARIABLE: CICLO VITAL,,,,,,,,,,,,,,,,,,,,,,,,,,,,,,,,,,,,,,,,,,,,,,,,,,,,,,,,,,,,,,,,,,,,,,,,,,,,,,,,,,,,,,,,,,,,,,,,,,,,,,,,,,,,,,,,,,,,,,,,,,,,,,,,,,,,,,,,,,,,,
(12 a 17) Adolescencia,-,-,-,-,-,-,-,-,-,-,-,-,-,-,1,-,1,15,-,15,16,-,-,-,2,-,2,2,-,-,-,20,-,20,20,-,-,-,7,-,7,7,-,-,-,-,-,-,-,-,-,-,5,-,5,5,-,-,-,-,-,-,-,-,-,-,1,-,1,1,-,-,-,-,-,-,-,-,-,-,6,-,6,6,1,-,1,12,-,12,13,-,-,-,1,-,1,1,1,-,1,7,-,7,8,-,-,-,-,-,-,-,-,-,-,3,-,3,3,-,-,-,1,-,1,1,-,-,-,10,-,10,10,-,-,-,7,-,7,7,100
(18 a 28) Juventud,-,3,3,-,28,28,31,-,2,2,-,35,35,37,-,53,53,-,357,357,410,-,1,1,-,46,46,47,-,62,62,-,450,450,512,-,29,29,-,181,181,210,-,9,9,-,71,71,80,-,56,56,-,438,438,494,-,-,-,-,8,8,8,-,4,4,-,48,48,52,-,16,16,-,79,79,95,-,26,26,-,167,167,193,-,45,45,-,255,255,300,-,9,9,-,56,56,65,-,44,44,-,300,300,344,-,4,4,-,15,15,19,-,11,11,-,76,76,87,-,22,22,-,96,96,118,-,30,30,-,197,197,227,-,15,15,-,78,78,93,3422
(29 a 59) Adultez,-,14,14,-,48,48,62,-,15,15,-,52,52,67,-,122,122,-,483,483,605,-,13,13,-,46,46,59,-,93,93,-,503,503,596,-,91,91,-,303,303,394,-,42,42,-,120,120,162,-,151,151,-,510,510,661,-,6,6,-,10,10,16,-,19,19,-,77,77,96,-,22,22,-,92,92,114,-,46,46,-,196,196,242,-,67,67,-,284,284,351,-,14,14,-,68,68,82,-,121,121,-,465,465,586,-,11,11,-,35,35,46,-,21,21,-,93,93,114,-,49,49,-,169,169,218,-,50,50,-,232,232,282,-,28,28,-,82,82,110,4863
(Más de 60) Adulto Mayor,-,1,1,-,1,1,2,-,-,-,-,3,3,3,-,10,10,-,12,12,22,-,-,-,-,-,-,-,-,4,4,-,17,17,21,-,6,6,-,15,15,21,-,2,2,-,3,3,5,-,4,4,-,15,15,19,-,-,-,-,-,-,-,-,1,1,-,-,-,1,-,-,-,-,4,4,4,-,1,1,-,5,5,6,-,4,4,-,13,13,17,-,1,1,-,1,1,2,-,13,13,-,15,15,28,-,1,1,-,4,4,5,-,1,1,-,1,1,2,-,2,2,-,3,3,5,-,-,-,-,6,6,6,-,2,2,-,3,3,5,174
TOTAL,-,18,18,-,77,77,95,-,17,17,-,90,90,107,1,185,186,15,852,867,1053,-,14,14,2,92,94,108,-,159,159,20,970,990,1149,-,126,126,7,499,506,632,-,53,53,-,194,194,247,-,211,211,5,963,968,1179,-,6,6,-,18,18,24,-,24,24,1,125,126,150,-,38,38,-,175,175,213,-,73,73,6,368,374,447,1,116,117,12,552,564,681,-,24,24,1,125,126,150,1,178,179,7,780,787,966,-,16,16,-,54,54,70,-,33,33,3,170,173,206,-,73,73,1,268,269,342,-,80,80,10,435,445,525,-,45,45,7,163,170,215,8559
VARIABLE: ESCOLARIDAD,,,,,,,,,,,,,,,,,,,,,,,,,,,,,,,,,,,,,,,,,,,,,,,,,,,,,,,,,,,,,,,,,,,,,,,,,,,,,,,,,,,,,,,,,,,,,,,,,,,,,,,,,,,,,,,,,,,,,,,,,,,,,,,,,,,,,,,,,,,,,
Educación inicial y educación preescolar,-,2,2,-,-,-,2,-,-,-,-,1,1,1,-,7,7,-,19,19,26,-,-,-,-,-,-,-,-,8,8,-,37,37,45,-,2,2,-,3,3,5,-,2,2,-,3,3,5,-,6,6,2,16,18,24,-,-,-,-,-,-,-,-,-,-,-,3,3,3,-,-,-,-,1,1,1,-,5,5,-,4,4,9,-,-,-,-,17,17,17,-,1,1,-,4,4,5,-,2,2,-,11,11,13,-,-,-,-,1,1,1,-,1,1,-,1,1,2,-,1,1,-,4,4,5,-,5,5,-,15,15,20,-,-,-,-,4,4,4,188
Educación básica primaria,-,1,1,-,9,9,10,-,1,1,-,7,7,8,1,29,30,6,98,104,134,-,1,1,-,5,5,6,-,30,30,13,189,202,232,-,15,15,3,59,62,77,-,4,4,-,23,23,27,-,34,34,2,132,134,168,-,1,1,-,3,3,4,-,3,3,-,22,22,25,-,2,2,-,10,10,12,-,12,12,4,36,40,52,-,22,22,9,68,77,99,-,1,1,-,33,33,34,1,22,23,6,86,92,115,-,2,2,-,2,2,4,-,3,3,-,18,18,21,-,10,10,1,20,21,31,-,16,16,6,71,77,93,-,7,7,1,21,22,29,1181
Educación básica secundaria o secundaria baja,-,-,-,-,9,9,9,-,-,-,-,5,5,5,-,7,7,5,65,70,77,-,-,-,2,4,6,6,-,12,12,3,96,99,111,-,4,4,2,13,15,19,-,4,4,-,6,6,10,-,14,14,-,44,44,58,-,-,-,-,2,2,2,-,-,-,-,6,6,6,-,1,1,-,8,8,9,-,5,5,2,29,31,36,-,10,10,2,41,43,53,-,4,4,1,12,13,17,-,7,7,1,29,30,37,-,-,-,-,1,1,1,-,3,3,1,10,11,14,-,2,2,-,10,10,12,-,4,4,3,34,37,41,-,-,-,2,1,3,3,526
Educación media o secundaria alta,-,11,11,-,42,42,53,-,9,9,-,48,48,57,-,110,110,4,517,521,631,-,7,7,-,53,53,60,-,94,94,4,500,504,598,-,64,64,2,274,276,340,-,34,34,-,102,102,136,-,112,112,1,522,523,635,-,3,3,-,11,11,14,-,13,13,-,61,61,74,-,25,25,-,101,101,126,-,38,38,-,231,231,269,1,68,69,1,331,332,401,-,15,15,-,60,60,75,-,97,97,-,417,417,514,-,6,6,-,23,23,29,-,19,19,2,104,106,125,-,34,34,-,145,145,179,-,47,47,1,253,254,301,-,28,28,3,105,108,136,4753
Educación técnica profesional y tecnológica,-,4,4,-,17,17,21,-,7,7,-,26,26,33,-,30,30,-,146,146,176,-,5,5,-,25,25,30,-,12,12,-,134,134,146,-,33,33,-,135,135,168,-,9,9,-,58,58,67,-,38,38,-,237,237,275,-,-,-,-,2,2,2,-,8,8,-,30,30,38,-,10,10,-,51,51,61,-,12,12,-,66,66,78,-,15,15,-,91,91,106,-,2,2,-,11,11,13,-,41,41,-,217,217,258,-,7,7,-,20,20,27,-,5,5,-,35,35,40,-,21,21,-,73,73,94,-,8,8,-,57,57,65,-,6,6,-,31,31,37,1735
Universitario,-,-,-,-,-,-,-,-,-,-,-,1,1,1,-,1,1,-,2,2,3,-,-,-,-,3,3,3,-,-,-,-,1,1,1,-,4,4,-,5,5,9,-,-,-,-,1,1,1,-,1,1,-,7,7,8,-,-,-,-,-,-,-,-,-,-,-,-,-,-,-,-,-,-,-,-,-,-,-,-,-,-,-,-,-,-,-,-,-,-,-,-,-,-,-,1,1,1,-,4,4,-,15,15,19,-,1,1,-,4,4,5,-,1,1,-,1,1,2,-,2,2,-,9,9,11,-,-,-,-,-,-,-,-,1,1,-,-,-,1,65
"Especialización, Maestría o equivalente",-,-,-,-,-,-,-,-,-,-,-,1,1,1,-,-,-,-,-,-,-,-,1,1,-,1,1,2,-,-,-,-,-,-,-,-,1,1,-,3,3,4,-,-,-,-,1,1,1,-,1,1,-,-,-,1,-,1,1,-,-,-,1,-,-,-,-,1,1,1,-,-,-,-,1,1,1,-,-,-,-,-,-,-,-,-,-,-,-,-,-,-,-,-,-,-,-,-,-,1,1,-,4,4,5,-,-,-,-,3,3,3,-,-,-,-,-,-,-,-,3,3,-,6,6,9,-,-,-,-,-,-,-,-,1,1,-,-,-,1,30
Doctorado o equivalente,-,-,-,-,-,-,-,-,-,-,-,-,-,-,-,-,-,-,-,-,-,-,-,-,-,-,-,-,-,-,-,-,-,-,-,-,-,-,-,-,-,-,-,-,-,-,-,-,-,-,-,-,-,1,1,1,-,-,-,-,-,-,-,-,-,-,-,-,-,-,-,-,-,-,-,-,-,-,-,-,-,-,-,-,-,-,-,-,-,-,-,-,-,-,-,-,-,-,-,1,1,-,-,-,1,-,-,-,-,-,-,-,-,1,1,-,-,-,1,-,-,-,-,-,-,-,-,-,-,-,-,-,-,-,-,-,-,-,-,-,3
Sin escolaridad,-,-,-,-,-,-,-,-,-,-,-,-,-,-,-,1,1,-,5,5,6,-,-,-,-,1,1,1,-,1,1,-,9,9,10,-,2,2,-,5,5,7,-,-,-,-,-,-,-,-,3,3,-,1,1,4,-,-,-,-,-,-,-,-,-,-,1,-,1,1,-,-,-,-,2,2,2,-,1,1,-,1,1,2,-,-,-,-,1,1,1,-,1,1,-,3,3,4,-,1,1,-,-,-,1,-,-,-,-,-,-,-,-,-,-,-,-,-,-,-,-,-,-,-,-,-,-,-,-,-,3,3,3,-,1,1,-,-,-,1,43
Sin información,-,-,-,-,-,-,-,-,-,-,-,1,1,1,-,-,-,-,-,-,-,-,-,-,-,-,-,-,-,2,2,-,4,4,6,-,1,1,-,2,2,3,-,-,-,-,-,-,-,-,2,2,-,3,3,5,-,1,1,-,-,-,1,-,-,-,-,2,2,2,-,-,-,-,1,1,1,-,-,-,-,1,1,1,-,1,1,-,3,3,4,-,-,-,-,1,1,1,-,2,2,-,1,1,3,-,-,-,-,-,-,-,-,-,-,-,1,1,1,-,-,-,-,1,1,1,-,-,-,-,2,2,2,-,1,1,1,1,2,3,35
TOTAL,-,18,18,-,77,77,95,-,17,17,-,90,90,107,1,185,186,15,852,867,1053,-,14,14,2,92,94,108,-,159,159,20,970,990,1149,-,126,126,7,499,506,632,-,53,53,-,194,194,247,-,211,211,5,963,968,1179,-,6,6,-,18,18,24,-,24,24,1,125,126,150,-,38,38,-,175,175,213,-,73,73,6,368,374,447,1,116,117,12,552,564,681,-,24,24,1,125,126,150,1,178,179,7,780,787,966,-,16,16,-,54,54,70,-,33,33,3,170,173,206,-,73,73,1,268,269,342,-,80,80,10,435,445,525,-,45,45,7,163,170,215,8559
VARIABLE: ESTADO CIVIL,,,,,,,,,,,,,,,,,,,,,,,,,,,,,,,,,,,,,,,,,,,,,,,,,,,,,,,,,,,,,,,,,,,,,,,,,,,,,,,,,,,,,,,,,,,,,,,,,,,,,,,,,,,,,,,,,,,,,,,,,,,,,,,,,,,,,,,,,,,,,
Soltero (a),-,8,8,-,35,35,43,-,8,8,-,44,44,52,1,65,66,15,366,381,447,-,6,6,2,53,55,61,-,52,52,17,365,382,434,-,48,48,6,226,232,280,-,20,20,-,77,77,97,-,84,84,4,496,500,584,-,5,5,-,8,8,13,-,11,11,1,78,79,90,-,19,19,-,91,91,110,-,27,27,6,173,179,206,1,47,48,12,253,265,313,-,10,10,1,63,64,74,1,69,70,6,336,342,412,-,7,7,-,25,25,32,-,16,16,3,91,94,110,-,35,35,1,124,125,160,-,37,37,7,191,198,235,-,21,21,6,90,96,117,3870
Unión libre,-,5,5,-,36,36,41,-,6,6,-,24,24,30,-,89,89,-,365,365,454,-,5,5,-,32,32,37,-,76,76,3,453,456,532,-,50,50,1,179,180,230,-,19,19,-,82,82,101,-,85,85,1,325,326,411,-,1,1,-,6,6,7,-,7,7,-,34,34,41,-,9,9,-,47,47,56,-,39,39,-,147,147,186,-,50,50,-,223,223,273,-,12,12,-,48,48,60,-,67,67,1,317,318,385,-,9,9,-,17,17,26,-,9,9,-,48,48,57,-,19,19,-,85,85,104,-,32,32,3,189,192,224,-,18,18,1,42,43,61,3316
Casado (a),-,4,4,-,5,5,9,-,3,3,-,15,15,18,-,18,18,-,79,79,97,-,3,3,-,4,4,7,-,17,17,-,66,66,83,-,16,16,-,70,70,86,-,10,10,-,28,28,38,-,30,30,-,113,113,143,-,-,-,-,1,1,1,-,4,4,-,6,6,10,-,8,8,-,23,23,31,-,5,5,-,30,30,35,-,9,9,-,51,51,60,-,1,1,-,9,9,10,-,37,37,-,111,111,148,-,-,-,-,7,7,7,-,6,6,-,12,12,18,-,17,17,-,45,45,62,-,5,5,-,25,25,30,-,1,1,-,20,20,21,914
"Separado (a), Divorciado (a)",-,-,-,-,1,1,1,-,-,-,-,5,5,5,-,11,11,-,42,42,53,-,-,-,-,3,3,3,-,13,13,-,85,85,98,-,12,12,-,22,22,34,-,3,3,-,7,7,10,-,11,11,-,29,29,40,-,-,-,-,3,3,3,-,2,2,-,6,6,8,-,2,2,-,13,13,15,-,2,2,-,16,16,18,-,8,8,-,21,21,29,-,1,1,-,4,4,5,-,5,5,-,15,15,20,-,-,-,-,5,5,5,-,2,2,-,17,17,19,-,2,2,-,13,13,15,-,6,6,-,28,28,34,-,4,4,-,10,10,14,429
Viudo (a),-,1,1,-,-,-,1,-,-,-,-,1,1,1,-,1,1,-,-,-,1,-,-,-,-,-,-,-,-,-,-,-,-,-,-,-,-,-,-,-,-,-,-,1,1,-,-,-,1,-,-,-,-,-,-,-,-,-,-,-,-,-,-,-,-,-,-,-,-,-,-,-,-,-,1,1,1,-,-,-,-,1,1,1,-,-,-,-,-,-,-,-,-,-,-,-,-,-,-,-,-,-,1,1,1,-,-,-,-,-,-,-,-,-,-,-,1,1,1,-,-,-,-,-,-,-,-,-,-,-,1,1,1,-,-,-,-,-,-,-,9
Sin información,-,-,-,-,-,-,-,-,-,-,-,1,1,1,-,1,1,-,-,-,1,-,-,-,-,-,-,-,-,1,1,-,1,1,2,-,-,-,-,2,2,2,-,-,-,-,-,-,-,-,1,1,-,-,-,1,-,-,-,-,-,-,-,-,-,-,-,1,1,1,-,-,-,-,-,-,-,-,-,-,-,1,1,1,-,2,2,-,4,4,6,-,-,-,-,1,1,1,-,-,-,-,-,-,-,-,-,-,-,-,-,-,-,-,-,-,1,1,1,-,-,-,-,1,1,1,-,-,-,-,1,1,1,-,1,1,-,1,1,2,21
TOTAL,-,18,18,-,77,77,95,-,17,17,-,90,90,107,1,185,186,15,852,867,1053,-,14,14,2,92,94,108,-,159,159,20,970,990,1149,-,126,126,7,499,506,632,-,53,53,-,194,194,247,-,211,211,5,963,968,1179,-,6,6,-,18,18,24,-,24,24,1,125,126,150,-,38,38,-,175,175,213,-,73,73,6,368,374,447,1,116,117,12,552,564,681,-,24,24,1,125,126,150,1,178,179,7,780,787,966,-,16,16,-,54,54,70,-,33,33,3,170,173,206,-,73,73,1,268,269,342,-,80,80,10,435,445,525,-,45,45,7,163,170,215,8559
VARIABLE: FACTOR DE VULNERABILIDAD,,,,,,,,,,,,,,,,,,,,,,,,,,,,,,,,,,,,,,,,,,,,,,,,,,,,,,,,,,,,,,,,,,,,,,,,,,,,,,,,,,,,,,,,,,,,,,,,,,,,,,,,,,,,,,,,,,,,,,,,,,,,,,,,,,,,,,,,,,,,,
Campesinos (as) y/o trabajadores (as) del campo,-,-,-,-,-,-,-,-,1,1,-,-,-,1,-,-,-,-,-,-,-,-,-,-,-,-,-,-,-,-,-,-,-,-,-,-,-,-,-,-,-,-,-,-,-,-,-,-,-,-,-,-,-,-,-,-,-,-,-,-,-,-,-,-,-,-,-,-,-,-,-,-,-,-,-,-,-,-,-,-,-,-,-,-,-,-,-,-,-,-,-,-,-,-,-,-,-,-,-,-,-,-,1,1,1,-,-,-,-,-,-,-,-,-,-,-,-,-,-,-,-,-,-,-,-,-,-,-,-,-,-,-,-,-,-,-,-,-,-,-,2
Comunidad LGBT,-,-,-,-,-,-,-,-,-,-,-,-,-,-,-,1,1,-,3,3,4,-,2,2,-,3,3,5,-,1,1,-,7,7,8,-,1,1,-,1,1,2,-,1,1,-,-,-,1,-,2,2,-,3,3,5,-,-,-,-,-,-,-,-,1,1,-,-,-,1,-,-,-,-,-,-,-,-,1,1,-,3,3,4,-,-,-,-,2,2,2,-,1,1,-,-,-,1,-,4,4,-,3,3,7,-,2,2,-,1,1,3,-,-,-,-,-,-,-,-,3,3,-,3,3,6,-,2,2,-,5,5,7,-,-,-,-,1,1,1,57
Conductores de vehículos de servicio público,-,-,-,-,-,-,-,-,-,-,-,-,-,-,-,-,-,-,1,1,1,-,-,-,-,-,-,-,-,1,1,-,1,1,2,-,-,-,-,-,-,-,-,-,-,-,-,-,-,-,-,-,-,-,-,-,-,-,-,-,-,-,-,-,-,-,-,-,-,-,-,-,-,-,-,-,-,-,-,-,-,-,-,-,-,-,-,-,-,-,-,-,-,-,-,-,-,-,-,1,1,-,2,2,3,-,-,-,-,-,-,-,-,-,-,-,-,-,-,-,-,-,-,-,-,-,-,-,-,-,-,-,-,-,-,-,-,1,1,1,7
Grupos étnicos,-,-,-,-,1,1,1,-,-,-,-,-,-,-,-,2,2,-,9,9,11,-,-,-,-,-,-,-,-,1,1,-,8,8,9,-,1,1,-,3,3,4,-,-,-,-,1,1,1,-,-,-,-,13,13,13,-,-,-,-,-,-,-,-,-,-,-,3,3,3,-,1,1,-,-,-,1,-,1,1,-,6,6,7,-,-,-,-,2,2,2,-,-,-,-,2,2,2,-,1,1,-,7,7,8,-,-,-,-,-,-,-,-,1,1,-,-,-,1,-,1,1,-,1,1,2,-,-,-,-,3,3,3,-,-,-,-,-,-,-,68
Mujer cabeza de hogar o de familia ,-,-,-,-,-,-,-,-,-,-,-,-,-,-,-,-,-,-,2,2,2,-,-,-,-,1,1,1,-,-,-,-,-,-,-,-,-,-,-,2,2,2,-,-,-,-,-,-,-,-,-,-,-,1,1,1,-,-,-,-,-,-,-,-,-,-,-,-,-,-,-,-,-,-,-,-,-,-,-,-,-,-,-,-,-,-,-,-,1,1,1,-,-,-,-,-,-,-,-,-,-,-,20,20,20,-,-,-,-,-,-,-,-,-,-,-,-,-,-,-,-,-,-,3,3,3,-,-,-,-,1,1,1,-,-,-,-,1,1,1,32
Persona adicta a una droga natural o sintética,-,1,1,-,7,7,8,-,2,2,-,3,3,5,-,16,16,-,68,68,84,-,1,1,-,4,4,5,-,5,5,-,112,112,117,-,5,5,-,22,22,27,-,3,3,-,7,7,10,-,8,8,1,82,83,91,-,-,-,-,-,-,-,-,1,1,-,10,10,11,-,3,3,-,4,4,7,-,5,5,-,33,33,38,-,10,10,-,38,38,48,-,-,-,-,9,9,9,-,10,10,2,100,102,112,-,2,2,-,2,2,4,-,2,2,-,13,13,15,-,2,2,-,14,14,16,-,3,3,-,44,44,47,-,2,2,1,11,12,14,668
Persona en condición de desplazamiento ,-,-,-,-,-,-,-,-,-,-,-,2,2,2,-,-,-,-,1,1,1,-,-,-,-,-,-,-,-,1,1,1,9,10,11,-,1,1,1,2,3,4,-,-,-,-,-,-,-,-,1,1,-,3,3,4,-,-,-,-,1,1,1,-,-,-,-,-,-,-,-,-,-,-,-,-,-,-,-,-,-,1,1,1,-,-,-,-,2,2,2,-,-,-,-,-,-,-,-,-,-,-,-,-,-,-,-,-,-,-,-,-,-,-,-,-,-,-,-,-,-,-,-,-,-,-,-,-,-,-,-,-,-,-,-,-,-,1,1,1,27
Persona en situación de prostitución,-,-,-,-,-,-,-,-,-,-,-,-,-,-,-,-,-,-,-,-,-,-,-,-,-,-,-,-,-,-,-,-,-,-,-,-,-,-,-,-,-,-,-,-,-,-,-,-,-,-,-,-,-,-,-,-,-,-,-,-,-,-,-,-,-,-,-,-,-,-,-,-,-,-,-,-,-,-,-,-,-,-,-,-,-,-,-,-,-,-,-,-,-,-,-,-,-,-,-,-,-,-,-,-,-,-,-,-,-,-,-,-,-,-,-,-,-,-,-,-,-,-,-,-,-,-,-,-,-,-,2,2,2,-,-,-,-,1,1,1,3
Personas bajo custodia,-,-,-,-,-,-,-,-,-,-,-,-,-,-,-,-,-,-,1,1,1,-,-,-,-,-,-,-,-,1,1,-,-,-,1,-,-,-,-,-,-,-,-,-,-,-,-,-,-,-,-,-,-,-,-,-,-,-,-,-,-,-,-,-,-,-,-,-,-,-,-,-,-,-,-,-,-,-,-,-,-,-,-,-,-,-,-,-,-,-,-,-,-,-,-,-,-,-,-,-,-,-,-,-,-,-,-,-,-,-,-,-,-,-,-,-,-,-,-,-,-,-,-,-,-,-,-,-,-,-,-,-,-,-,-,-,-,-,-,-,2
Ninguno ,-,17,17,-,69,69,86,-,14,14,-,85,85,99,1,166,167,15,767,782,949,-,11,11,2,84,86,97,-,149,149,19,833,852,1001,-,118,118,6,469,475,593,-,49,49,-,186,186,235,-,200,200,4,861,865,1065,-,6,6,-,17,17,23,-,22,22,1,112,113,135,-,34,34,-,171,171,205,-,66,66,6,325,331,397,1,106,107,12,507,519,626,-,23,23,1,114,115,138,1,162,163,5,647,652,815,-,12,12,-,51,51,63,-,30,30,3,157,160,190,-,67,67,1,247,248,315,-,75,75,10,380,390,465,-,43,43,6,146,152,195,7692
Sin información,-,-,-,-,-,-,-,-,-,-,-,-,-,-,-,-,-,-,-,-,-,-,-,-,-,-,-,-,-,-,-,-,-,-,-,-,-,-,-,-,-,-,-,-,-,-,-,-,-,-,-,-,-,-,-,-,-,-,-,-,-,-,-,-,-,-,-,-,-,-,-,-,-,-,-,-,-,-,-,-,-,-,-,-,-,-,-,-,-,-,-,-,-,-,-,-,-,-,-,-,-,-,-,-,-,-,-,-,-,-,-,-,-,-,-,-,-,-,-,-,-,-,-,-,-,-,-,-,-,-,-,-,-,-,-,-,-,1,1,1,1
TOTAL,-,18,18,-,77,77,95,-,17,17,-,90,90,107,1,185,186,15,852,867,1053,-,14,14,2,92,94,108,-,159,159,20,970,990,1149,-,126,126,7,499,506,632,-,53,53,-,194,194,247,-,211,211,5,963,968,1179,-,6,6,-,18,18,24,-,24,24,1,125,126,150,-,38,38,-,175,175,213,-,73,73,6,368,374,447,1,116,117,12,552,564,681,-,24,24,1,125,126,150,1,178,179,7,780,787,966,-,16,16,-,54,54,70,-,33,33,3,170,173,206,-,73,73,1,268,269,342,-,80,80,10,435,445,525,-,45,45,7,163,170,215,8559
VARIABLE: TIPO DE DISCAPACIDAD,,,,,,,,,,,,,,,,,,,,,,,,,,,,,,,,,,,,,,,,,,,,,,,,,,,,,,,,,,,,,,,,,,,,,,,,,,,,,,,,,,,,,,,,,,,,,,,,,,,,,,,,,,,,,,,,,,,,,,,,,,,,,,,,,,,,,,,,,,,,,
Auditiva,-,-,-,-,-,-,-,-,-,-,-,-,-,-,-,1,1,-,-,-,1,-,-,-,-,-,-,-,-,-,-,-,1,1,1,-,-,-,-,1,1,1,-,-,-,-,-,-,-,-,-,-,-,1,1,1,-,-,-,-,-,-,-,-,-,-,-,-,-,-,-,-,-,-,-,-,-,-,-,-,-,-,-,-,-,-,-,-,-,-,-,-,-,-,-,1,1,1,-,-,-,-,-,-,-,-,-,-,-,-,-,-,-,-,-,-,-,-,-,-,-,-,-,1,1,1,-,1,1,-,-,-,1,-,-,-,-,-,-,-,7
Física,-,-,-,-,-,-,-,-,-,-,-,-,-,-,-,-,-,-,1,1,1,-,-,-,-,-,-,-,-,-,-,-,-,-,-,-,-,-,-,-,-,-,-,-,-,-,-,-,-,-,1,1,-,-,-,1,-,-,-,-,-,-,-,-,-,-,-,-,-,-,-,-,-,-,-,-,-,-,-,-,-,-,-,-,-,-,-,-,-,-,-,-,-,-,-,-,-,-,-,-,-,-,-,-,-,-,-,-,-,-,-,-,-,-,-,-,-,-,-,-,-,-,-,-,-,-,-,-,-,-,-,-,-,-,-,-,-,-,-,-,2
Mental,-,-,-,-,-,-,-,-,-,-,-,-,-,-,-,-,-,-,-,-,-,-,-,-,-,-,-,-,-,-,-,-,1,1,1,-,-,-,-,-,-,-,-,-,-,-,-,-,-,-,-,-,-,-,-,-,-,-,-,-,-,-,-,-,-,-,-,-,-,-,-,-,-,-,-,-,-,-,-,-,-,-,-,-,-,-,-,-,-,-,-,-,-,-,-,-,-,-,-,-,-,-,-,-,-,-,-,-,-,-,-,-,-,-,-,-,-,-,-,-,-,-,-,-,-,-,-,-,-,-,-,-,-,-,-,-,-,-,-,-,1
Visual,-,-,-,-,-,-,-,-,-,-,-,-,-,-,-,-,-,-,1,1,1,-,-,-,-,-,-,-,-,-,-,-,1,1,1,-,-,-,-,-,-,-,-,-,-,-,-,-,-,-,-,-,-,-,-,-,-,-,-,-,-,-,-,-,-,-,-,-,-,-,-,-,-,-,-,-,-,-,-,-,-,1,1,1,-,-,-,-,-,-,-,-,-,-,-,-,-,-,-,-,-,-,-,-,-,-,-,-,-,-,-,-,-,-,-,-,-,-,-,-,-,-,-,-,-,-,-,-,-,-,-,-,-,-,-,-,-,-,-,-,3
Discapacidad múltiple,-,-,-,-,-,-,-,-,-,-,-,-,-,-,-,-,-,-,-,-,-,-,-,-,-,-,-,-,-,-,-,-,-,-,-,-,-,-,-,1,1,1,-,-,-,-,-,-,-,-,-,-,-,-,-,-,-,-,-,-,-,-,-,-,-,-,-,-,-,-,-,-,-,-,-,-,-,-,-,-,-,-,-,-,-,-,-,-,-,-,-,-,-,-,-,-,-,-,-,-,-,-,-,-,-,-,-,-,-,-,-,-,-,-,-,-,-,-,-,-,1,1,-,-,-,1,-,-,-,-,-,-,-,-,-,-,-,-,-,-,2
Ninguna,-,18,18,-,77,77,95,-,17,17,-,90,90,107,1,184,185,15,850,865,1050,-,14,14,2,92,94,108,-,159,159,20,967,987,1146,-,126,126,7,497,504,630,-,53,53,-,194,194,247,-,210,210,5,962,967,1177,-,6,6,-,18,18,24,-,24,24,1,125,126,150,-,38,38,-,175,175,213,-,73,73,6,367,373,446,1,116,117,12,552,564,681,-,24,24,1,124,125,149,1,178,179,7,780,787,966,-,16,16,-,54,54,70,-,33,33,3,170,173,206,-,72,72,1,267,268,340,-,79,79,10,435,445,524,-,45,45,7,163,170,215,8544
TOTAL,-,18,18,-,77,77,95,-,17,17,-,90,90,107,1,185,186,15,852,867,1053,-,14,14,2,92,94,108,-,159,159,20,970,990,1149,-,126,126,7,499,506,632,-,53,53,-,194,194,247,-,211,211,5,963,968,1179,-,6,6,-,18,18,24,-,24,24,1,125,126,150,-,38,38,-,175,175,213,-,73,73,6,368,374,447,1,116,117,12,552,564,681,-,24,24,1,125,126,150,1,178,179,7,780,787,966,-,16,16,-,54,54,70,-,33,33,3,170,173,206,-,73,73,1,268,269,342,-,80,80,10,435,445,525,-,45,45,7,163,170,215,8559
VARIABLE: PERTENENCIA ÉTNICA,,,,,,,,,,,,,,,,,,,,,,,,,,,,,,,,,,,,,,,,,,,,,,,,,,,,,,,,,,,,,,,,,,,,,,,,,,,,,,,,,,,,,,,,,,,,,,,,,,,,,,,,,,,,,,,,,,,,,,,,,,,,,,,,,,,,,,,,,,,,,
Indígena,-,-,-,-,1,1,1,-,-,-,-,-,-,-,-,-,-,-,1,1,1,-,-,-,-,-,-,-,-,-,-,-,2,2,2,-,-,-,-,1,1,1,-,-,-,-,1,1,1,-,-,-,-,2,2,2,-,-,-,-,-,-,-,-,-,-,-,1,1,1,-,-,-,-,-,-,-,-,-,-,-,-,-,-,-,-,-,-,1,1,1,-,-,-,-,1,1,1,-,-,-,-,1,1,1,-,-,-,-,-,-,-,-,-,-,-,-,-,-,-,-,-,-,-,-,-,-,-,-,-,-,-,-,-,-,-,-,-,-,-,12
Negro/Afrodescendiente,-,-,-,-,-,-,-,-,-,-,-,-,-,-,-,2,2,-,8,8,10,-,-,-,-,-,-,-,-,1,1,-,7,7,8,-,1,1,-,2,2,3,-,-,-,-,-,-,-,-,-,-,-,10,10,10,-,-,-,-,-,-,-,-,-,-,-,2,2,2,-,-,-,-,-,-,-,-,1,1,-,6,6,7,-,-,-,-,2,2,2,-,-,-,-,1,1,1,-,-,-,-,5,5,5,-,-,-,-,-,-,-,-,1,1,-,-,-,1,-,-,-,-,1,1,1,-,-,-,-,2,2,2,-,-,-,-,-,-,-,52
Palenquero,-,-,-,-,-,-,-,-,-,-,-,-,-,-,-,-,-,-,-,-,-,-,-,-,-,-,-,-,-,-,-,-,-,-,-,-,-,-,-,-,-,-,-,-,-,-,-,-,-,-,-,-,-,-,-,-,-,-,-,-,-,-,-,-,-,-,-,-,-,-,-,-,-,-,-,-,-,-,-,-,-,-,-,-,-,-,-,-,-,-,-,-,-,-,-,-,-,-,-,1,1,-,-,-,1,-,-,-,-,-,-,-,-,-,-,-,-,-,-,-,-,-,-,-,-,-,-,-,-,-,-,-,-,-,-,-,-,-,-,-,1
Raizal,-,-,-,-,-,-,-,-,-,-,-,-,-,-,-,-,-,-,-,-,-,-,-,-,-,-,-,-,-,-,-,-,-,-,-,-,-,-,-,-,-,-,-,-,-,-,-,-,-,-,-,-,-,-,-,-,-,-,-,-,-,-,-,-,-,-,-,-,-,-,-,-,-,-,-,-,-,-,-,-,-,-,-,-,-,-,-,-,-,-,-,-,-,-,-,-,-,-,-,-,-,-,1,1,1,-,-,-,-,-,-,-,-,-,-,-,-,-,-,-,-,-,-,-,-,-,-,-,-,-,1,1,1,-,-,-,-,-,-,-,2
Rom (Gitano),-,-,-,-,-,-,-,-,-,-,-,-,-,-,-,-,-,-,1,1,1,-,-,-,-,-,-,-,-,-,-,-,-,-,-,-,-,-,-,-,-,-,-,-,-,-,-,-,-,-,-,-,-,-,-,-,-,-,-,-,-,-,-,-,-,-,-,-,-,-,-,-,-,-,-,-,-,-,-,-,-,-,-,-,-,-,-,-,-,-,-,-,-,-,-,-,-,-,-,-,-,-,-,-,-,-,-,-,-,-,-,-,-,-,-,-,-,-,-,-,1,1,-,-,-,1,-,-,-,-,-,-,-,-,-,-,-,-,-,-,2
Sin Pertenencia Étnica,-,16,16,-,72,72,88,-,17,17,-,84,84,101,1,162,163,15,785,800,963,-,12,12,2,86,88,100,-,142,142,18,916,934,1076,-,114,114,6,459,465,579,-,45,45,-,175,175,220,-,192,192,5,887,892,1084,-,6,6,-,17,17,23,-,24,24,1,111,112,136,-,35,35,-,165,165,200,-,64,64,6,334,340,404,1,108,109,12,498,510,619,-,22,22,1,113,114,136,1,161,162,6,713,719,881,-,11,11,-,47,47,58,-,26,26,3,152,155,181,-,57,57,1,245,246,303,-,71,71,9,400,409,480,-,37,37,5,138,143,180,7812
Sin Información,-,2,2,-,4,4,6,-,-,-,-,6,6,6,-,21,21,-,57,57,78,-,2,2,-,6,6,8,-,16,16,2,45,47,63,-,11,11,1,37,38,49,-,8,8,-,18,18,26,-,19,19,-,64,64,83,-,-,-,-,1,1,1,-,-,-,-,11,11,11,-,3,3,-,10,10,13,-,8,8,-,28,28,36,-,8,8,-,51,51,59,-,2,2,-,10,10,12,-,16,16,1,60,61,77,-,5,5,-,7,7,12,-,6,6,-,18,18,24,-,15,15,-,22,22,37,-,9,9,1,32,33,42,-,8,8,2,25,27,35,678
TOTAL,-,18,18,-,77,77,95,-,17,17,-,90,90,107,1,185,186,15,852,867,1053,-,14,14,2,92,94,108,-,159,159,20,970,990,1149,-,126,126,7,499,506,632,-,53,53,-,194,194,247,-,211,211,5,963,968,1179,-,6,6,-,18,18,24,-,24,24,1,125,126,150,-,38,38,-,175,175,213,-,73,73,6,368,374,447,1,116,117,12,552,564,681,-,24,24,1,125,126,150,1,178,179,7,780,787,966,-,16,16,-,54,54,70,-,33,33,3,170,173,206,-,73,73,1,268,269,342,-,80,80,10,435,445,525,-,45,45,7,163,170,215,8559
VARIABLE: PRESUNTO AGRESOR,,,,,,,,,,,,,,,,,,,,,,,,,,,,,,,,,,,,,,,,,,,,,,,,,,,,,,,,,,,,,,,,,,,,,,,,,,,,,,,,,,,,,,,,,,,,,,,,,,,,,,,,,,,,,,,,,,,,,,,,,,,,,,,,,,,,,,,,,,,,,
Pareja o ex pareja,-,18,18,-,77,77,95,-,17,17,-,90,90,107,1,185,186,15,852,867,1053,-,14,14,2,92,94,108,-,159,159,20,970,990,1149,-,126,126,7,499,506,632,-,53,53,-,194,194,247,-,211,211,5,963,968,1179,-,6,6,-,18,18,24,-,24,24,1,125,126,150,-,38,38,-,175,175,213,-,73,73,6,368,374,447,1,116,117,12,552,564,681,-,24,24,1,125,126,150,1,178,179,7,780,787,966,-,16,16,-,54,54,70,-,33,33,3,170,173,206,-,73,73,1,268,269,342,-,80,80,10,435,445,525,-,45,45,7,163,170,215,8559
Amante,-,-,-,-,-,-,-,-,-,-,-,-,-,-,-,-,-,-,-,-,-,-,-,-,-,-,-,-,-,1,1,-,1,1,2,-,-,-,-,1,1,1,-,-,-,-,1,1,1,-,3,3,-,1,1,4,-,-,-,-,-,-,-,-,-,-,-,1,1,1,-,-,-,-,-,-,-,-,-,-,-,-,-,-,-,-,-,-,-,-,-,-,-,-,-,-,-,-,-,2,2,-,1,1,3,-,-,-,-,-,-,-,-,-,-,-,-,-,-,-,-,-,-,1,1,1,-,-,-,-,-,-,-,-,-,-,-,1,1,1,14
Compañero (a)  permanente,-,4,4,-,28,28,32,-,9,9,-,43,43,52,-,89,89,5,405,410,499,-,8,8,-,39,39,47,-,72,72,6,524,530,602,-,62,62,3,237,240,302,-,20,20,-,107,107,127,-,96,96,3,436,439,535,-,4,4,-,7,7,11,-,14,14,1,45,46,60,-,18,18,-,73,73,91,-,39,39,2,179,181,220,1,53,54,7,256,263,317,-,6,6,-,55,55,61,-,80,80,4,379,383,463,-,10,10,-,20,20,30,-,14,14,2,80,82,96,-,35,35,1,117,118,153,-,33,33,4,215,219,252,-,18,18,4,68,72,90,4040
Esposo (a),-,4,4,-,6,6,10,-,4,4,-,12,12,16,-,17,17,-,70,70,87,-,2,2,-,5,5,7,-,10,10,-,52,52,62,-,13,13,-,57,57,70,-,7,7,-,23,23,30,-,27,27,-,93,93,120,-,-,-,-,1,1,1,-,2,2,-,4,4,6,-,3,3,-,17,17,20,-,2,2,-,29,29,31,-,5,5,-,45,45,50,-,-,-,-,6,6,6,-,29,29,-,104,104,133,-,1,1,-,7,7,8,-,4,4,-,9,9,13,-,15,15,-,41,41,56,-,5,5,-,26,26,31,-,1,1,-,12,12,13,770
Ex - Amante,-,-,-,-,-,-,-,-,-,-,-,-,-,-,-,-,-,-,-,-,-,-,-,-,-,-,-,-,-,1,1,-,-,-,1,-,-,-,-,-,-,-,-,-,-,-,-,-,-,-,-,-,-,1,1,1,-,-,-,-,-,-,-,-,-,-,-,-,-,-,-,-,-,-,-,-,-,-,-,-,-,-,-,-,-,1,1,-,1,1,2,-,-,-,-,-,-,-,-,1,1,-,7,7,8,-,-,-,-,-,-,-,-,-,-,-,-,-,-,-,-,-,-,-,-,-,-,-,-,-,-,-,-,-,-,-,-,-,-,-,12
Ex - compañero (a) permanente,-,8,8,-,35,35,43,-,3,3,-,23,23,26,-,64,64,5,297,302,366,-,3,3,-,24,24,27,-,57,57,6,315,321,378,-,34,34,2,143,145,179,-,18,18,-,35,35,53,-,66,66,2,337,339,405,-,1,1,-,8,8,9,-,5,5,-,51,51,56,-,13,13,-,60,60,73,-,26,26,-,133,133,159,-,45,45,2,184,186,231,-,12,12,-,52,52,64,-,49,49,2,218,220,269,-,5,5,-,15,15,20,-,12,12,-,57,57,69,-,18,18,-,73,73,91,-,32,32,1,155,156,188,-,23,23,2,56,58,81,2787
Ex - esposo (a),-,-,-,-,1,1,1,-,-,-,-,-,-,-,-,5,5,-,13,13,18,-,-,-,-,-,-,-,-,7,7,-,22,22,29,-,4,4,-,13,13,17,-,3,3,-,7,7,10,-,4,4,-,18,18,22,-,-,-,-,-,-,-,-,-,-,-,3,3,3,-,3,3,-,5,5,8,-,1,1,-,5,5,6,-,1,1,-,9,9,10,-,1,1,-,1,1,2,-,4,4,-,10,10,14,-,-,-,-,2,2,2,-,-,-,-,3,3,3,-,1,1,-,2,2,3,-,-,-,-,10,10,10,-,1,1,-,4,4,5,163
Ex - Novio (a),-,1,1,-,4,4,5,-,1,1,-,7,7,8,-,8,8,5,36,41,49,-,1,1,1,10,11,12,-,7,7,6,32,38,45,-,7,7,2,22,24,31,-,3,3,-,11,11,14,-,8,8,-,36,36,44,-,1,1,-,1,1,2,-,2,2,-,10,10,12,-,-,-,-,10,10,10,-,3,3,3,12,15,18,-,9,9,2,35,37,46,-,3,3,1,5,6,9,-,9,9,-,27,27,36,-,-,-,-,7,7,7,-,1,1,-,13,13,14,-,3,3,-,17,17,20,-,5,5,3,13,16,21,-,1,1,-,15,15,16,419
Novio (a),-,1,1,-,3,3,4,-,-,-,-,5,5,5,1,2,3,-,31,31,34,-,-,-,1,14,15,15,-,4,4,2,24,26,30,-,6,6,-,26,26,32,-,2,2,-,10,10,12,-,7,7,-,41,41,48,-,-,-,-,1,1,1,-,1,1,-,11,11,12,-,1,1,-,10,10,11,-,2,2,1,10,11,13,-,2,2,1,22,23,25,-,2,2,-,6,6,8,1,4,5,1,34,35,40,-,-,-,-,3,3,3,-,2,2,1,8,9,11,-,1,1,-,17,17,18,-,5,5,2,15,17,22,-,1,1,1,6,7,8,352
Sin información,-,-,-,-,-,-,-,-,-,-,-,-,-,-,-,-,-,-,-,-,-,-,-,-,-,-,-,-,-,-,-,-,-,-,-,-,-,-,-,-,-,-,-,-,-,-,-,-,-,-,-,-,-,-,-,-,-,-,-,-,-,-,-,-,-,-,-,-,-,-,-,-,-,-,-,-,-,-,-,-,-,-,-,-,-,-,-,-,-,-,-,-,-,-,-,-,-,-,-,-,-,-,-,-,-,-,-,-,-,-,-,-,-,-,-,-,-,-,-,-,-,-,-,-,-,-,-,-,-,-,1,1,1,-,-,-,-,1,1,1,2
TOTAL,-,18,18,-,77,77,95,-,17,17,-,90,90,107,1,185,186,15,852,867,1053,-,14,14,2,92,94,108,-,159,159,20,970,990,1149,-,126,126,7,499,506,632,-,53,53,-,194,194,247,-,211,211,5,963,968,1179,-,6,6,-,18,18,24,-,24,24,1,125,126,150,-,38,38,-,175,175,213,-,73,73,6,368,374,447,1,116,117,12,552,564,681,-,24,24,1,125,126,150,1,178,179,7,780,787,966,-,16,16,-,54,54,70,-,33,33,3,170,173,206,-,73,73,1,268,269,342,-,80,80,10,435,445,525,-,45,45,7,163,170,215,8559
VARIABLE: SEXO DEL PRESUNTO AGRESOR,,,,,,,,,,,,,,,,,,,,,,,,,,,,,,,,,,,,,,,,,,,,,,,,,,,,,,,,,,,,,,,,,,,,,,,,,,,,,,,,,,,,,,,,,,,,,,,,,,,,,,,,,,,,,,,,,,,,,,,,,,,,,,,,,,,,,,,,,,,,,
Hombre,-,-,-,-,76,76,76,-,1,1,-,89,89,90,-,5,5,15,842,857,862,-,2,2,2,88,90,92,-,8,8,20,964,984,992,-,6,6,7,496,503,509,-,1,1,-,193,193,194,-,8,8,5,958,963,971,-,2,2,-,18,18,20,-,1,1,1,123,124,125,-,2,2,-,175,175,177,-,3,3,6,364,370,373,-,2,2,12,547,559,561,-,1,1,1,124,125,126,-,12,12,6,773,779,791,-,2,2,-,53,53,55,-,-,-,3,167,170,170,-,7,7,1,265,266,273,-,4,4,10,430,440,444,-,3,3,7,159,166,169,7070
Mujer,-,18,18,-,1,1,19,-,16,16,-,1,1,17,1,180,181,-,10,10,191,-,12,12,-,4,4,16,-,151,151,-,6,6,157,-,120,120,-,3,3,123,-,52,52,-,1,1,53,-,203,203,-,5,5,208,-,4,4,-,-,-,4,-,23,23,-,2,2,25,-,36,36,-,-,-,36,-,70,70,-,4,4,74,1,114,115,-,5,5,120,-,23,23,-,1,1,24,1,166,167,1,7,8,175,-,14,14,-,1,1,15,-,33,33,-,3,3,36,-,66,66,-,3,3,69,-,76,76,-,4,4,80,-,42,42,-,3,3,45,1487
Sin información,-,-,-,-,-,-,-,-,-,-,-,-,-,-,-,-,-,-,-,-,-,-,-,-,-,-,-,-,-,-,-,-,-,-,-,-,-,-,-,-,-,-,-,-,-,-,-,-,-,-,-,-,-,-,-,-,-,-,-,-,-,-,-,-,-,-,-,-,-,-,-,-,-,-,-,-,-,-,-,-,-,-,-,-,-,-,-,-,-,-,-,-,-,-,-,-,-,-,-,-,-,-,-,-,-,-,-,-,-,-,-,-,-,-,-,-,-,-,-,-,-,-,-,-,-,-,-,-,-,-,1,1,1,-,-,-,-,1,1,1,2
TOTAL,-,18,18,-,77,77,95,-,17,17,-,90,90,107,1,185,186,15,852,867,1053,-,14,14,2,92,94,108,-,159,159,20,970,990,1149,-,126,126,7,499,506,632,-,53,53,-,194,194,247,-,211,211,5,963,968,1179,-,6,6,-,18,18,24,-,24,24,1,125,126,150,-,38,38,-,175,175,213,-,73,73,6,368,374,447,1,116,117,12,552,564,681,-,24,24,1,125,126,150,1,178,179,7,780,787,966,-,16,16,-,54,54,70,-,33,33,3,170,173,206,-,73,73,1,268,269,342,-,80,80,10,435,445,525,-,45,45,7,163,170,215,8559
VARIABLE: ACTIVIDAD DURANTE EL HECHO,,,,,,,,,,,,,,,,,,,,,,,,,,,,,,,,,,,,,,,,,,,,,,,,,,,,,,,,,,,,,,,,,,,,,,,,,,,,,,,,,,,,,,,,,,,,,,,,,,,,,,,,,,,,,,,,,,,,,,,,,,,,,,,,,,,,,,,,,,,,,
Actividades de desplazamiento de un lugar a otro,-,5,5,-,26,26,31,-,2,2,-,34,34,36,1,59,60,7,239,246,306,-,3,3,1,27,28,31,-,62,62,13,265,278,340,-,33,33,1,146,147,180,-,21,21,-,53,53,74,-,64,64,-,233,233,297,-,3,3,-,8,8,11,-,3,3,1,45,46,49,-,16,16,-,56,56,72,-,13,13,4,112,116,129,1,40,41,4,188,192,233,-,10,10,1,34,35,45,-,48,48,2,185,187,235,-,2,2,-,13,13,15,-,14,14,-,60,60,74,-,20,20,-,67,67,87,-,28,28,4,134,138,166,-,18,18,4,75,79,97,2508
Actividades de trabajo doméstico no pagado para el uso del propio hogar,-,2,2,-,20,20,22,-,4,4,-,20,20,24,-,44,44,4,248,252,296,-,4,4,1,19,20,24,-,21,21,1,189,190,211,-,34,34,4,140,144,178,-,15,15,-,64,64,79,-,43,43,4,260,264,307,-,-,-,-,2,2,2,-,9,9,-,26,26,35,-,6,6,-,47,47,53,-,30,30,1,80,81,111,-,25,25,4,150,154,179,-,6,6,-,25,25,31,-,39,39,1,133,134,173,-,6,6,-,18,18,24,-,7,7,1,56,57,64,-,17,17,1,60,61,78,-,20,20,2,108,110,130,-,13,13,-,45,45,58,2079
Actividades ilícitas o delictivas,-,-,-,-,-,-,-,-,1,1,-,-,-,1,-,4,4,-,4,4,8,-,2,2,-,-,-,2,-,4,4,-,3,3,7,-,4,4,-,3,3,7,-,3,3,-,4,4,7,-,8,8,-,7,7,15,-,-,-,-,2,2,2,-,-,-,-,1,1,1,-,3,3,-,1,1,4,-,3,3,-,3,3,6,-,8,8,-,2,2,10,-,-,-,-,-,-,-,-,6,6,-,5,5,11,-,-,-,-,1,1,1,-,2,2,-,4,4,6,-,3,3,-,2,2,5,-,3,3,-,1,1,4,-,1,1,-,2,2,3,100
Actividades relacionadas con el aprendizaje,-,-,-,-,1,1,1,-,-,-,-,-,-,-,-,-,-,-,-,-,-,-,-,-,-,-,-,-,-,-,-,-,-,-,-,-,-,-,-,1,1,1,-,-,-,-,-,-,-,-,-,-,-,-,-,-,-,-,-,-,-,-,-,-,-,-,-,-,-,-,-,-,-,-,-,-,-,-,-,-,-,-,-,-,-,-,-,-,-,-,-,-,-,-,-,-,-,-,-,-,-,-,1,1,1,-,-,-,-,-,-,-,-,-,-,-,-,-,-,-,-,-,-,-,-,-,-,-,-,-,-,-,-,-,-,-,-,-,-,-,3
Actividades relacionadas con el cuidado no pagado de miembros del hogar,-,5,5,-,6,6,11,-,1,1,-,3,3,4,-,7,7,-,31,31,38,-,1,1,-,4,4,5,-,8,8,1,45,46,54,-,4,4,-,22,22,26,-,4,4,-,7,7,11,-,5,5,-,26,26,31,-,1,1,-,-,-,1,-,-,-,-,7,7,7,-,-,-,-,4,4,4,-,2,2,-,25,25,27,-,6,6,-,30,30,36,-,3,3,-,2,2,5,-,8,8,-,38,38,46,-,1,1,-,1,1,2,-,3,3,-,8,8,11,-,2,2,-,9,9,11,-,8,8,-,25,25,33,-,1,1,-,5,5,6,369
Actividades relacionadas con el trabajo remunerado,-,2,2,-,1,1,3,-,2,2,-,3,3,5,-,-,-,-,21,21,21,-,1,1,-,7,7,8,-,4,4,-,25,25,29,-,3,3,-,9,9,12,-,-,-,-,1,1,1,-,4,4,-,24,24,28,-,-,-,-,1,1,1,-,2,2,-,11,11,13,-,-,-,-,8,8,8,-,2,2,-,11,11,13,-,4,4,-,7,7,11,-,-,-,-,3,3,3,-,2,2,-,12,12,14,-,1,1,-,3,3,4,-,1,1,-,6,6,7,-,1,1,-,6,6,7,-,1,1,-,11,11,12,-,2,2,-,5,5,7,207
"Actividades relacionadas con la asistencia a eventos culturales, de entretenimiento y/o deportivos",-,-,-,-,-,-,-,-,1,1,-,3,3,4,-,12,12,-,29,29,41,-,-,-,-,5,5,5,-,4,4,-,36,36,40,-,3,3,-,14,14,17,-,2,2,-,3,3,5,-,4,4,-,17,17,21,-,-,-,-,-,-,-,-,-,-,-,7,7,7,-,3,3,-,1,1,4,-,5,5,-,17,17,22,-,10,10,-,24,24,34,-,2,2,-,7,7,9,-,6,6,-,20,20,26,-,2,2,-,1,1,3,-,-,-,-,1,1,1,-,3,3,-,4,4,7,-,2,2,-,16,16,18,-,1,1,-,4,4,5,269
Actividades relacionadas con los deportes y el ejercicio físico,-,-,-,-,-,-,-,-,-,-,-,-,-,-,-,-,-,-,1,1,1,-,-,-,-,-,-,-,-,-,-,-,-,-,-,-,-,-,-,-,-,-,-,-,-,-,-,-,-,-,-,-,-,-,-,-,-,-,-,-,-,-,-,-,-,-,-,-,-,-,-,-,-,-,-,-,-,-,-,-,-,-,-,-,-,-,-,-,-,-,-,-,-,-,-,-,-,-,-,-,-,-,1,1,1,-,-,-,-,-,-,-,-,-,-,-,-,-,-,-,1,1,-,-,-,1,-,1,1,-,1,1,2,-,-,-,-,-,-,-,5
"Actividades relacionadas con manifestaciones públicas (marchas, protestas, etc.)",-,-,-,-,-,-,-,-,-,-,-,-,-,-,-,-,-,-,1,1,1,-,-,-,-,-,-,-,-,-,-,-,-,-,-,-,-,-,-,-,-,-,-,-,-,-,-,-,-,-,-,-,-,-,-,-,-,-,-,-,-,-,-,-,-,-,-,-,-,-,-,-,-,-,-,-,-,-,-,-,-,-,-,-,-,-,-,-,-,-,-,-,-,-,-,-,-,-,-,-,-,-,-,-,-,-,-,-,-,-,-,-,-,1,1,-,-,-,1,-,-,-,-,-,-,-,-,-,-,-,-,-,-,-,-,-,-,-,-,-,2
Actividades vitales o relacionadas con el cuidado personal,-,4,4,-,23,23,27,-,6,6,-,27,27,33,-,59,59,4,278,282,341,-,3,3,-,30,30,33,-,56,56,5,406,411,467,-,45,45,2,163,165,210,-,8,8,-,62,62,70,-,83,83,1,396,397,480,-,2,2,-,5,5,7,-,10,10,-,28,28,38,-,10,10,-,58,58,68,-,18,18,1,120,121,139,-,23,23,4,151,155,178,-,3,3,-,54,54,57,1,69,70,4,385,389,459,-,4,4,-,17,17,21,-,5,5,2,35,37,42,-,26,26,-,120,120,146,-,17,17,4,139,143,160,-,9,9,2,25,27,36,3012
Sin información,-,-,-,-,-,-,-,-,-,-,-,-,-,-,-,-,-,-,-,-,-,-,-,-,-,-,-,-,-,-,-,-,1,1,1,-,-,-,-,1,1,1,-,-,-,-,-,-,-,-,-,-,-,-,-,-,-,-,-,-,-,-,-,-,-,-,-,-,-,-,-,-,-,-,-,-,-,-,-,-,-,-,-,-,-,-,-,-,-,-,-,-,-,-,-,-,-,-,-,-,-,-,-,-,-,-,-,-,-,-,-,-,-,-,-,-,-,-,-,-,-,-,-,-,-,-,-,-,-,-,-,-,-,-,-,-,1,2,3,3,5
TOTAL,-,18,18,-,77,77,95,-,17,17,-,90,90,107,1,185,186,15,852,867,1053,-,14,14,2,92,94,108,-,159,159,20,970,990,1149,-,126,126,7,499,506,632,-,53,53,-,194,194,247,-,211,211,5,963,968,1179,-,6,6,-,18,18,24,-,24,24,1,125,126,150,-,38,38,-,175,175,213,-,73,73,6,368,374,447,1,116,117,12,552,564,681,-,24,24,1,125,126,150,1,178,179,7,780,787,966,-,16,16,-,54,54,70,-,33,33,3,170,173,206,-,73,73,1,268,269,342,-,80,80,10,435,445,525,-,45,45,7,163,170,215,8559
VARIABLE: FACTOR DESENCADENANTE DE LA AGRESIÓN,,,,,,,,,,,,,,,,,,,,,,,,,,,,,,,,,,,,,,,,,,,,,,,,,,,,,,,,,,,,,,,,,,,,,,,,,,,,,,,,,,,,,,,,,,,,,,,,,,,,,,,,,,,,,,,,,,,,,,,,,,,,,,,,,,,,,,,,,,,,,
Abandono,-,2,2,-,4,4,6,-,-,-,-,9,9,9,-,9,9,-,68,68,77,-,-,-,-,8,8,8,-,9,9,1,83,84,93,-,5,5,1,44,45,50,-,1,1,-,11,11,12,-,12,12,1,72,73,85,-,1,1,-,-,-,1,-,1,1,-,17,17,18,-,3,3,-,15,15,18,-,1,1,-,37,37,38,-,8,8,1,40,41,49,-,1,1,-,12,12,13,-,11,11,-,68,68,79,-,-,-,-,4,4,4,-,1,1,-,15,15,16,-,4,4,-,28,28,32,-,5,5,-,44,44,49,-,1,1,1,8,9,10,667
"Celos, desconfianza, infidelidad",-,4,4,-,24,24,28,-,1,1,-,18,18,19,-,38,38,6,217,223,261,-,-,-,1,20,21,21,-,32,32,7,265,272,304,-,23,23,2,101,103,126,-,6,6,-,35,35,41,-,43,43,-,236,236,279,-,-,-,-,6,6,6,-,4,4,1,21,22,26,-,4,4,-,33,33,37,-,19,19,-,90,90,109,-,27,27,1,137,138,165,-,3,3,-,16,16,19,-,43,43,3,196,199,242,-,3,3,-,16,16,19,-,4,4,1,38,39,43,-,11,11,-,51,51,62,-,16,16,5,101,106,122,-,5,5,-,38,38,43,1972
Consumo de alcohol y/o sustancias psicoactivas,-,2,2,-,13,13,15,-,2,2,-,15,15,17,-,16,16,1,105,106,122,-,1,1,-,12,12,13,-,11,11,1,134,135,146,-,8,8,1,65,66,74,-,1,1,-,23,23,24,-,16,16,1,137,138,154,-,-,-,-,3,3,3,-,3,3,-,13,13,16,-,6,6,-,21,21,27,-,5,5,-,43,43,48,-,13,13,-,79,79,92,-,2,2,-,22,22,24,-,13,13,1,134,135,148,-,3,3,-,7,7,10,-,3,3,-,27,27,30,-,2,2,-,38,38,40,-,5,5,2,53,55,60,-,1,1,-,12,12,13,1076
Económicas,-,-,-,-,-,-,-,-,-,-,-,-,-,-,-,-,-,-,-,-,-,-,-,-,-,-,-,-,-,-,-,-,5,5,5,-,2,2,-,3,3,5,-,-,-,-,-,-,-,-,1,1,-,4,4,5,-,-,-,-,-,-,-,-,-,-,-,-,-,-,-,-,-,-,1,1,1,-,-,-,-,-,-,-,-,2,2,-,1,1,3,-,-,-,-,-,-,-,-,-,-,-,1,1,1,-,-,-,-,-,-,-,-,2,2,1,1,2,4,-,-,-,-,1,1,1,-,-,-,-,1,1,1,-,-,-,-,1,1,1,27
Enfermedad fisica o mental,-,-,-,-,-,-,-,-,-,-,-,2,2,2,-,1,1,-,-,-,1,-,-,-,-,-,-,-,-,1,1,-,1,1,2,-,1,1,-,-,-,1,-,1,1,-,-,-,1,-,-,-,-,-,-,-,-,-,-,-,-,-,-,-,-,-,-,-,-,-,-,1,1,-,-,-,1,-,-,-,-,-,-,-,-,-,-,-,-,-,-,-,-,-,-,-,-,-,-,-,-,-,1,1,1,-,-,-,-,-,-,-,-,1,1,-,-,-,1,-,-,-,-,-,-,-,-,-,-,-,1,1,1,-,-,-,-,1,1,1,12
"Intolerancia, machismo",-,10,10,-,33,33,43,-,13,13,-,44,44,57,1,114,115,5,418,423,538,-,11,11,1,43,44,55,-,98,98,9,455,464,562,-,77,77,2,255,257,334,-,39,39,-,107,107,146,-,128,128,3,468,471,599,-,4,4,-,9,9,13,-,16,16,-,68,68,84,-,20,20,-,95,95,115,-,42,42,6,178,184,226,1,57,58,9,268,277,335,-,18,18,1,69,70,88,1,99,100,2,361,363,463,-,9,9,-,23,23,32,-,19,19,1,81,82,101,-,48,48,1,137,138,186,-,52,52,2,216,218,270,-,30,30,4,88,92,122,4369
Otras razones,-,-,-,-,-,-,-,-,-,-,-,-,-,-,-,-,-,-,6,6,6,-,-,-,-,1,1,1,-,1,1,1,1,2,3,-,-,-,-,1,1,1,-,-,-,-,1,1,1,-,-,-,-,1,1,1,-,-,-,-,-,-,-,-,-,-,-,1,1,1,-,-,-,-,-,-,-,-,1,1,-,4,4,5,-,1,1,-,2,2,3,-,-,-,-,-,-,-,-,1,1,-,-,-,1,-,-,-,-,1,1,1,-,-,-,-,-,-,-,-,-,-,-,1,1,1,-,-,-,-,-,-,-,-,1,1,-,-,-,1,26
Sin información,-,-,-,-,3,3,3,-,1,1,-,2,2,3,-,7,7,3,38,41,48,-,2,2,-,8,8,10,-,7,7,1,26,27,34,-,10,10,1,30,31,41,-,5,5,-,17,17,22,-,11,11,-,45,45,56,-,1,1,-,-,-,1,-,-,-,-,5,5,5,-,4,4,-,10,10,14,-,5,5,-,16,16,21,-,8,8,1,25,26,34,-,-,-,-,6,6,6,-,11,11,1,19,20,31,-,1,1,-,3,3,4,-,3,3,-,8,8,11,-,8,8,-,12,12,20,-,2,2,1,19,20,22,-,7,7,2,15,17,24,410
TOTAL,-,18,18,-,77,77,95,-,17,17,-,90,90,107,1,185,186,15,852,867,1053,-,14,14,2,92,94,108,-,159,159,20,970,990,1149,-,126,126,7,499,506,632,-,53,53,-,194,194,247,-,211,211,5,963,968,1179,-,6,6,-,18,18,24,-,24,24,1,125,126,150,-,38,38,-,175,175,213,-,73,73,6,368,374,447,1,116,117,12,552,564,681,-,24,24,1,125,126,150,1,178,179,7,780,787,966,-,16,16,-,54,54,70,-,33,33,3,170,173,206,-,73,73,1,268,269,342,-,80,80,10,435,445,525,-,45,45,7,163,170,215,8559
VARIABLE: MECANISMO CAUSAL,,,,,,,,,,,,,,,,,,,,,,,,,,,,,,,,,,,,,,,,,,,,,,,,,,,,,,,,,,,,,,,,,,,,,,,,,,,,,,,,,,,,,,,,,,,,,,,,,,,,,,,,,,,,,,,,,,,,,,,,,,,,,,,,,,,,,,,,,,,,,
Abrasivo,-,4,4,-,1,1,5,-,1,1,-,-,-,1,-,16,16,-,17,17,33,-,-,-,-,3,3,3,-,14,14,-,17,17,31,-,7,7,-,3,3,10,-,4,4,-,4,4,8,-,22,22,-,10,10,32,-,-,-,-,-,-,-,-,1,1,-,2,2,3,-,1,1,-,2,2,3,-,9,9,-,5,5,14,1,10,11,-,8,8,19,-,4,4,-,-,-,4,-,28,28,-,14,14,42,-,2,2,-,-,-,2,-,2,2,-,3,3,5,-,10,10,-,5,5,15,-,8,8,-,7,7,15,-,6,6,-,1,1,7,252
Agente químico,-,-,-,-,-,-,-,-,-,-,-,-,-,-,-,-,-,-,-,-,-,-,-,-,-,-,-,-,-,-,-,-,-,-,-,-,-,-,-,-,-,-,-,-,-,-,-,-,-,-,-,-,-,-,-,-,-,-,-,-,-,-,-,-,-,-,-,-,-,-,-,-,-,-,1,1,1,-,-,-,-,-,-,-,-,-,-,-,-,-,-,-,-,-,-,-,-,-,-,1,1,-,-,-,1,-,-,-,-,-,-,-,-,-,-,-,-,-,-,-,-,-,-,-,-,-,-,-,-,-,-,-,-,-,-,-,-,-,-,-,2
Agentes y mecanismos biológicos,-,-,-,-,-,-,-,-,-,-,-,-,-,-,-,-,-,-,-,-,-,-,-,-,-,-,-,-,-,-,-,-,-,-,-,-,-,-,-,-,-,-,-,-,-,-,-,-,-,-,-,-,-,-,-,-,-,-,-,-,-,-,-,-,-,-,-,-,-,-,-,-,-,-,-,-,-,-,-,-,-,-,-,-,-,-,-,-,-,-,-,-,-,-,-,-,-,-,-,1,1,-,-,-,1,-,-,-,-,-,-,-,-,-,-,-,-,-,-,-,-,-,-,-,-,-,-,-,-,-,-,-,-,-,-,-,-,-,-,-,1
Biodinámico,-,-,-,-,-,-,-,-,-,-,-,-,-,-,-,1,1,-,2,2,3,-,-,-,-,-,-,-,-,-,-,-,1,1,1,-,1,1,-,-,-,1,-,-,-,-,-,-,-,-,-,-,-,2,2,2,-,-,-,-,-,-,-,-,-,-,-,-,-,-,-,-,-,-,-,-,-,-,-,-,-,-,-,-,-,-,-,-,-,-,-,-,-,-,-,-,-,-,-,1,1,-,-,-,1,-,-,-,-,-,-,-,-,-,-,-,1,1,1,-,-,-,-,-,-,-,-,-,-,-,-,-,-,-,-,-,-,-,-,-,9
Cáustico ,-,-,-,-,-,-,-,-,-,-,-,-,-,-,-,-,-,-,1,1,1,-,-,-,-,-,-,-,-,-,-,-,-,-,-,-,-,-,-,-,-,-,-,-,-,-,-,-,-,-,-,-,-,-,-,-,-,-,-,-,-,-,-,-,-,-,-,-,-,-,-,1,1,-,-,-,1,-,-,-,-,-,-,-,-,-,-,-,-,-,-,-,-,-,-,-,-,-,-,-,-,-,-,-,-,-,-,-,-,-,-,-,-,-,-,-,-,-,-,-,-,-,-,-,-,-,-,-,-,-,-,-,-,-,-,-,-,-,-,-,2
Contundente,-,2,2,-,43,43,45,-,2,2,-,44,44,46,-,30,30,9,378,387,417,-,6,6,1,43,44,50,-,23,23,6,446,452,475,-,30,30,1,218,219,249,-,6,6,-,102,102,108,-,26,26,3,470,473,499,-,1,1,-,9,9,10,-,2,2,-,54,54,56,-,6,6,-,93,93,99,-,5,5,1,168,169,174,-,16,16,4,247,251,267,-,3,3,-,59,59,62,-,25,25,1,373,374,399,-,4,4,-,26,26,30,-,5,5,3,86,89,94,-,12,12,1,117,118,130,-,11,11,1,218,219,230,-,10,10,4,80,84,94,3534
Cortante,-,-,-,-,-,-,-,-,-,-,-,1,1,1,1,3,4,-,5,5,9,-,-,-,-,1,1,1,-,5,5,1,8,9,14,-,2,2,-,4,4,6,-,-,-,-,-,-,-,-,2,2,-,5,5,7,-,-,-,-,-,-,-,-,-,-,-,2,2,2,-,-,-,-,2,2,2,-,2,2,-,5,5,7,-,4,4,-,1,1,5,-,1,1,-,1,1,2,-,2,2,-,2,2,4,-,-,-,-,-,-,-,-,1,1,-,1,1,2,-,1,1,-,1,1,2,-,3,3,-,1,1,4,-,-,-,-,1,1,1,69
Corto contundente,-,2,2,-,4,4,6,-,3,3,-,3,3,6,-,34,34,1,23,24,58,-,1,1,-,5,5,6,-,27,27,2,39,41,68,-,21,21,-,14,14,35,-,12,12,-,14,14,26,-,36,36,-,21,21,57,-,3,3,-,1,1,4,-,4,4,-,7,7,11,-,7,7,-,9,9,16,-,12,12,1,7,8,20,-,21,21,-,18,18,39,-,5,5,1,3,4,9,-,18,18,-,19,19,37,-,3,3,-,4,4,7,-,8,8,-,5,5,13,-,9,9,-,11,11,20,-,14,14,2,11,13,27,-,12,12,-,3,3,15,480
Corto punzante,-,-,-,-,-,-,-,-,-,-,-,-,-,-,-,7,7,-,6,6,13,-,-,-,-,-,-,-,-,4,4,-,8,8,12,-,2,2,-,1,1,3,-,2,2,-,1,1,3,-,3,3,-,7,7,10,-,-,-,-,-,-,-,-,-,-,-,1,1,1,-,-,-,-,-,-,-,-,3,3,-,4,4,7,-,3,3,-,5,5,8,-,1,1,-,1,1,2,-,4,4,-,1,1,5,-,-,-,-,-,-,-,-,1,1,-,1,1,2,-,-,-,-,1,1,1,-,2,2,1,5,6,8,-,-,-,-,-,-,-,75
Generadores de asfixia,-,-,-,-,-,-,-,-,-,-,-,-,-,-,-,-,-,-,1,1,1,-,-,-,-,-,-,-,-,-,-,-,-,-,-,-,-,-,-,-,-,-,-,-,-,-,-,-,-,-,-,-,-,1,1,1,-,-,-,-,-,-,-,-,-,-,-,-,-,-,-,-,-,-,-,-,-,-,-,-,-,1,1,1,-,-,-,-,-,-,-,-,-,-,-,-,-,-,-,-,-,-,-,-,-,-,-,-,-,-,-,-,-,-,-,-,-,-,-,-,-,-,-,-,-,-,-,-,-,-,-,-,-,-,-,-,-,-,-,-,3
Mecanismo múltiple,-,7,7,-,18,18,25,-,10,10,-,24,24,34,-,70,70,4,213,217,287,-,4,4,1,25,26,30,-,64,64,6,262,268,332,-,48,48,1,131,132,180,-,21,21,-,45,45,66,-,93,93,2,278,280,373,-,2,2,-,5,5,7,-,15,15,1,36,37,52,-,19,19,-,32,32,51,-,32,32,1,127,128,160,-,47,47,6,172,178,225,-,7,7,-,34,34,41,1,62,63,5,215,220,283,-,6,6,-,15,15,21,-,14,14,-,39,39,53,-,24,24,-,69,69,93,-,33,33,5,129,134,167,-,10,10,1,48,49,59,2539
Proyectil de arma de fuego,-,-,-,-,-,-,-,-,-,-,-,-,-,-,-,-,-,-,-,-,-,-,-,-,-,-,-,-,-,-,-,-,2,2,2,-,-,-,-,-,-,-,-,-,-,-,-,-,-,-,-,-,-,2,2,2,-,-,-,-,-,-,-,-,-,-,-,-,-,-,-,-,-,-,-,-,-,-,-,-,-,-,-,-,-,-,-,-,-,-,-,-,-,-,-,-,-,-,-,-,-,-,-,-,-,-,-,-,-,-,-,-,-,-,-,-,-,-,-,-,-,-,-,1,1,1,-,-,-,-,-,-,-,-,-,-,-,-,-,-,5
Punzante,-,-,-,-,-,-,-,-,-,-,-,-,-,-,-,-,-,-,1,1,1,-,-,-,-,-,-,-,-,-,-,-,1,1,1,-,-,-,-,1,1,1,-,-,-,-,-,-,-,-,-,-,-,1,1,1,-,-,-,-,-,-,-,-,-,-,-,-,-,-,-,-,-,-,1,1,1,-,-,-,-,-,-,-,-,-,-,-,-,-,-,-,-,-,-,-,-,-,-,-,-,-,-,-,-,-,-,-,-,-,-,-,-,-,-,-,-,-,-,-,-,-,-,-,-,-,-,-,-,-,-,-,-,-,-,-,-,-,-,-,5
Térmico,-,-,-,-,1,1,1,-,-,-,-,-,-,-,-,-,-,-,-,-,-,-,-,-,-,-,-,-,-,-,-,-,1,1,1,-,-,-,-,-,-,-,-,-,-,-,-,-,-,-,-,-,-,-,-,-,-,-,-,-,-,-,-,-,-,-,-,-,-,-,-,-,-,-,-,-,-,-,-,-,-,-,-,-,-,-,-,-,-,-,-,-,-,-,-,-,-,-,-,-,-,-,-,-,-,-,-,-,-,-,-,-,-,-,-,-,-,-,-,-,-,-,-,-,-,-,-,-,-,-,-,-,-,-,-,-,-,-,-,-,2
Por determinar,-,3,3,-,10,10,13,-,1,1,-,18,18,19,-,24,24,1,205,206,230,-,3,3,-,15,15,18,-,22,22,5,185,190,212,-,15,15,5,127,132,147,-,8,8,-,28,28,36,-,29,29,-,166,166,195,-,-,-,-,3,3,3,-,2,2,-,23,23,25,-,4,4,-,35,35,39,-,10,10,3,51,54,64,-,15,15,2,101,103,118,-,3,3,-,27,27,30,-,36,36,1,156,157,193,-,1,1,-,9,9,10,-,2,2,-,34,34,36,-,17,17,-,63,63,80,-,9,9,1,64,65,74,-,7,7,2,30,32,39,1581
TOTAL,-,18,18,-,77,77,95,-,17,17,-,90,90,107,1,185,186,15,852,867,1053,-,14,14,2,92,94,108,-,159,159,20,970,990,1149,-,126,126,7,499,506,632,-,53,53,-,194,194,247,-,211,211,5,963,968,1179,-,6,6,-,18,18,24,-,24,24,1,125,126,150,-,38,38,-,175,175,213,-,73,73,6,368,374,447,1,116,117,12,552,564,681,-,24,24,1,125,126,150,1,178,179,7,780,787,966,-,16,16,-,54,54,70,-,33,33,3,170,173,206,-,73,73,1,268,269,342,-,80,80,10,435,445,525,-,45,45,7,163,170,215,8559
VARIABLE: DIAGNÓSTICO TOPOGRÁFICO DE LA LESIÓN,,,,,,,,,,,,,,,,,,,,,,,,,,,,,,,,,,,,,,,,,,,,,,,,,,,,,,,,,,,,,,,,,,,,,,,,,,,,,,,,,,,,,,,,,,,,,,,,,,,,,,,,,,,,,,,,,,,,,,,,,,,,,,,,,,,,,,,,,,,,,
Piel y faneras,-,1,1,-,3,3,4,-,-,-,-,2,2,2,-,8,8,1,21,22,30,-,-,-,-,4,4,4,-,3,3,1,31,32,35,-,3,3,-,17,17,20,-,1,1,-,4,4,5,-,5,5,-,26,26,31,-,-,-,-,-,-,-,-,1,1,-,3,3,4,-,4,4,-,3,3,7,-,1,1,-,8,8,9,-,6,6,1,14,15,21,-,1,1,-,2,2,3,-,6,6,1,19,20,26,-,1,1,-,2,2,3,-,1,1,-,5,5,6,-,1,1,-,6,6,7,-,3,3,1,11,12,15,-,3,3,2,9,11,14,246
Politraumatismo,-,8,8,-,40,40,48,-,12,12,-,37,37,49,1,77,78,12,358,370,448,-,1,1,2,36,38,39,-,72,72,9,443,452,524,-,50,50,2,202,204,254,-,28,28,-,82,82,110,-,95,95,5,455,460,555,-,2,2,-,9,9,11,-,14,14,1,51,52,66,-,17,17,-,68,68,85,-,38,38,2,189,191,229,-,51,51,6,241,247,298,-,6,6,-,49,49,55,1,72,73,5,358,363,436,-,9,9,-,22,22,31,-,16,16,2,83,85,101,-,26,26,1,116,117,143,-,31,31,6,217,223,254,-,14,14,1,62,63,77,3813
Trauma área Pélvica,-,-,-,-,-,-,-,-,-,-,-,-,-,-,-,-,-,-,1,1,1,-,-,-,-,-,-,-,-,-,-,-,2,2,2,-,1,1,-,-,-,1,-,1,1,-,-,-,1,-,-,-,-,1,1,1,-,-,-,-,-,-,-,-,-,-,-,-,-,-,-,-,-,-,-,-,-,-,-,-,-,-,-,-,-,-,-,-,-,-,-,-,-,-,-,-,-,-,-,-,-,-,-,-,-,-,-,-,-,-,-,-,-,-,-,-,-,-,-,-,-,-,-,-,-,-,-,-,-,-,2,2,2,-,-,-,-,1,1,1,9
Trauma craneano,-,-,-,-,1,1,1,-,-,-,-,2,2,2,-,3,3,-,5,5,8,-,-,-,-,-,-,-,-,3,3,-,7,7,10,-,3,3,-,3,3,6,-,-,-,-,5,5,5,-,2,2,-,6,6,8,-,-,-,-,1,1,1,-,-,-,-,1,1,1,-,-,-,-,5,5,5,-,-,-,-,5,5,5,-,2,2,-,7,7,9,-,-,-,-,2,2,2,-,4,4,-,7,7,11,-,1,1,-,1,1,2,-,1,1,-,1,1,2,-,-,-,-,4,4,4,-,-,-,-,7,7,7,-,1,1,-,3,3,4,93
Trauma de abdomen,-,-,-,-,-,-,-,-,-,-,-,-,-,-,-,2,2,-,-,-,2,-,-,-,-,1,1,1,-,1,1,-,1,1,2,-,-,-,-,-,-,-,-,-,-,-,-,-,-,-,1,1,-,2,2,3,-,-,-,-,-,-,-,-,-,-,-,-,-,-,-,-,-,-,1,1,1,-,-,-,1,2,3,3,-,-,-,-,3,3,3,-,-,-,-,-,-,-,-,-,-,-,-,-,-,-,-,-,-,-,-,-,-,-,-,-,-,-,-,-,-,-,-,-,-,-,-,1,1,-,-,-,1,-,-,-,-,1,1,1,17
Trauma de cuello,-,1,1,-,-,-,1,-,-,-,-,2,2,2,-,3,3,-,8,8,11,-,1,1,-,4,4,5,-,3,3,-,8,8,11,-,1,1,-,8,8,9,-,2,2,-,3,3,5,-,8,8,-,13,13,21,-,-,-,-,-,-,-,-,-,-,-,1,1,1,-,1,1,-,2,2,3,-,1,1,-,3,3,4,-,2,2,-,7,7,9,-,1,1,-,3,3,4,-,5,5,-,14,14,19,-,-,-,-,1,1,1,-,1,1,-,2,2,3,-,4,4,-,3,3,7,-,1,1,-,2,2,3,-,1,1,-,-,-,1,120
Trauma de miembros,-,4,4,-,14,14,18,-,2,2,-,12,12,14,-,31,31,-,125,125,156,-,3,3,-,19,19,22,-,25,25,2,142,144,169,-,24,24,-,70,70,94,-,6,6,-,39,39,45,-,41,41,-,155,155,196,-,1,1,-,2,2,3,-,2,2,-,24,24,26,-,4,4,-,31,31,35,-,7,7,-,51,51,58,-,14,14,-,86,86,100,-,5,5,-,14,14,19,-,25,25,-,136,136,161,-,2,2,-,9,9,11,-,9,9,1,17,18,27,-,13,13,-,34,34,47,-,19,19,1,55,56,75,-,6,6,-,24,24,30,1306
Trauma de tórax,-,-,-,-,2,2,2,-,-,-,-,1,1,1,-,2,2,-,12,12,14,-,2,2,-,-,-,2,-,3,3,-,14,14,17,-,3,3,-,8,8,11,-,1,1,-,2,2,3,-,8,8,-,13,13,21,-,1,1,-,-,-,1,-,1,1,-,3,3,4,-,-,-,-,3,3,3,-,4,4,-,4,4,8,-,1,1,-,12,12,13,-,1,1,-,2,2,3,-,5,5,-,12,12,17,-,-,-,-,1,1,1,-,-,-,-,1,1,1,-,3,3,-,3,3,6,-,1,1,-,5,5,6,-,3,3,-,2,2,5,139
Trauma facial,-,1,1,-,7,7,8,-,2,2,-,16,16,18,-,35,35,1,119,120,155,-,4,4,-,14,14,18,-,22,22,3,130,133,155,-,26,26,1,65,66,92,-,7,7,-,32,32,39,-,23,23,-,128,128,151,-,2,2,-,3,3,5,-,4,4,-,19,19,23,-,7,7,-,27,27,34,-,12,12,-,58,58,70,1,25,26,3,86,89,115,-,7,7,1,28,29,36,-,27,27,-,86,86,113,-,2,2,-,9,9,11,-,3,3,-,27,27,30,-,10,10,-,39,39,49,-,16,16,1,73,74,90,-,10,10,1,31,32,42,1254
Por determinar,-,3,3,-,10,10,13,-,1,1,-,18,18,19,-,24,24,1,203,204,228,-,3,3,-,14,14,17,-,27,27,5,192,197,224,-,15,15,4,126,130,145,-,7,7,-,27,27,34,-,28,28,-,164,164,192,-,-,-,-,3,3,3,-,2,2,-,23,23,25,-,5,5,-,35,35,40,-,10,10,3,48,51,61,-,15,15,2,96,98,113,-,3,3,-,25,25,28,-,34,34,1,148,149,183,-,1,1,-,9,9,10,-,2,2,-,34,34,36,-,16,16,-,63,63,79,-,8,8,1,63,64,72,-,7,7,3,30,33,40,1562
TOTAL,-,18,18,-,77,77,95,-,17,17,-,90,90,107,1,185,186,15,852,867,1053,-,14,14,2,92,94,108,-,159,159,20,970,990,1149,-,126,126,7,499,506,632,-,53,53,-,194,194,247,-,211,211,5,963,968,1179,-,6,6,-,18,18,24,-,24,24,1,125,126,150,-,38,38,-,175,175,213,-,73,73,6,368,374,447,1,116,117,12,552,564,681,-,24,24,1,125,126,150,1,178,179,7,780,787,966,-,16,16,-,54,54,70,-,33,33,3,170,173,206,-,73,73,1,268,269,342,-,80,80,10,435,445,525,-,45,45,7,163,170,215,8559
VARIABLE: DÍAS DE INCAPACIDAD MÉDICO LEGAL,,,,,,,,,,,,,,,,,,,,,,,,,,,,,,,,,,,,,,,,,,,,,,,,,,,,,,,,,,,,,,,,,,,,,,,,,,,,,,,,,,,,,,,,,,,,,,,,,,,,,,,,,,,,,,,,,,,,,,,,,,,,,,,,,,,,,,,,,,,,,
1 a 30,-,15,15,-,65,65,80,-,16,16,-,71,71,87,1,160,161,14,647,661,822,-,11,11,2,76,78,89,-,134,134,13,772,785,919,-,109,109,3,371,374,483,-,45,45,-,163,163,208,-,183,183,5,787,792,975,-,5,5,-,15,15,20,-,22,22,1,100,101,123,-,33,33,-,138,138,171,-,62,62,3,315,318,380,1,100,101,10,446,456,557,-,21,21,1,97,98,119,1,142,143,6,615,621,764,-,15,15,-,41,41,56,-,31,31,3,135,138,169,-,55,55,1,200,201,256,-,70,70,9,366,375,445,-,37,37,6,134,140,177,6900
31 a 90,-,-,-,-,2,2,2,-,-,-,-,1,1,1,-,-,-,-,1,1,1,-,-,-,-,1,1,1,-,2,2,2,13,15,17,-,1,1,-,1,1,2,-,-,-,-,2,2,2,-,-,-,-,8,8,8,-,1,1,-,-,-,1,-,-,-,-,2,2,2,-,-,-,-,1,1,1,-,1,1,-,3,3,4,-,1,1,-,5,5,6,-,-,-,-,1,1,1,-,-,-,-,8,8,8,-,-,-,-,3,3,3,-,-,-,-,1,1,1,-,1,1,-,4,4,5,-,1,1,-,6,6,7,-,-,-,-,-,-,-,73
Cero días y Sin información,-,3,3,-,10,10,13,-,1,1,-,18,18,19,-,25,25,1,204,205,230,-,3,3,-,15,15,18,-,23,23,5,185,190,213,-,16,16,4,127,131,147,-,8,8,-,29,29,37,-,28,28,-,168,168,196,-,-,-,-,3,3,3,-,2,2,-,23,23,25,-,5,5,-,36,36,41,-,10,10,3,50,53,63,-,15,15,2,101,103,118,-,3,3,-,27,27,30,-,36,36,1,157,158,194,-,1,1,-,10,10,11,-,2,2,-,34,34,36,-,17,17,-,64,64,81,-,9,9,1,63,64,73,-,8,8,1,29,30,38,1586
TOTAL,-,18,18,-,77,77,95,-,17,17,-,90,90,107,1,185,186,15,852,867,1053,-,14,14,2,92,94,108,-,159,159,20,970,990,1149,-,126,126,7,499,506,632,-,53,53,-,194,194,247,-,211,211,5,963,968,1179,-,6,6,-,18,18,24,-,24,24,1,125,126,150,-,38,38,-,175,175,213,-,73,73,6,368,374,447,1,116,117,12,552,564,681,-,24,24,1,125,126,150,1,178,179,7,780,787,966,-,16,16,-,54,54,70,-,33,33,3,170,173,206,-,73,73,1,268,269,342,-,80,80,10,435,445,525,-,45,45,7,163,170,215,8559
VARIABLE: PAÍS DE NACIMIENTO DE LA VÍCTIMA,,,,,,,,,,,,,,,,,,,,,,,,,,,,,,,,,,,,,,,,,,,,,,,,,,,,,,,,,,,,,,,,,,,,,,,,,,,,,,,,,,,,,,,,,,,,,,,,,,,,,,,,,,,,,,,,,,,,,,,,,,,,,,,,,,,,,,,,,,,,,
Argentina,-,-,-,-,-,-,-,-,-,-,-,-,-,-,-,-,-,-,-,-,-,-,-,-,-,-,-,-,-,-,-,-,-,-,-,-,-,-,-,-,-,-,-,-,-,-,-,-,-,-,-,-,-,-,-,-,-,-,-,-,-,-,-,-,-,-,-,-,-,-,-,-,-,-,1,1,1,-,-,-,-,-,-,-,-,-,-,-,-,-,-,-,-,-,-,-,-,-,-,-,-,-,-,-,-,-,-,-,-,-,-,-,-,-,-,-,-,-,-,-,-,-,-,-,-,-,-,-,-,-,-,-,-,-,-,-,-,-,-,-,1
Aruba,-,-,-,-,-,-,-,-,-,-,-,-,-,-,-,-,-,-,-,-,-,-,-,-,-,-,-,-,-,-,-,-,-,-,-,-,-,-,-,-,-,-,-,-,-,-,-,-,-,-,-,-,-,-,-,-,-,-,-,-,-,-,-,-,-,-,-,-,-,-,-,-,-,-,-,-,-,-,-,-,-,-,-,-,-,-,-,-,-,-,-,-,-,-,-,-,-,-,-,1,1,-,-,-,1,-,-,-,-,-,-,-,-,-,-,-,-,-,-,-,-,-,-,-,-,-,-,-,-,-,-,-,-,-,-,-,-,-,-,-,1
Bolivia,-,-,-,-,-,-,-,-,-,-,-,-,-,-,-,-,-,-,-,-,-,-,-,-,-,-,-,-,-,-,-,-,1,1,1,-,-,-,-,-,-,-,-,-,-,-,-,-,-,-,-,-,-,-,-,-,-,-,-,-,-,-,-,-,-,-,-,-,-,-,-,-,-,-,-,-,-,-,-,-,-,-,-,-,-,-,-,-,-,-,-,-,-,-,-,-,-,-,-,-,-,-,-,-,-,-,-,-,-,-,-,-,-,-,-,-,-,-,-,-,-,-,-,-,-,-,-,-,-,-,-,-,-,-,-,-,-,-,-,-,1
Brasil,-,-,-,-,-,-,-,-,-,-,-,-,-,-,-,-,-,-,-,-,-,-,-,-,-,-,-,-,-,-,-,-,-,-,-,-,-,-,-,-,-,-,-,-,-,-,-,-,-,-,-,-,-,-,-,-,-,-,-,-,-,-,-,-,-,-,-,-,-,-,-,-,-,-,-,-,-,-,-,-,-,-,-,-,-,-,-,-,-,-,-,-,-,-,-,-,-,-,-,-,-,-,-,-,-,-,-,-,-,-,-,-,-,-,-,-,-,-,-,-,-,-,-,-,-,-,-,-,-,-,-,-,-,-,-,-,-,1,1,1,1
Colombia,-,15,15,-,70,70,85,-,16,16,-,85,85,101,1,178,179,15,816,831,1010,-,13,13,2,86,88,101,-,154,154,19,938,957,1111,-,122,122,6,473,479,601,-,52,52,-,182,182,234,-,202,202,4,900,904,1106,-,6,6,-,17,17,23,-,23,23,1,109,110,133,-,36,36,-,167,167,203,-,69,69,6,348,354,423,1,109,110,12,534,546,656,-,22,22,1,113,114,136,1,162,163,7,733,740,903,-,16,16,-,50,50,66,-,29,29,1,160,161,190,-,65,65,1,248,249,314,-,79,79,10,428,438,517,-,43,43,7,148,155,198,8111
Cuba,-,-,-,-,-,-,-,-,-,-,-,-,-,-,-,-,-,-,-,-,-,-,-,-,-,-,-,-,-,-,-,-,-,-,-,-,-,-,-,-,-,-,-,-,-,-,-,-,-,-,-,-,-,-,-,-,-,-,-,-,-,-,-,-,-,-,-,-,-,-,-,-,-,-,1,1,1,-,-,-,-,-,-,-,-,-,-,-,-,-,-,-,-,-,-,-,-,-,-,-,-,-,-,-,-,-,-,-,-,-,-,-,-,-,-,-,-,-,-,-,-,-,-,-,-,-,-,-,-,-,-,-,-,-,-,-,-,-,-,-,1
Ecuador,-,-,-,-,1,1,1,-,-,-,-,-,-,-,-,-,-,-,-,-,-,-,-,-,-,-,-,-,-,-,-,-,-,-,-,-,-,-,-,-,-,-,-,-,-,-,-,-,-,-,1,1,-,1,1,2,-,-,-,-,-,-,-,-,-,-,-,-,-,-,-,-,-,-,-,-,-,-,-,-,-,-,-,-,-,-,-,-,-,-,-,-,-,-,-,-,-,-,-,-,-,-,-,-,-,-,-,-,-,-,-,-,-,-,-,-,-,-,-,-,-,-,-,-,-,-,-,-,-,-,-,-,-,-,-,-,-,-,-,-,3
Estados Unidos,-,-,-,-,-,-,-,-,-,-,-,-,-,-,-,-,-,-,-,-,-,-,-,-,-,-,-,-,-,-,-,-,-,-,-,-,1,1,-,-,-,1,-,-,-,-,-,-,-,-,-,-,-,-,-,-,-,-,-,-,-,-,-,-,-,-,-,-,-,-,-,-,-,-,-,-,-,-,-,-,-,-,-,-,-,-,-,-,-,-,-,-,-,-,-,-,-,-,-,1,1,-,-,-,1,-,-,-,-,-,-,-,-,-,-,-,-,-,-,-,-,-,-,-,-,-,-,-,-,-,-,-,-,-,-,-,-,-,-,-,2
Madagascar,-,-,-,-,-,-,-,-,-,-,-,-,-,-,-,-,-,-,-,-,-,-,-,-,-,-,-,-,-,-,-,-,-,-,-,-,-,-,-,-,-,-,-,-,-,-,-,-,-,-,-,-,-,-,-,-,-,-,-,-,-,-,-,-,-,-,-,-,-,-,-,-,-,-,-,-,-,-,-,-,-,-,-,-,-,-,-,-,-,-,-,-,-,-,-,-,-,-,-,1,1,-,-,-,1,-,-,-,-,-,-,-,-,-,-,-,-,-,-,-,-,-,-,-,-,-,-,-,-,-,-,-,-,-,-,-,-,-,-,-,1
México,-,-,-,-,-,-,-,-,-,-,-,-,-,-,-,-,-,-,-,-,-,-,-,-,-,-,-,-,-,-,-,-,-,-,-,-,-,-,-,-,-,-,-,-,-,-,-,-,-,-,-,-,-,-,-,-,-,-,-,-,-,-,-,-,-,-,-,-,-,-,-,-,-,-,-,-,-,-,-,-,-,-,-,-,-,-,-,-,-,-,-,-,-,-,-,-,-,-,-,-,-,-,-,-,-,-,-,-,-,-,-,-,-,-,-,-,-,-,-,-,-,-,-,1,1,1,-,-,-,-,-,-,-,-,-,-,-,1,1,1,2
Nicaragua,-,-,-,-,-,-,-,-,-,-,-,-,-,-,-,-,-,-,-,-,-,-,-,-,-,-,-,-,-,-,-,-,-,-,-,-,-,-,-,1,1,1,-,-,-,-,-,-,-,-,-,-,-,-,-,-,-,-,-,-,-,-,-,-,-,-,-,-,-,-,-,-,-,-,-,-,-,-,-,-,-,-,-,-,-,-,-,-,-,-,-,-,-,-,-,-,-,-,-,-,-,-,-,-,-,-,-,-,-,-,-,-,-,-,-,-,-,-,-,-,-,-,-,-,-,-,-,-,-,-,-,-,-,-,-,-,-,-,-,-,1
Países Bajos,-,-,-,-,-,-,-,-,-,-,-,-,-,-,-,-,-,-,-,-,-,-,-,-,-,-,-,-,-,-,-,-,-,-,-,-,-,-,-,-,-,-,-,-,-,-,-,-,-,-,-,-,-,-,-,-,-,-,-,-,-,-,-,-,-,-,-,-,-,-,-,-,-,-,-,-,-,-,-,-,-,-,-,-,-,-,-,-,-,-,-,-,-,-,-,-,-,-,-,1,1,-,-,-,1,-,-,-,-,-,-,-,-,-,-,-,-,-,-,-,-,-,-,-,-,-,-,-,-,-,-,-,-,-,-,-,-,-,-,-,1
Paraguay,-,-,-,-,-,-,-,-,-,-,-,-,-,-,-,-,-,-,-,-,-,-,-,-,-,1,1,1,-,-,-,-,-,-,-,-,-,-,-,-,-,-,-,-,-,-,-,-,-,-,-,-,-,-,-,-,-,-,-,-,-,-,-,-,-,-,-,-,-,-,-,-,-,-,-,-,-,-,-,-,-,-,-,-,-,-,-,-,-,-,-,-,-,-,-,-,-,-,-,-,-,-,-,-,-,-,-,-,-,-,-,-,-,-,-,-,-,-,-,-,-,-,-,-,-,-,-,-,-,-,-,-,-,-,-,-,-,-,-,-,1
Perú,-,-,-,-,-,-,-,-,-,-,-,-,-,-,-,-,-,-,-,-,-,-,-,-,-,-,-,-,-,1,1,-,-,-,1,-,-,-,-,-,-,-,-,-,-,-,-,-,-,-,-,-,-,-,-,-,-,-,-,-,-,-,-,-,-,-,-,-,-,-,-,-,-,-,-,-,-,-,-,-,-,-,-,-,-,1,1,-,-,-,1,-,-,-,-,-,-,-,-,-,-,-,-,-,-,-,-,-,-,-,-,-,-,-,-,-,-,-,-,-,-,-,-,-,-,-,-,-,-,-,-,-,-,-,-,-,-,-,-,-,2
Venezuela,-,2,2,-,6,6,8,-,1,1,-,5,5,6,-,4,4,-,36,36,40,-,1,1,-,5,5,6,-,2,2,1,29,30,32,-,1,1,1,24,25,26,-,-,-,-,11,11,11,-,7,7,1,60,61,68,-,-,-,-,1,1,1,-,1,1,-,16,16,17,-,1,1,-,5,5,6,-,3,3,-,19,19,22,-,4,4,-,18,18,22,-,2,2,-,12,12,14,-,7,7,-,43,43,50,-,-,-,-,3,3,3,-,2,2,2,10,12,14,-,7,7,-,19,19,26,-,-,-,-,7,7,7,-,2,2,-,13,13,15,394
Sin información,-,1,1,-,-,-,1,-,-,-,-,-,-,-,-,3,3,-,-,-,3,-,-,-,-,-,-,-,-,2,2,-,2,2,4,-,2,2,-,1,1,3,-,1,1,-,1,1,2,-,1,1,-,2,2,3,-,-,-,-,-,-,-,-,-,-,-,-,-,-,-,1,1,-,1,1,2,-,1,1,-,1,1,2,-,2,2,-,-,-,2,-,-,-,-,-,-,-,-,5,5,-,4,4,9,-,-,-,-,1,1,1,-,2,2,-,-,-,2,-,1,1,-,-,-,1,-,1,1,-,-,-,1,-,-,-,-,-,-,-,36
TOTAL,-,18,18,-,77,77,95,-,17,17,-,90,90,107,1,185,186,15,852,867,1053,-,14,14,2,92,94,108,-,159,159,20,970,990,1149,-,126,126,7,499,506,632,-,53,53,-,194,194,247,-,211,211,5,963,968,1179,-,6,6,-,18,18,24,-,24,24,1,125,126,150,-,38,38,-,175,175,213,-,73,73,6,368,374,447,1,116,117,12,552,564,681,-,24,24,1,125,126,150,1,178,179,7,780,787,966,-,16,16,-,54,54,70,-,33,33,3,170,173,206,-,73,73,1,268,269,342,-,80,80,10,435,445,525,-,45,45,7,163,170,215,8559
VARIABLE: ESCENARIO DEL HECHO,,,,,,,,,,,,,,,,,,,,,,,,,,,,,,,,,,,,,,,,,,,,,,,,,,,,,,,,,,,,,,,,,,,,,,,,,,,,,,,,,,,,,,,,,,,,,,,,,,,,,,,,,,,,,,,,,,,,,,,,,,,,,,,,,,,,,,,,,,,,,
Áreas deportivas y/o recreativas,-,-,-,-,-,-,-,-,-,-,-,1,1,1,-,1,1,-,5,5,6,-,-,-,-,-,-,-,-,-,-,-,4,4,4,-,2,2,-,1,1,3,-,-,-,-,-,-,-,-,2,2,-,3,3,5,-,1,1,-,-,-,1,-,1,1,-,-,-,1,-,-,-,-,4,4,4,-,-,-,-,3,3,3,-,1,1,-,6,6,7,-,3,3,-,2,2,5,-,2,2,-,5,5,7,-,-,-,-,1,1,1,-,-,-,-,-,-,-,-,-,-,-,1,1,1,-,-,-,-,2,2,2,-,-,-,-,2,2,2,53
"Calle (autopista, avenida, dentro de la ciudad)",-,2,2,-,13,13,15,-,1,1,-,13,13,14,1,23,24,3,109,112,136,-,2,2,1,23,24,26,-,22,22,4,92,96,118,-,19,19,1,61,62,81,-,11,11,-,29,29,40,-,31,31,-,105,105,136,-,1,1,-,6,6,7,-,-,-,-,24,24,24,-,10,10,-,25,25,35,-,4,4,1,50,51,55,-,25,25,-,84,84,109,-,3,3,1,13,14,17,-,18,18,-,80,80,98,-,1,1,-,5,5,6,-,7,7,-,24,24,31,-,12,12,-,30,30,42,-,12,12,3,59,62,74,-,18,18,4,49,53,71,1135
Carretera (fuera de la ciudad),-,-,-,-,-,-,-,-,-,-,-,-,-,-,-,-,-,-,-,-,-,-,-,-,-,-,-,-,-,-,-,-,1,1,1,-,-,-,-,-,-,-,-,-,-,-,-,-,-,-,-,-,-,-,-,-,-,-,-,-,-,-,-,-,-,-,-,-,-,-,-,-,-,-,-,-,-,-,-,-,-,-,-,-,-,-,-,-,-,-,-,-,-,-,-,-,-,-,-,-,-,-,2,2,2,-,-,-,-,-,-,-,-,-,-,-,1,1,1,-,-,-,-,1,1,1,-,-,-,-,-,-,-,-,-,-,-,-,-,-,5
"Centro de atención médica (hospital, clínica, consultorio, etc.)",-,-,-,-,-,-,-,-,-,-,-,-,-,-,-,-,-,-,-,-,-,-,-,-,-,-,-,-,-,-,-,-,1,1,1,-,-,-,-,-,-,-,-,-,-,-,-,-,-,-,-,-,-,1,1,1,-,-,-,-,-,-,-,-,-,-,-,-,-,-,-,-,-,-,-,-,-,-,-,-,-,-,-,-,-,1,1,-,-,-,1,-,-,-,-,-,-,-,-,-,-,-,1,1,1,-,-,-,-,-,-,-,-,-,-,-,-,-,-,-,-,-,-,-,-,-,-,-,-,-,-,-,-,-,-,-,-,-,-,-,4
Centros de reclusión,-,-,-,-,-,-,-,-,-,-,-,-,-,-,-,-,-,-,-,-,-,-,-,-,-,-,-,-,-,-,-,-,-,-,-,-,-,-,-,-,-,-,-,-,-,-,-,-,-,-,-,-,-,-,-,-,-,-,-,-,-,-,-,-,-,-,-,-,-,-,-,-,-,-,-,-,-,-,-,-,-,-,-,-,-,-,-,-,1,1,1,-,-,-,-,-,-,-,-,-,-,-,-,-,-,-,-,-,-,-,-,-,-,-,-,-,-,-,-,-,-,-,-,-,-,-,-,-,-,-,1,1,1,-,-,-,-,-,-,-,2
Centros educativos,-,-,-,-,-,-,-,-,-,-,-,-,-,-,-,-,-,-,1,1,1,-,-,-,-,-,-,-,-,-,-,1,-,1,1,-,-,-,-,-,-,-,-,-,-,-,-,-,-,-,-,-,-,1,1,1,-,-,-,-,-,-,-,-,-,-,-,-,-,-,-,-,-,-,-,-,-,-,-,-,-,-,-,-,-,-,-,-,-,-,-,-,-,-,-,-,-,-,-,-,-,-,-,-,-,-,-,-,-,-,-,-,-,-,-,-,1,1,1,-,-,-,-,1,1,1,-,-,-,-,-,-,-,-,-,-,-,-,-,-,5
"Espacios terrestres al aire libre (bosque, potrero, montaña, playa, etc.)",-,-,-,-,-,-,-,-,-,-,-,-,-,-,-,2,2,-,-,-,2,-,-,-,-,-,-,-,-,-,-,1,-,1,1,-,-,-,-,-,-,-,-,-,-,-,-,-,-,-,1,1,-,1,1,2,-,-,-,-,-,-,-,-,-,-,-,-,-,-,-,-,-,-,-,-,-,-,-,-,-,-,-,-,-,-,-,-,1,1,1,-,-,-,-,-,-,-,-,-,-,-,-,-,-,-,-,-,-,-,-,-,-,-,-,-,-,-,-,-,-,-,-,-,-,-,-,-,-,-,-,-,-,-,-,-,-,-,-,-,6
"Establecimiento comercial (tienda, centro comercial, almacén, plaza de mercado)",-,3,3,-,2,2,5,-,1,1,-,7,7,8,-,1,1,-,12,12,13,-,1,1,-,6,6,7,-,2,2,-,18,18,20,-,5,5,-,9,9,14,-,1,1,-,2,2,3,-,4,4,-,32,32,36,-,-,-,-,2,2,2,-,2,2,-,14,14,16,-,-,-,-,7,7,7,-,3,3,-,4,4,7,-,4,4,-,4,4,8,-,-,-,-,2,2,2,-,4,4,-,16,16,20,-,1,1,-,2,2,3,-,1,1,-,6,6,7,-,2,2,-,10,10,12,-,2,2,-,6,6,8,-,3,3,-,6,6,9,207
"Establecimiento industrial (fábrica, planta) y/o obras en construcción",-,-,-,-,-,-,-,-,-,-,-,-,-,-,-,-,-,-,1,1,1,-,-,-,-,-,-,-,-,-,-,-,1,1,1,-,-,-,-,-,-,-,-,-,-,-,-,-,-,-,-,-,-,-,-,-,-,-,-,-,-,-,-,-,-,-,-,1,1,1,-,-,-,-,-,-,-,-,-,-,-,-,-,-,-,-,-,-,-,-,-,-,-,-,-,-,-,-,-,-,-,-,-,-,-,-,-,-,-,1,1,1,-,-,-,-,-,-,-,-,-,-,-,-,-,-,-,-,-,-,-,-,-,-,-,-,-,-,-,-,4
"Establecimientos de expendio de comidas (restaurantes, asaderos, salsamentarias, etc.)",-,-,-,-,-,-,-,-,-,-,-,-,-,-,-,-,-,-,-,-,-,-,-,-,-,-,-,-,-,1,1,-,-,-,1,-,-,-,-,1,1,1,-,-,-,-,-,-,-,-,2,2,-,3,3,5,-,-,-,-,-,-,-,-,-,-,-,-,-,-,-,-,-,-,-,-,-,-,-,-,-,-,-,-,-,1,1,-,1,1,2,-,-,-,-,1,1,1,-,-,-,-,-,-,-,-,-,-,-,-,-,-,-,-,-,-,1,1,1,-,-,-,-,-,-,-,-,-,-,-,-,-,-,-,-,-,-,-,-,-,11
"Establecimientos dedicados a la administración pública (cortes, juzgados, ministerios, etc.)",-,-,-,-,-,-,-,-,-,-,-,-,-,-,-,-,-,-,1,1,1,-,-,-,-,-,-,-,-,-,-,-,-,-,-,-,1,1,-,-,-,1,-,1,1,-,-,-,1,-,-,-,-,-,-,-,-,-,-,-,-,-,-,-,-,-,-,-,-,-,-,-,-,-,-,-,-,-,-,-,-,-,-,-,-,-,-,-,-,-,-,-,-,-,-,-,-,-,-,1,1,-,2,2,3,-,-,-,-,-,-,-,-,-,-,-,-,-,-,-,-,-,-,-,-,-,-,-,-,-,-,-,-,-,-,-,-,-,-,-,6
Estaciones de servicio (bombas de gasolina),-,-,-,-,-,-,-,-,-,-,-,-,-,-,-,-,-,-,1,1,1,-,-,-,-,-,-,-,-,-,-,-,1,1,1,-,-,-,-,-,-,-,-,-,-,-,-,-,-,-,-,-,-,-,-,-,-,-,-,-,-,-,-,-,-,-,-,-,-,-,-,-,-,-,-,-,-,-,-,-,-,1,1,1,-,-,-,-,-,-,-,-,-,-,-,-,-,-,-,-,-,-,-,-,-,-,-,-,-,-,-,-,-,-,-,-,-,-,-,-,-,-,-,-,-,-,-,-,-,-,-,-,-,-,-,-,-,-,-,-,3
"Lugares de actividades culturales (cines, teatros, museos, bibliotecas, etc.)",-,-,-,-,-,-,-,-,-,-,-,-,-,-,-,-,-,-,1,1,1,-,-,-,-,-,-,-,-,-,-,-,-,-,-,-,-,-,-,1,1,1,-,-,-,-,-,-,-,-,1,1,-,1,1,2,-,-,-,-,-,-,-,-,-,-,-,-,-,-,-,-,-,-,-,-,-,-,-,-,-,-,-,-,-,-,-,-,-,-,-,-,-,-,-,-,-,-,-,-,-,-,-,-,-,-,1,1,-,-,-,1,-,-,-,-,-,-,-,-,-,-,-,-,-,-,-,-,-,-,-,-,-,-,1,1,-,-,-,1,6
"Lugares de cuidado de personas (hospicios, orfelinatos, hogares geriátricos, etc.)",-,-,-,-,-,-,-,-,-,-,-,-,-,-,-,-,-,-,-,-,-,-,-,-,-,-,-,-,-,-,-,-,-,-,-,-,-,-,-,1,1,1,-,-,-,-,-,-,-,-,-,-,-,-,-,-,-,-,-,-,-,-,-,-,-,-,-,-,-,-,-,-,-,-,-,-,-,-,-,-,-,-,-,-,-,-,-,-,-,-,-,-,-,-,-,-,-,-,-,-,-,-,1,1,1,-,-,-,-,-,-,-,-,-,-,-,-,-,-,-,-,-,-,-,-,-,-,-,-,-,-,-,-,-,-,-,-,-,-,-,2
Lugares de esparcimiento con expendio de alcohol,-,-,-,-,-,-,-,-,-,-,-,-,-,-,-,-,-,-,4,4,4,-,-,-,-,1,1,1,-,-,-,-,4,4,4,-,-,-,-,2,2,2,-,-,-,-,2,2,2,-,1,1,-,1,1,2,-,-,-,-,-,-,-,-,-,-,-,2,2,2,-,1,1,-,2,2,3,-,1,1,-,-,-,1,-,1,1,-,1,1,2,-,-,-,-,1,1,1,-,-,-,-,2,2,2,-,-,-,-,-,-,-,-,-,-,-,-,-,-,-,-,-,-,1,1,1,-,-,-,-,-,-,-,-,-,-,-,2,2,2,29
"Lugares de hospedaje (hoteles, campamentos y otros tipos de hospedaje no permanente, moteles, etc.)",-,-,-,-,-,-,-,-,2,2,-,4,4,6,-,8,8,-,19,19,27,-,-,-,-,9,9,9,-,3,3,-,21,21,24,-,5,5,-,13,13,18,-,3,3,-,3,3,6,-,7,7,-,24,24,31,-,-,-,-,-,-,-,-,1,1,-,4,4,5,-,1,1,-,-,-,1,-,2,2,-,12,12,14,-,7,7,-,10,10,17,-,2,2,-,7,7,9,-,49,49,2,212,214,263,-,3,3,-,1,1,4,-,2,2,-,4,4,6,-,9,9,-,23,23,32,-,2,2,-,13,13,15,-,-,-,-,10,10,10,497
Oficinas y/o edificios de oficinas,-,-,-,-,1,1,1,-,-,-,-,-,-,-,-,1,1,-,-,-,1,-,-,-,-,-,-,-,-,-,-,-,-,-,-,-,-,-,-,2,2,2,-,-,-,-,-,-,-,-,1,1,-,2,2,3,-,-,-,-,-,-,-,-,1,1,-,1,1,2,-,-,-,-,-,-,-,-,-,-,-,-,-,-,-,-,-,-,-,-,-,-,-,-,-,-,-,-,-,1,1,-,1,1,2,-,-,-,-,-,-,-,-,-,-,-,-,-,-,-,-,-,-,1,1,1,-,-,-,-,-,-,-,-,1,1,-,-,-,1,13
"Parqueaderos, estacionamientos",-,-,-,-,-,-,-,-,-,-,-,-,-,-,-,1,1,-,-,-,1,-,-,-,-,1,1,1,-,-,-,-,2,2,2,-,-,-,-,-,-,-,-,-,-,-,-,-,-,-,1,1,-,2,2,3,-,-,-,-,-,-,-,-,-,-,-,-,-,-,-,-,-,-,-,-,-,-,-,-,-,1,1,1,-,-,-,-,-,-,-,-,-,-,-,-,-,-,-,-,-,-,-,-,-,-,-,-,-,1,1,1,-,-,-,-,-,-,-,-,-,-,-,-,-,-,-,-,-,-,-,-,-,-,-,-,-,-,-,-,9
Taller,-,-,-,-,-,-,-,-,-,-,-,-,-,-,-,-,-,-,-,-,-,-,-,-,-,-,-,-,-,-,-,-,-,-,-,-,-,-,-,1,1,1,-,-,-,-,-,-,-,-,-,-,-,-,-,-,-,-,-,-,-,-,-,-,-,-,-,-,-,-,-,-,-,-,-,-,-,-,-,-,-,-,-,-,-,-,-,-,-,-,-,-,-,-,-,-,-,-,-,-,-,-,-,-,-,-,-,-,-,-,-,-,-,-,-,-,-,-,-,-,-,-,-,-,-,-,-,-,-,-,-,-,-,-,-,-,-,-,-,-,1
Terminales de pasajeros,-,-,-,-,-,-,-,-,-,-,-,-,-,-,-,-,-,-,1,1,1,-,-,-,-,-,-,-,-,-,-,-,-,-,-,-,-,-,-,-,-,-,-,-,-,-,-,-,-,-,-,-,-,-,-,-,-,-,-,-,-,-,-,-,1,1,-,-,-,1,-,-,-,-,1,1,1,-,-,-,-,1,1,1,-,-,-,-,-,-,-,-,-,-,-,-,-,-,-,-,-,-,-,-,-,-,-,-,-,-,-,-,-,-,-,-,-,-,-,-,-,-,-,-,-,-,-,-,-,-,-,-,-,-,-,-,-,-,-,-,4
Terreno baldío,-,-,-,-,-,-,-,-,-,-,-,-,-,-,-,-,-,-,-,-,-,-,-,-,-,-,-,-,-,-,-,-,-,-,-,-,-,-,-,-,-,-,-,-,-,-,1,1,1,-,-,-,-,-,-,-,-,-,-,-,-,-,-,-,-,-,-,-,-,-,-,-,-,-,-,-,-,-,-,-,-,-,-,-,-,-,-,-,-,-,-,-,-,-,-,-,-,-,-,-,-,-,-,-,-,-,-,-,-,-,-,-,-,-,-,-,-,-,-,-,-,-,-,-,-,-,-,-,-,-,1,1,1,-,-,-,-,-,-,-,2
Vehículo de servicio particular,-,-,-,-,1,1,1,-,1,1,-,-,-,1,-,-,-,-,4,4,4,-,-,-,-,3,3,3,-,1,1,-,2,2,3,-,-,-,-,3,3,3,-,-,-,-,1,1,1,-,-,-,-,6,6,6,-,-,-,-,1,1,1,-,-,-,-,2,2,2,-,-,-,-,1,1,1,-,-,-,-,-,-,-,-,1,1,-,3,3,4,-,-,-,-,-,-,-,-,1,1,-,4,4,5,-,-,-,-,2,2,2,-,1,1,-,1,1,2,-,-,-,-,6,6,6,-,-,-,-,1,1,1,-,-,-,-,4,4,4,50
Vía pública,-,1,1,-,2,2,3,-,-,-,-,4,4,4,-,3,3,1,19,20,23,-,-,-,-,3,3,3,-,16,16,4,60,64,80,-,2,2,1,21,22,24,-,-,-,-,5,5,5,-,7,7,-,31,31,38,-,-,-,-,2,2,2,-,-,-,-,10,10,10,-,2,2,-,9,9,11,-,2,2,-,20,20,22,-,3,3,-,22,22,25,-,2,2,-,11,11,13,-,4,4,-,29,29,33,-,-,-,-,2,2,2,-,3,3,-,11,11,14,-,1,1,-,6,6,7,-,1,1,1,14,15,16,-,-,-,-,9,9,9,344
Vivienda,-,12,12,-,57,57,69,-,12,12,-,60,60,72,-,145,145,11,672,683,828,-,11,11,1,46,47,58,-,114,114,10,761,771,885,-,92,92,5,383,388,480,-,37,37,-,151,151,188,-,153,153,5,749,754,907,-,4,4,-,7,7,11,-,18,18,1,65,66,84,-,24,24,-,125,125,149,-,61,61,5,276,281,342,1,72,73,12,417,429,502,-,14,14,-,88,88,102,1,98,99,5,425,430,529,-,10,10,-,37,37,47,-,19,19,3,121,124,143,-,49,49,1,188,189,238,-,63,63,6,338,344,407,-,22,22,2,77,79,101,6142
Zonas de actividades agropecuarias,-,-,-,-,-,-,-,-,-,-,-,-,-,-,-,-,-,-,-,-,-,-,-,-,-,-,-,-,-,-,-,-,-,-,-,-,-,-,-,-,-,-,-,-,-,-,-,-,-,-,-,-,-,-,-,-,-,-,-,-,-,-,-,-,-,-,-,-,-,-,-,-,-,-,-,-,-,-,-,-,-,-,-,-,-,-,-,-,1,1,1,-,-,-,-,-,-,-,-,-,-,-,-,-,-,-,-,-,-,-,-,-,-,-,-,-,-,-,-,-,-,-,-,-,-,-,-,-,-,-,-,-,-,-,-,-,-,-,-,-,1
Otros,-,-,-,-,1,1,1,-,-,-,-,1,1,1,-,-,-,-,1,1,1,-,-,-,-,-,-,-,-,-,-,-,2,2,2,-,-,-,-,-,-,-,-,-,-,-,-,-,-,-,-,-,-,-,-,-,-,-,-,-,-,-,-,-,-,-,-,2,2,2,-,-,-,-,1,1,1,-,-,-,-,-,-,-,-,-,-,-,-,-,-,-,-,-,-,-,-,-,-,-,-,-,-,-,-,-,-,-,-,1,1,1,-,-,-,-,-,-,-,-,-,-,-,-,-,-,-,-,-,-,-,-,-,-,-,-,-,1,1,1,10
Sin Información,-,-,-,-,-,-,-,-,-,-,-,-,-,-,-,-,-,-,1,1,1,-,-,-,-,-,-,-,-,-,-,-,-,-,-,-,-,-,-,-,-,-,-,-,-,-,-,-,-,-,-,-,-,1,1,1,-,-,-,-,-,-,-,-,-,-,-,-,-,-,-,-,-,-,-,-,-,-,-,-,-,-,-,-,-,-,-,-,1,1,1,-,-,-,-,-,-,-,-,-,-,-,-,-,-,-,-,-,-,1,1,1,-,-,-,-,-,-,-,-,-,-,-,-,-,-,-,-,-,-,-,-,-,-,-,-,1,3,4,4,8
TOTAL,-,18,18,-,77,77,95,-,17,17,-,90,90,107,1,185,186,15,852,867,1053,-,14,14,2,92,94,108,-,159,159,20,970,990,1149,-,126,126,7,499,506,632,-,53,53,-,194,194,247,-,211,211,5,963,968,1179,-,6,6,-,18,18,24,-,24,24,1,125,126,150,-,38,38,-,175,175,213,-,73,73,6,368,374,447,1,116,117,12,552,564,681,-,24,24,1,125,126,150,1,178,179,7,780,787,966,-,16,16,-,54,54,70,-,33,33,3,170,173,206,-,73,73,1,268,269,342,-,80,80,10,435,445,525,-,45,45,7,163,170,215,8559
VARIABLE: ZONA DEL HECHO,,,,,,,,,,,,,,,,,,,,,,,,,,,,,,,,,,,,,,,,,,,,,,,,,,,,,,,,,,,,,,,,,,,,,,,,,,,,,,,,,,,,,,,,,,,,,,,,,,,,,,,,,,,,,,,,,,,,,,,,,,,,,,,,,,,,,,,,,,,,,
Cabecera municipal,-,18,18,-,75,75,93,-,17,17,-,88,88,105,1,180,181,15,834,849,1030,-,14,14,2,90,92,106,-,154,154,20,950,970,1124,-,121,121,6,480,486,607,-,50,50,-,188,188,238,-,202,202,5,946,951,1153,-,6,6,-,18,18,24,-,24,24,1,116,117,141,-,37,37,-,166,166,203,-,71,71,6,359,365,436,1,114,115,12,532,544,659,-,24,24,1,123,124,148,1,167,168,7,765,772,940,-,15,15,-,51,51,66,-,30,30,2,164,166,196,-,71,71,1,259,260,331,-,74,74,10,419,429,503,-,44,44,7,158,165,209,8312
"Centro poblado (corregimiento, inspección de policía y caserío) ",-,-,-,-,2,2,2,-,-,-,-,2,2,2,-,5,5,-,18,18,23,-,-,-,-,2,2,2,-,4,4,-,15,15,19,-,5,5,1,19,20,25,-,3,3,-,6,6,9,-,4,4,-,16,16,20,-,-,-,-,-,-,-,-,-,-,-,6,6,6,-,1,1,-,9,9,10,-,2,2,-,7,7,9,-,1,1,-,20,20,21,-,-,-,-,1,1,1,-,8,8,-,15,15,23,-,1,1,-,3,3,4,-,2,2,1,6,7,9,-,2,2,-,9,9,11,-,5,5,-,13,13,18,-,-,-,-,2,2,2,216
Parte rural (vereda y campo),-,-,-,-,-,-,-,-,-,-,-,-,-,-,-,-,-,-,-,-,-,-,-,-,-,-,-,-,-,1,1,-,1,1,2,-,-,-,-,-,-,-,-,-,-,-,-,-,-,-,-,-,-,1,1,1,-,-,-,-,-,-,-,-,-,-,-,-,-,-,-,-,-,-,-,-,-,-,-,-,-,1,1,1,-,-,-,-,-,-,-,-,-,-,-,-,-,-,-,1,1,-,-,-,1,-,-,-,-,-,-,-,-,-,-,-,-,-,-,-,-,-,-,-,-,-,-,-,-,-,2,2,2,-,-,-,-,-,-,-,7
Sin información,-,-,-,-,-,-,-,-,-,-,-,-,-,-,-,-,-,-,-,-,-,-,-,-,-,-,-,-,-,-,-,-,4,4,4,-,-,-,-,-,-,-,-,-,-,-,-,-,-,-,5,5,-,-,-,5,-,-,-,-,-,-,-,-,-,-,-,3,3,3,-,-,-,-,-,-,-,-,-,-,-,1,1,1,-,1,1,-,-,-,1,-,-,-,-,1,1,1,-,2,2,-,-,-,2,-,-,-,-,-,-,-,-,1,1,-,-,-,1,-,-,-,-,-,-,-,-,1,1,-,1,1,2,-,1,1,-,3,3,4,24
TOTAL,-,18,18,-,77,77,95,-,17,17,-,90,90,107,1,185,186,15,852,867,1053,-,14,14,2,92,94,108,-,159,159,20,970,990,1149,-,126,126,7,499,506,632,-,53,53,-,194,194,247,-,211,211,5,963,968,1179,-,6,6,-,18,18,24,-,24,24,1,125,126,150,-,38,38,-,175,175,213,-,73,73,6,368,374,447,1,116,117,12,552,564,681,-,24,24,1,125,126,150,1,178,179,7,780,787,966,-,16,16,-,54,54,70,-,33,33,3,170,173,206,-,73,73,1,268,269,342,-,80,80,10,435,445,525,-,45,45,7,163,170,215,8559
VARIABLE: MES DEL HECHO,,,,,,,,,,,,,,,,,,,,,,,,,,,,,,,,,,,,,,,,,,,,,,,,,,,,,,,,,,,,,,,,,,,,,,,,,,,,,,,,,,,,,,,,,,,,,,,,,,,,,,,,,,,,,,,,,,,,,,,,,,,,,,,,,,,,,,,,,,,,,
enero,-,2,2,-,6,6,8,-,1,1,-,2,2,3,-,15,15,1,59,60,75,-,1,1,-,2,2,3,-,13,13,1,71,72,85,-,9,9,-,31,31,40,-,4,4,-,13,13,17,-,16,16,-,66,66,82,-,1,1,-,1,1,2,-,1,1,-,11,11,12,-,3,3,-,11,11,14,-,5,5,-,31,31,36,-,9,9,-,49,49,58,-,4,4,-,14,14,18,-,10,10,1,51,52,62,-,1,1,-,3,3,4,-,2,2,-,14,14,16,-,5,5,-,21,21,26,-,7,7,2,32,34,41,-,8,8,1,7,8,16,618
febrero,-,4,4,-,9,9,13,-,1,1,-,8,8,9,-,23,23,-,71,71,94,-,1,1,-,12,12,13,-,4,4,2,82,84,88,-,15,15,1,38,39,54,-,4,4,-,29,29,33,-,21,21,1,78,79,100,-,1,1,-,2,2,3,-,3,3,-,10,10,13,-,5,5,-,12,12,17,-,4,4,-,30,30,34,-,6,6,1,50,51,57,-,2,2,-,6,6,8,1,10,11,1,62,63,74,-,-,-,-,-,-,-,-,4,4,1,9,10,14,-,7,7,-,18,18,25,-,7,7,1,37,38,45,-,3,3,-,17,17,20,714
marzo,-,1,1,-,6,6,7,-,4,4,-,8,8,12,1,18,19,-,77,77,96,-,-,-,-,5,5,5,-,15,15,1,65,66,81,-,12,12,-,49,49,61,-,3,3,-,10,10,13,-,17,17,1,72,73,90,-,-,-,-,-,-,-,-,1,1,-,5,5,6,-,4,4,-,13,13,17,-,8,8,1,27,28,36,-,11,11,2,50,52,63,-,3,3,-,12,12,15,-,13,13,2,65,67,80,-,2,2,-,7,7,9,-,1,1,-,8,8,9,-,10,10,-,28,28,38,-,10,10,-,42,42,52,-,7,7,1,12,13,20,710
abril,-,1,1,-,5,5,6,-,2,2,-,7,7,9,-,15,15,4,63,67,82,-,2,2,2,6,8,10,-,20,20,1,76,77,97,-,8,8,1,34,35,43,-,8,8,-,13,13,21,-,14,14,-,70,70,84,-,-,-,-,-,-,-,-,-,-,-,6,6,6,-,1,1,-,21,21,22,-,5,5,-,32,32,37,1,13,14,2,48,50,64,-,2,2,-,9,9,11,-,17,17,-,56,56,73,-,1,1,-,7,7,8,-,2,2,-,15,15,17,-,1,1,-,15,15,16,-,1,1,1,23,24,25,-,4,4,-,15,15,19,650
mayo,-,1,1,-,5,5,6,-,2,2,-,4,4,6,-,11,11,1,55,56,67,-,1,1,-,7,7,8,-,10,10,3,78,81,91,-,13,13,-,39,39,52,-,1,1,-,12,12,13,-,18,18,2,93,95,113,-,-,-,-,1,1,1,-,-,-,-,5,5,5,-,2,2,-,8,8,10,-,6,6,-,26,26,32,-,9,9,2,49,51,60,-,1,1,-,10,10,11,-,15,15,-,57,57,72,-,4,4,-,8,8,12,-,4,4,-,19,19,23,-,7,7,-,22,22,29,-,9,9,-,37,37,46,-,3,3,-,14,14,17,674
junio,-,3,3,-,4,4,7,-,-,-,-,4,4,4,-,15,15,1,60,61,76,-,2,2,-,7,7,9,-,13,13,1,78,79,92,-,8,8,-,38,38,46,-,4,4,-,12,12,16,-,11,11,1,69,70,81,-,-,-,-,1,1,1,-,1,1,1,5,6,7,-,1,1,-,11,11,12,-,8,8,2,26,28,36,-,9,9,-,32,32,41,-,1,1,-,9,9,10,-,11,11,2,48,50,61,-,-,-,-,2,2,2,-,3,3,1,13,14,17,-,5,5,-,9,9,14,-,3,3,-,22,22,25,-,3,3,-,19,19,22,579
julio,-,2,2,-,3,3,5,-,-,-,-,4,4,4,-,18,18,2,72,74,92,-,-,-,-,8,8,8,-,9,9,1,75,76,85,-,5,5,1,44,45,50,-,2,2,-,16,16,18,-,12,12,-,78,78,90,-,1,1,-,1,1,2,-,6,6,-,9,9,15,-,2,2,-,12,12,14,-,1,1,-,30,30,31,-,6,6,-,32,32,38,-,-,-,-,10,10,10,-,15,15,-,59,59,74,-,1,1,-,2,2,3,-,-,-,-,12,12,12,-,8,8,-,19,19,27,-,6,6,1,45,46,52,-,3,3,-,6,6,9,639
agosto,-,2,2,-,7,7,9,-,-,-,-,10,10,10,-,18,18,2,75,77,95,-,-,-,-,10,10,10,-,11,11,2,98,100,111,-,13,13,-,44,44,57,-,7,7,-,11,11,18,-,21,21,-,106,106,127,-,-,-,-,3,3,3,-,2,2,-,11,11,13,-,4,4,-,11,11,15,-,7,7,1,29,30,37,-,14,14,1,55,56,70,-,5,5,-,11,11,16,-,20,20,-,73,73,93,-,1,1,-,8,8,9,-,7,7,1,17,18,25,-,7,7,-,16,16,23,-,5,5,-,43,43,48,-,4,4,-,17,17,21,810
septiembre,-,1,1,-,6,6,7,-,4,4,-,12,12,16,-,11,11,2,79,81,92,-,2,2,-,11,11,13,-,14,14,1,76,77,91,-,8,8,-,46,46,54,-,6,6,-,19,19,25,-,17,17,-,89,89,106,-,1,1,-,3,3,4,-,4,4,-,16,16,20,-,5,5,-,24,24,29,-,5,5,-,32,32,37,-,9,9,1,51,52,61,-,2,2,-,11,11,13,-,29,29,-,83,83,112,-,1,1,-,5,5,6,-,4,4,-,14,14,18,-,11,11,-,39,39,50,-,9,9,3,55,58,67,-,4,4,1,12,13,17,838
octubre,-,-,-,-,7,7,7,-,2,2,-,11,11,13,-,18,18,1,81,82,100,-,1,1,-,10,10,11,-,21,21,3,108,111,132,-,10,10,1,46,47,57,-,4,4,-,22,22,26,-,25,25,-,79,79,104,-,1,1,-,1,1,2,-,3,3,-,15,15,18,-,4,4,-,17,17,21,-,6,6,-,29,29,35,-,9,9,-,44,44,53,-,2,2,1,12,13,15,-,17,17,-,89,89,106,-,-,-,-,7,7,7,-,4,4,-,16,16,20,-,5,5,-,28,28,33,-,8,8,2,38,40,48,-,3,3,-,13,13,16,824
noviembre,-,-,-,-,8,8,8,-,-,-,-,8,8,8,-,11,11,1,70,71,82,-,1,1,-,6,6,7,-,11,11,3,82,85,96,-,13,13,1,41,42,55,-,7,7,-,18,18,25,-,19,19,-,87,87,106,-,-,-,-,1,1,1,-,3,3,-,13,13,16,-,2,2,-,19,19,21,-,10,10,2,38,40,50,-,11,11,3,50,53,64,-,1,1,-,12,12,13,-,12,12,1,68,69,81,-,3,3,-,3,3,6,-,2,2,-,13,13,15,-,5,5,-,25,25,30,-,8,8,-,27,27,35,-,2,2,3,17,20,22,741
diciembre,-,1,1,-,11,11,12,-,1,1,-,12,12,13,-,12,12,-,90,90,102,-,3,3,-,8,8,11,-,18,18,1,81,82,100,-,12,12,2,49,51,63,-,3,3,-,19,19,22,-,20,20,-,76,76,96,-,1,1,-,4,4,5,-,-,-,-,19,19,19,-,5,5,-,16,16,21,-,8,8,-,38,38,46,-,10,10,-,42,42,52,-,1,1,-,9,9,10,-,9,9,-,69,69,78,-,2,2,-,2,2,4,-,-,-,-,20,20,20,-,2,2,1,28,29,31,-,7,7,-,34,34,41,-,1,1,1,14,15,16,762
TOTAL,-,18,18,-,77,77,95,-,17,17,-,90,90,107,1,185,186,15,852,867,1053,-,14,14,2,92,94,108,-,159,159,20,970,990,1149,-,126,126,7,499,506,632,-,53,53,-,194,194,247,-,211,211,5,963,968,1179,-,6,6,-,18,18,24,-,24,24,1,125,126,150,-,38,38,-,175,175,213,-,73,73,6,368,374,447,1,116,117,12,552,564,681,-,24,24,1,125,126,150,1,178,179,7,780,787,966,-,16,16,-,54,54,70,-,33,33,3,170,173,206,-,73,73,1,268,269,342,-,80,80,10,435,445,525,-,45,45,7,163,170,215,8559
VARIABLE: DÍA DEL HECHO,,,,,,,,,,,,,,,,,,,,,,,,,,,,,,,,,,,,,,,,,,,,,,,,,,,,,,,,,,,,,,,,,,,,,,,,,,,,,,,,,,,,,,,,,,,,,,,,,,,,,,,,,,,,,,,,,,,,,,,,,,,,,,,,,,,,,,,,,,,,,
lunes,-,3,3,-,11,11,14,-,4,4,-,12,12,16,-,30,30,1,130,131,161,-,4,4,-,13,13,17,-,17,17,3,130,133,150,-,14,14,-,62,62,76,-,8,8,-,26,26,34,-,37,37,-,115,115,152,-,-,-,-,4,4,4,-,2,2,-,14,14,16,-,6,6,-,23,23,29,-,6,6,1,48,49,55,-,19,19,2,80,82,101,-,7,7,1,22,23,30,-,38,38,1,111,112,150,-,2,2,-,7,7,9,-,9,9,1,23,24,33,-,8,8,-,28,28,36,-,14,14,-,68,68,82,-,4,4,1,21,22,26,1191
martes,-,7,7,-,8,8,15,-,1,1,-,9,9,10,-,25,25,2,101,103,128,-,2,2,-,14,14,16,-,18,18,5,123,128,146,-,26,26,1,54,55,81,-,9,9,-,22,22,31,-,29,29,-,128,128,157,-,-,-,-,1,1,1,-,7,7,-,17,17,24,-,5,5,-,18,18,23,-,10,10,2,50,52,62,-,19,19,1,73,74,93,-,2,2,-,9,9,11,-,20,20,1,84,85,105,-,4,4,-,6,6,10,-,3,3,-,22,22,25,-,9,9,-,25,25,34,-,12,12,1,52,53,65,-,4,4,-,24,24,28,1065
miércoles,-,1,1,-,9,9,10,-,-,-,-,5,5,5,1,30,31,1,118,119,150,-,2,2,-,10,10,12,-,21,21,-,107,107,128,-,15,15,3,63,66,81,-,5,5,-,29,29,34,-,22,22,2,110,112,134,-,-,-,-,3,3,3,-,1,1,-,12,12,13,-,7,7,-,21,21,28,-,8,8,-,29,29,37,-,13,13,-,74,74,87,-,4,4,-,21,21,25,-,21,21,-,97,97,118,-,1,1,-,4,4,5,-,8,8,-,23,23,31,-,4,4,-,37,37,41,-,10,10,-,51,51,61,-,6,6,-,19,19,25,1028
jueves,-,1,1,-,6,6,7,-,1,1,-,17,17,18,-,21,21,4,82,86,107,-,2,2,-,14,14,16,-,17,17,-,106,106,123,-,13,13,1,65,66,79,-,5,5,-,23,23,28,-,15,15,2,96,98,113,-,1,1,-,-,-,1,-,1,1,-,13,13,14,-,5,5,-,19,19,24,-,4,4,-,48,48,52,-,12,12,3,51,54,66,-,2,2,-,13,13,15,-,11,11,1,71,72,83,-,1,1,-,6,6,7,-,4,4,-,23,23,27,-,11,11,-,33,33,44,-,7,7,2,38,40,47,-,7,7,2,23,25,32,903
viernes,-,1,1,-,17,17,18,-,3,3,-,12,12,15,-,16,16,3,88,91,107,-,-,-,-,6,6,6,-,16,16,8,100,108,124,-,11,11,2,64,66,77,-,3,3,-,17,17,20,-,25,25,-,117,117,142,-,1,1,-,2,2,3,-,2,2,-,25,25,27,-,6,6,-,26,26,32,-,8,8,1,46,47,55,-,6,6,4,62,66,72,-,2,2,-,8,8,10,-,18,18,3,107,110,128,-,3,3,-,6,6,9,-,1,1,-,19,19,20,-,9,9,-,36,36,45,-,6,6,-,43,43,49,-,12,12,1,15,16,28,987
sábado,-,3,3,-,10,10,13,-,3,3,-,16,16,19,-,26,26,-,133,133,159,-,3,3,-,22,22,25,-,34,34,1,146,147,181,-,18,18,-,90,90,108,-,8,8,-,25,25,33,-,34,34,-,179,179,213,-,3,3,-,4,4,7,-,5,5,-,24,24,29,-,3,3,-,30,30,33,-,13,13,1,75,76,89,1,17,18,1,82,83,101,-,2,2,-,23,23,25,-,34,34,1,119,120,154,-,3,3,-,11,11,14,-,1,1,2,28,30,31,-,19,19,-,55,55,74,-,12,12,2,66,68,80,-,3,3,1,26,27,30,1418
domingo,-,2,2,-,16,16,18,-,5,5,-,19,19,24,-,37,37,4,200,204,241,-,1,1,2,13,15,16,-,36,36,3,258,261,297,-,29,29,-,101,101,130,-,15,15,-,52,52,67,-,49,49,1,218,219,268,-,1,1,-,4,4,5,-,6,6,1,20,21,27,-,6,6,-,38,38,44,-,24,24,1,72,73,97,-,30,30,1,130,131,161,-,5,5,-,29,29,34,1,36,37,-,191,191,228,-,2,2,-,14,14,16,-,7,7,-,32,32,39,-,13,13,1,54,55,68,-,19,19,5,117,122,141,-,9,9,2,35,37,46,1967
TOTAL,-,18,18,-,77,77,95,-,17,17,-,90,90,107,1,185,186,15,852,867,1053,-,14,14,2,92,94,108,-,159,159,20,970,990,1149,-,126,126,7,499,506,632,-,53,53,-,194,194,247,-,211,211,5,963,968,1179,-,6,6,-,18,18,24,-,24,24,1,125,126,150,-,38,38,-,175,175,213,-,73,73,6,368,374,447,1,116,117,12,552,564,681,-,24,24,1,125,126,150,1,178,179,7,780,787,966,-,16,16,-,54,54,70,-,33,33,3,170,173,206,-,73,73,1,268,269,342,-,80,80,10,435,445,525,-,45,45,7,163,170,215,8559
VARIABLE: RANGO DE HORA DEL HECHO (X 3 HORAS),,,,,,,,,,,,,,,,,,,,,,,,,,,,,,,,,,,,,,,,,,,,,,,,,,,,,,,,,,,,,,,,,,,,,,,,,,,,,,,,,,,,,,,,,,,,,,,,,,,,,,,,,,,,,,,,,,,,,,,,,,,,,,,,,,,,,,,,,,,,,
(00:00 a 02:59),-,-,-,-,3,3,3,-,-,-,-,8,8,8,-,10,10,1,82,83,93,-,2,2,-,16,16,18,-,6,6,1,75,76,82,-,5,5,-,43,43,48,-,7,7,-,13,13,20,-,14,14,-,80,80,94,-,-,-,-,2,2,2,-,-,-,-,10,10,10,-,4,4,-,13,13,17,-,3,3,-,32,32,35,-,10,10,-,43,43,53,-,-,-,-,9,9,9,-,11,11,2,61,63,74,-,2,2,-,-,-,2,-,1,1,-,10,10,11,-,2,2,-,14,14,16,-,5,5,-,38,38,43,-,2,2,1,6,7,9,647
(03:00 a 05:59),-,-,-,-,10,10,10,-,-,-,-,3,3,3,-,6,6,-,51,51,57,-,-,-,-,7,7,7,-,8,8,-,63,63,71,-,6,6,-,35,35,41,-,3,3,-,10,10,13,-,12,12,-,65,65,77,-,-,-,-,-,-,-,-,1,1,-,7,7,8,-,4,4,-,10,10,14,-,5,5,-,28,28,33,-,2,2,-,46,46,48,-,-,-,-,7,7,7,-,5,5,-,55,55,60,-,-,-,-,5,5,5,-,1,1,-,8,8,9,-,1,1,-,18,18,19,-,5,5,-,31,31,36,-,1,1,-,10,10,11,529
(06:00 a 08:59),-,1,1,-,2,2,3,-,1,1,-,8,8,9,-,21,21,2,76,78,99,-,2,2,-,6,6,8,-,14,14,3,97,100,114,-,12,12,1,46,47,59,-,5,5,-,17,17,22,-,23,23,-,99,99,122,-,-,-,-,-,-,-,-,2,2,-,6,6,8,-,2,2,-,22,22,24,-,13,13,-,32,32,45,-,12,12,1,39,40,52,-,3,3,-,14,14,17,-,14,14,-,77,77,91,-,2,2,-,8,8,10,-,5,5,-,15,15,20,-,17,17,-,27,27,44,-,11,11,1,47,48,59,-,3,3,-,14,14,17,823
(09:00 a 11:59),-,3,3,-,8,8,11,-,2,2,-,11,11,13,-,20,20,2,98,100,120,-,1,1,1,11,12,13,-,24,24,3,110,113,137,-,17,17,1,62,63,80,-,9,9,-,23,23,32,-,32,32,1,99,100,132,-,-,-,-,2,2,2,-,5,5,-,21,21,26,-,1,1,-,18,18,19,-,7,7,-,51,51,58,-,13,13,-,63,63,76,-,4,4,1,18,19,23,-,37,37,-,92,92,129,-,2,2,-,9,9,11,-,7,7,-,29,29,36,-,11,11,-,38,38,49,-,12,12,-,53,53,65,-,6,6,-,18,18,24,1056
(12:00 a 14:59),-,4,4,-,10,10,14,-,2,2,-,11,11,13,1,30,31,2,90,92,123,-,-,-,-,12,12,12,-,26,26,5,90,95,121,-,14,14,1,58,59,73,-,9,9,-,32,32,41,-,28,28,2,108,110,138,-,1,1,-,2,2,3,-,4,4,-,16,16,20,-,7,7,-,24,24,31,-,13,13,-,38,38,51,-,16,16,3,68,71,87,-,4,4,-,10,10,14,1,15,16,-,80,80,96,-,1,1,-,11,11,12,-,5,5,1,21,22,27,-,8,8,1,23,24,32,-,11,11,3,55,58,69,-,9,9,-,32,32,41,1018
(15:00 a 17:59),-,3,3,-,6,6,9,-,2,2,-,13,13,15,-,25,25,1,92,93,118,-,1,1,1,8,9,10,-,19,19,1,113,114,133,-,24,24,1,58,59,83,-,2,2,-,30,30,32,-,29,29,1,116,117,146,-,2,2,-,4,4,6,-,5,5,1,17,18,23,-,7,7,-,24,24,31,-,5,5,1,46,47,52,-,16,16,3,52,55,71,-,5,5,-,16,16,21,-,15,15,1,81,82,97,-,2,2,-,4,4,6,-,3,3,-,16,16,19,-,10,10,-,36,36,46,-,7,7,-,43,43,50,-,7,7,1,22,23,30,998
(18:00 a 20:59),-,4,4,-,24,24,28,-,6,6,-,12,12,18,-,32,32,2,155,157,189,-,4,4,-,17,17,21,-,34,34,2,181,183,217,-,23,23,-,72,72,95,-,3,3,-,31,31,34,-,44,44,-,186,186,230,-,1,1,-,5,5,6,-,6,6,-,26,26,32,-,7,7,-,35,35,42,-,14,14,1,79,80,94,1,22,23,2,97,99,122,-,2,2,-,28,28,30,-,45,45,2,138,140,185,-,4,4,-,8,8,12,-,7,7,1,26,27,34,-,7,7,-,48,48,55,-,14,14,3,80,83,97,-,7,7,-,28,28,35,1576
(21:00 a 23:59),-,1,1,-,11,11,12,-,2,2,-,21,21,23,-,31,31,4,168,172,203,-,4,4,-,14,14,18,-,25,25,2,211,213,238,-,22,22,3,102,105,127,-,11,11,-,31,31,42,-,27,27,-,172,172,199,-,2,2,-,2,2,4,-,-,-,-,17,17,17,-,5,5,-,23,23,28,-,12,12,1,53,54,66,-,19,19,1,111,112,131,-,5,5,-,22,22,27,-,31,31,1,170,171,202,-,1,1,-,5,5,6,-,4,4,-,38,38,42,-,15,15,-,54,54,69,-,14,14,2,75,77,91,-,6,6,1,25,26,32,1577
Sin información,-,2,2,-,3,3,5,-,2,2,-,3,3,5,-,10,10,1,40,41,51,-,-,-,-,1,1,1,-,3,3,3,30,33,36,-,3,3,-,23,23,26,-,4,4,-,7,7,11,-,2,2,1,38,39,41,-,-,-,-,1,1,1,-,1,1,-,5,5,6,-,1,1,-,6,6,7,-,1,1,3,9,12,13,-,6,6,2,33,35,41,-,1,1,-,1,1,2,-,5,5,1,26,27,32,-,2,2,-,4,4,6,-,-,-,1,7,8,8,-,2,2,-,10,10,12,-,1,1,1,13,14,15,-,4,4,4,8,12,16,335
TOTAL,-,18,18,-,77,77,95,-,17,17,-,90,90,107,1,185,186,15,852,867,1053,-,14,14,2,92,94,108,-,159,159,20,970,990,1149,-,126,126,7,499,506,632,-,53,53,-,194,194,247,-,211,211,5,963,968,1179,-,6,6,-,18,18,24,-,24,24,1,125,126,150,-,38,38,-,175,175,213,-,73,73,6,368,374,447,1,116,117,12,552,564,681,-,24,24,1,125,126,150,1,178,179,7,780,787,966,-,16,16,-,54,54,70,-,33,33,3,170,173,206,-,73,73,1,268,269,342,-,80,80,10,435,445,525,-,45,45,7,163,170,215,8559
Violencia de pareja: se incluyen los grupos de edad mayores de 10 años,,,,,,,,,,,,,,,,,,,,,,,,,,,,,,,,,,,,,,,,,,,,,,,,,,,,,,,,,,,,,,,,,,,,,,,,,,,,,,,,,,,,,,,,,,,,,,,,,,,,,,,,,,,,,,,,,,,,,,,,,,,,,,,,,,,,,,,,,,,,,
"Circunstancia del hecho: para el contexto de Violencia de Pareja es catalogada como la variable ""Factor desencadenante de la agresión""",,,,,,,,,,,,,,,,,,,,,,,,,,,,,,,,,,,,,,,,,,,,,,,,,,,,,,,,,,,,,,,,,,,,,,,,,,,,,,,,,,,,,,,,,,,,,,,,,,,,,,,,,,,,,,,,,,,,,,,,,,,,,,,,,,,,,,,,,,,,,
FUENTE: Instituto Nacional de Medicina Legal y Ciencias Forenses - INMLCF,,,,,,,,,,,,,,,,,,,,,,,,,,,,,,,,,,,,,,,,,,,,,,,,,,,,,,,,,,,,,,,,,,,,,,,,,,,,,,,,,,,,,,,,,,,,,,,,,,,,,,,,,,,,,,,,,,,,,,,,,,,,,,,,,,,,,,,,,,,,,
Grupo: Centro de Referencia Nacional Sobre la Violencia - GCERN,,,,,,,,,,,,,,,,,,,,,,,,,,,,,,,,,,,,,,,,,,,,,,,,,,,,,,,,,,,,,,,,,,,,,,,,,,,,,,,,,,,,,,,,,,,,,,,,,,,,,,,,,,,,,,,,,,,,,,,,,,,,,,,,,,,,,,,,,,,,,
Base: Sistema de Información de Clínica y Odontología Forense - SICLICO ,,,,,,,,,,,,,,,,,,,,,,,,,,,,,,,,,,,,,,,,,,,,,,,,,,,,,,,,,,,,,,,,,,,,,,,,,,,,,,,,,,,,,,,,,,,,,,,,,,,,,,,,,,,,,,,,,,,,,,,,,,,,,,,,,,,,,,,,,,,,,
