PRESUNTOS HOMICIDIOS EN BOGOTÁ D.C AÑO 2021 / LOCALIDAD DEL HECHO,Antonio Nariño,Antonio Nariño.1,Antonio Nariño.2,Antonio Nariño.3,Antonio Nariño.4,Antonio Nariño.5,Antonio Nariño.6,Barrios Unidos,Barrios Unidos.1,Barrios Unidos.2,Barrios Unidos.3,Barrios Unidos.4,Barrios Unidos.5,Barrios Unidos.6,Bosa,Bosa.1,Bosa.2,Bosa.3,Bosa.4,Bosa.5,Bosa.6,Chapinero,Chapinero.1,Chapinero.2,Chapinero.3,Chapinero.4,Chapinero.5,Chapinero.6,Ciudad Bolivar,Ciudad Bolivar.1,Ciudad Bolivar.2,Ciudad Bolivar.3,Ciudad Bolivar.4,Ciudad Bolivar.5,Ciudad Bolivar.6,Engativa,Engativa.1,Engativa.2,Engativa.3,Engativa.4,Engativa.5,Engativa.6,Fontibon,Fontibon.1,Fontibon.2,Fontibon.3,Fontibon.4,Fontibon.5,Fontibon.6,Kennedy,Kennedy.1,Kennedy.2,Kennedy.3,Kennedy.4,Kennedy.5,Kennedy.6,La Candelaria,La Candelaria.1,La Candelaria.2,La Candelaria.3,La Candelaria.4,La Candelaria.5,La Candelaria.6,Los Martires,Los Martires.1,Los Martires.2,Los Martires.3,Los Martires.4,Los Martires.5,Los Martires.6,Puente Aranda,Puente Aranda.1,Puente Aranda.2,Puente Aranda.3,Puente Aranda.4,Puente Aranda.5,Puente Aranda.6,Rafael Uribe Uribe,Rafael Uribe Uribe.1,Rafael Uribe Uribe.2,Rafael Uribe Uribe.3,Rafael Uribe Uribe.4,Rafael Uribe Uribe.5,Rafael Uribe Uribe.6,San Cristobal,San Cristobal.1,San Cristobal.2,San Cristobal.3,San Cristobal.4,San Cristobal.5,San Cristobal.6,Santa Fe,Santa Fe.1,Santa Fe.2,Santa Fe.3,Santa Fe.4,Santa Fe.5,Santa Fe.6,Suba,Suba.1,Suba.2,Suba.3,Suba.4,Suba.5,Suba.6,Sumapaz,Sumapaz.1,Sumapaz.2,Sumapaz.3,Sumapaz.4,Sumapaz.5,Sumapaz.6,Teusaquillo,Teusaquillo.1,Teusaquillo.2,Teusaquillo.3,Teusaquillo.4,Teusaquillo.5,Teusaquillo.6,Tunjuelito,Tunjuelito.1,Tunjuelito.2,Tunjuelito.3,Tunjuelito.4,Tunjuelito.5,Tunjuelito.6,Usaquen,Usaquen.1,Usaquen.2,Usaquen.3,Usaquen.4,Usaquen.5,Usaquen.6,Usme,Usme.1,Usme.2,Usme.3,Usme.4,Usme.5,Usme.6,Sin información,Sin información.1,Sin información.2,Sin información.3,Sin información.4,Sin información.5,Sin información.6,CIFRA
CÓDIGOS DIVIPOLA,,,,,,,,,,,,,,,,,,,,,,,,,,,,,,,,,,,,,,,,,,,,,,,,,,,,,,,,,,,,,,,,,,,,,,,,,,,,,,,,,,,,,,,,,,,,,,,,,,,,,,,,,,,,,,,,,,,,,,,,,,,,,,,,,,,,,,,,,,,,,,,,,,,,
SEXO,Hombre,Hombre,HOMBRE,Mujer,Mujer,MUJER,TOTAL,Hombre,Hombre,HOMBRE,Mujer,Mujer,MUJER,TOTAL,Hombre,Hombre,HOMBRE,Mujer,Mujer,MUJER,TOTAL,Hombre,Hombre,HOMBRE,Mujer,Mujer,MUJER,TOTAL,Hombre,Hombre,HOMBRE,Mujer,Mujer,MUJER,TOTAL,Hombre,Hombre,HOMBRE,Mujer,Mujer,MUJER,TOTAL,Hombre,Hombre,HOMBRE,Mujer,Mujer,MUJER,TOTAL,Hombre,Hombre,HOMBRE,Mujer,Mujer,MUJER,TOTAL,Hombre,Hombre,HOMBRE,Mujer,Mujer,MUJER,TOTAL,Hombre,Hombre,HOMBRE,Mujer,Mujer,MUJER,TOTAL,Hombre,Hombre,HOMBRE,Mujer,Mujer,MUJER,TOTAL,Hombre,Hombre,HOMBRE,Mujer,Mujer,MUJER,TOTAL,Hombre,Hombre,HOMBRE,Mujer,Mujer,MUJER,TOTAL,Hombre,Hombre,HOMBRE,Mujer,Mujer,MUJER,TOTAL,Hombre,Hombre,HOMBRE,Mujer,Mujer,MUJER,TOTAL,Hombre,Hombre,HOMBRE,Mujer,Mujer,MUJER,TOTAL,Hombre,Hombre,HOMBRE,Mujer,Mujer,MUJER,TOTAL,Hombre,Hombre,HOMBRE,Mujer,Mujer,MUJER,TOTAL,Hombre,Hombre,HOMBRE,Mujer,Mujer,MUJER,TOTAL,Hombre,Hombre,HOMBRE,Mujer,Mujer,MUJER,TOTAL,Hombre,Hombre,HOMBRE,Mujer,Mujer,MUJER,TOTAL,TOTAL
VARIABLE / MAYOR DE EDAD (> 18 AÑOS) O MENOR DE EDAD (< 18 AÑOS),Menores de Edad (<18 años),Mayores de Edad (>18 años),TOTAL,Menores de Edad (<18 años),Mayores de Edad (>18 años),TOTAL,,Menores de Edad (<18 años),Mayores de Edad (>18 años),TOTAL,Menores de Edad (<18 años),Mayores de Edad (>18 años),TOTAL,,Menores de Edad (<18 años),Mayores de Edad (>18 años),TOTAL,Menores de Edad (<18 años),Mayores de Edad (>18 años),TOTAL,,Menores de Edad (<18 años),Mayores de Edad (>18 años),TOTAL,Menores de Edad (<18 años),Mayores de Edad (>18 años),TOTAL,,Menores de Edad (<18 años),Mayores de Edad (>18 años),TOTAL,Menores de Edad (<18 años),Mayores de Edad (>18 años),TOTAL,,Menores de Edad (<18 años),Mayores de Edad (>18 años),TOTAL,Menores de Edad (<18 años),Mayores de Edad (>18 años),TOTAL,,Menores de Edad (<18 años),Mayores de Edad (>18 años),TOTAL,Menores de Edad (<18 años),Mayores de Edad (>18 años),TOTAL,,Menores de Edad (<18 años),Mayores de Edad (>18 años),TOTAL,Menores de Edad (<18 años),Mayores de Edad (>18 años),TOTAL,,Menores de Edad (<18 años),Mayores de Edad (>18 años),TOTAL,Menores de Edad (<18 años),Mayores de Edad (>18 años),TOTAL,,Menores de Edad (<18 años),Mayores de Edad (>18 años),TOTAL,Menores de Edad (<18 años),Mayores de Edad (>18 años),TOTAL,,Menores de Edad (<18 años),Mayores de Edad (>18 años),TOTAL,Menores de Edad (<18 años),Mayores de Edad (>18 años),TOTAL,,Menores de Edad (<18 años),Mayores de Edad (>18 años),TOTAL,Menores de Edad (<18 años),Mayores de Edad (>18 años),TOTAL,,Menores de Edad (<18 años),Mayores de Edad (>18 años),TOTAL,Menores de Edad (<18 años),Mayores de Edad (>18 años),TOTAL,,Menores de Edad (<18 años),Mayores de Edad (>18 años),TOTAL,Menores de Edad (<18 años),Mayores de Edad (>18 años),TOTAL,,Menores de Edad (<18 años),Mayores de Edad (>18 años),TOTAL,Menores de Edad (<18 años),Mayores de Edad (>18 años),TOTAL,,Menores de Edad (<18 años),Mayores de Edad (>18 años),TOTAL,Menores de Edad (<18 años),Mayores de Edad (>18 años),TOTAL,,Menores de Edad (<18 años),Mayores de Edad (>18 años),TOTAL,Menores de Edad (<18 años),Mayores de Edad (>18 años),TOTAL,,Menores de Edad (<18 años),Mayores de Edad (>18 años),TOTAL,Menores de Edad (<18 años),Mayores de Edad (>18 años),TOTAL,,Menores de Edad (<18 años),Mayores de Edad (>18 años),TOTAL,Menores de Edad (<18 años),Mayores de Edad (>18 años),TOTAL,,Menores de Edad (<18 años),Mayores de Edad (>18 años),TOTAL,Menores de Edad (<18 años),Mayores de Edad (>18 años),TOTAL,,Menores de Edad (<18 años),Mayores de Edad (>18 años),TOTAL,Menores de Edad (<18 años),Mayores de Edad (>18 años),TOTAL,,GENERAL
VARIABLE: GRUPO DE EDAD,,,,,,,,,,,,,,,,,,,,,,,,,,,,,,,,,,,,,,,,,,,,,,,,,,,,,,,,,,,,,,,,,,,,,,,,,,,,,,,,,,,,,,,,,,,,,,,,,,,,,,,,,,,,,,,,,,,,,,,,,,,,,,,,,,,,,,,,,,,,,,,,,,,,
(00 a 04),-,-,-,-,-,-,-,-,-,-,-,-,-,-,1,-,1,-,-,-,1,-,-,-,-,-,-,-,1,-,1,-,-,-,1,1,-,1,-,-,-,1,-,-,-,-,-,-,-,1,-,1,-,-,-,1,-,-,-,-,-,-,-,-,-,-,-,-,-,-,-,-,-,-,-,-,-,-,-,-,-,-,-,-,1,-,1,-,-,-,1,1,-,1,-,-,-,1,1,-,1,-,-,-,1,-,-,-,-,-,-,-,-,-,-,-,-,-,-,-,-,-,-,-,-,-,-,-,-,-,-,-,-,-,-,-,-,-,-,-,-,-,-,-,-,-,-,7
(05 a 09),-,-,-,-,-,-,-,-,-,-,-,-,-,-,-,-,-,-,-,-,-,-,-,-,-,-,-,-,1,-,1,-,-,-,1,-,-,-,-,-,-,-,-,-,-,-,-,-,-,-,-,-,-,-,-,-,-,-,-,-,-,-,-,-,-,-,-,-,-,-,-,-,-,-,-,-,-,-,-,-,-,-,-,-,-,-,-,-,-,-,-,-,-,-,-,-,-,-,-,-,-,-,-,-,-,-,-,-,-,-,-,-,-,-,-,-,-,-,-,-,-,-,-,-,-,-,-,-,-,-,-,-,-,-,-,-,-,-,-,-,-,-,-,-,-,-,-,1
(10 a 14),-,-,-,-,-,-,-,-,-,-,-,-,-,-,-,-,-,-,-,-,-,-,-,-,-,-,-,-,-,-,-,-,-,-,-,-,-,-,-,-,-,-,-,-,-,-,-,-,-,-,-,-,1,-,1,1,-,-,-,-,-,-,-,-,-,-,-,-,-,-,-,-,-,-,-,-,-,-,-,-,-,-,-,-,-,-,-,-,-,-,-,-,-,-,-,-,-,-,-,-,-,-,-,-,-,-,-,-,-,-,-,-,-,-,-,1,-,1,1,-,-,-,-,-,-,-,-,-,-,-,-,-,-,-,-,-,-,-,-,-,-,-,-,-,-,-,-,2
(15 a 17),1,-,1,-,-,-,1,-,-,-,-,-,-,-,-,-,-,-,-,-,-,-,-,-,-,-,-,-,7,-,7,-,-,-,7,1,-,1,-,-,-,1,1,-,1,-,-,-,1,2,-,2,-,-,-,2,1,-,1,1,-,1,2,-,-,-,-,-,-,-,-,-,-,-,-,-,-,2,-,2,-,-,-,2,-,-,-,-,-,-,-,-,-,-,-,-,-,-,2,-,2,-,-,-,2,-,-,-,-,-,-,-,-,-,-,-,-,-,-,1,-,1,-,-,-,1,-,-,-,-,-,-,-,1,-,1,-,-,-,1,-,-,-,-,-,-,-,20
(18 a 19),-,3,3,-,-,-,3,-,-,-,-,-,-,-,-,5,5,-,1,1,6,-,1,1,-,-,-,1,-,9,9,-,-,-,9,-,3,3,-,-,-,3,-,3,3,-,-,-,3,-,8,8,-,-,-,8,-,-,-,-,-,-,-,-,-,-,-,-,-,-,-,-,-,-,-,-,-,-,2,2,-,-,-,2,-,1,1,-,-,-,1,-,2,2,-,-,-,2,-,2,2,-,-,-,2,-,-,-,-,-,-,-,-,-,-,-,-,-,-,-,3,3,-,-,-,3,-,2,2,-,-,-,2,-,3,3,-,1,1,4,-,-,-,-,-,-,-,49
(20 a 24),-,3,3,-,-,-,3,-,2,2,-,-,-,2,-,18,18,-,2,2,20,-,6,6,-,-,-,6,-,42,42,-,2,2,44,-,11,11,-,1,1,12,-,1,1,-,-,-,1,-,39,39,-,2,2,41,-,2,2,-,-,-,2,-,12,12,-,-,-,12,-,2,2,-,-,-,2,-,12,12,-,1,1,13,-,7,7,-,-,-,7,-,12,12,-,-,-,12,-,12,12,-,1,1,13,-,-,-,-,-,-,-,-,1,1,-,-,-,1,-,7,7,-,-,-,7,-,12,12,-,-,-,12,-,20,20,-,1,1,21,-,-,-,-,-,-,-,231
(25 a 29),-,-,-,-,1,1,1,-,2,2,-,-,-,2,-,20,20,-,2,2,22,-,2,2,-,-,-,2,-,43,43,-,4,4,47,-,13,13,-,-,-,13,-,9,9,-,-,-,9,-,40,40,-,2,2,42,-,-,-,-,-,-,-,-,10,10,-,2,2,12,-,2,2,-,-,-,2,-,16,16,-,4,4,20,-,13,13,-,2,2,15,-,9,9,-,-,-,9,-,15,15,-,3,3,18,-,1,1,-,-,-,1,-,1,1,-,-,-,1,-,9,9,-,1,1,10,-,12,12,-,1,1,13,-,14,14,-,1,1,15,-,-,-,-,-,-,-,254
(30 a 34),-,1,1,-,1,1,2,-,2,2,-,1,1,3,-,25,25,-,2,2,27,-,2,2,-,-,-,2,-,30,30,-,5,5,35,-,4,4,-,1,1,5,-,4,4,-,-,-,4,-,23,23,-,1,1,24,-,2,2,-,1,1,3,-,10,10,-,-,-,10,-,5,5,-,-,-,5,-,10,10,-,-,-,10,-,11,11,-,2,2,13,-,5,5,-,-,-,5,-,5,5,-,-,-,5,-,-,-,-,-,-,-,-,1,1,-,1,1,2,-,6,6,-,2,2,8,-,6,6,-,-,-,6,-,12,12,-,1,1,13,-,1,1,-,-,-,1,183
(35 a 39),-,2,2,-,-,-,2,-,-,-,-,-,-,-,-,15,15,-,1,1,16,-,1,1,-,-,-,1,-,15,15,-,1,1,16,-,3,3,-,1,1,4,-,1,1,-,-,-,1,-,15,15,-,4,4,19,-,1,1,-,-,-,1,-,7,7,-,-,-,7,-,-,-,-,-,-,-,-,7,7,-,1,1,8,-,5,5,-,-,-,5,-,13,13,-,1,1,14,-,4,4,-,1,1,5,-,1,1,-,-,-,1,-,-,-,-,-,-,-,-,5,5,-,-,-,5,-,2,2,-,-,-,2,-,6,6,-,2,2,8,-,-,-,-,-,-,-,115
(40 a 44),-,2,2,-,-,-,2,-,2,2,-,1,1,3,-,11,11,-,-,-,11,-,-,-,-,-,-,-,-,14,14,-,2,2,16,-,5,5,-,3,3,8,-,2,2,-,-,-,2,-,18,18,-,1,1,19,-,-,-,-,-,-,-,-,6,6,-,1,1,7,-,1,1,-,-,-,1,-,6,6,-,2,2,8,-,9,9,-,-,-,9,-,4,4,-,-,-,4,-,3,3,-,-,-,3,-,-,-,-,-,-,-,-,-,-,-,-,-,-,-,4,4,-,-,-,4,-,3,3,-,-,-,3,-,2,2,-,-,-,2,-,-,-,-,-,-,-,102
(45 a 49),-,-,-,-,-,-,-,-,-,-,-,-,-,-,-,4,4,-,-,-,4,-,-,-,-,-,-,-,-,5,5,-,1,1,6,-,4,4,-,-,-,4,-,3,3,-,-,-,3,-,8,8,-,1,1,9,-,-,-,-,-,-,-,-,2,2,-,-,-,2,-,3,3,-,-,-,3,-,5,5,-,-,-,5,-,10,10,-,-,-,10,-,2,2,-,-,-,2,-,4,4,-,-,-,4,-,1,1,-,-,-,1,-,-,-,-,-,-,-,-,2,2,-,1,1,3,-,7,7,-,1,1,8,-,4,4,-,-,-,4,-,-,-,-,-,-,-,68
(50 a 54),-,1,1,-,-,-,1,-,-,-,-,-,-,-,-,4,4,-,1,1,5,-,-,-,-,-,-,-,-,6,6,-,1,1,7,-,-,-,-,-,-,-,-,-,-,-,-,-,-,-,3,3,-,-,-,3,-,-,-,-,-,-,-,-,2,2,-,-,-,2,-,1,1,-,-,-,1,-,1,1,-,-,-,1,-,3,3,-,-,-,3,-,4,4,-,-,-,4,-,-,-,-,-,-,-,-,-,-,-,-,-,-,-,7,7,-,-,-,7,-,1,1,-,-,-,1,-,2,2,-,-,-,2,-,1,1,-,-,-,1,-,-,-,-,-,-,-,38
(55 a 59),-,-,-,-,-,-,-,-,1,1,-,-,-,1,-,1,1,-,1,1,2,-,-,-,-,-,-,-,-,4,4,-,-,-,4,-,2,2,-,-,-,2,-,1,1,-,-,-,1,-,2,2,-,-,-,2,-,-,-,-,-,-,-,-,3,3,-,2,2,5,-,-,-,-,-,-,-,-,-,-,-,-,-,-,-,1,1,-,-,-,1,-,2,2,-,-,-,2,-,2,2,-,-,-,2,-,-,-,-,-,-,-,-,1,1,-,-,-,1,-,-,-,-,-,-,-,-,1,1,-,-,-,1,-,1,1,-,-,-,1,-,-,-,-,-,-,-,25
(60 a 64),-,1,1,-,-,-,1,-,-,-,-,-,-,-,-,1,1,-,-,-,1,-,1,1,-,-,-,1,-,1,1,-,-,-,1,-,-,-,-,2,2,2,-,-,-,-,-,-,-,-,2,2,-,-,-,2,-,-,-,-,-,-,-,-,2,2,-,-,-,2,-,-,-,-,-,-,-,-,-,-,-,-,-,-,-,2,2,-,-,-,2,-,1,1,-,-,-,1,-,-,-,-,-,-,-,-,-,-,-,-,-,-,-,1,1,-,-,-,1,-,-,-,-,-,-,-,-,-,-,-,-,-,-,-,1,1,-,1,1,2,-,-,-,-,-,-,-,16
(65 a 69),-,-,-,-,-,-,-,-,-,-,-,-,-,-,-,1,1,-,-,-,1,-,-,-,-,-,-,-,-,2,2,-,-,-,2,-,-,-,-,-,-,-,-,-,-,-,-,-,-,-,1,1,-,1,1,2,-,-,-,-,-,-,-,-,2,2,-,-,-,2,-,-,-,-,-,-,-,-,-,-,-,-,-,-,-,-,-,-,1,1,1,-,-,-,-,-,-,-,-,1,1,-,-,-,1,-,-,-,-,-,-,-,-,1,1,-,-,-,1,-,1,1,-,-,-,1,-,1,1,-,-,-,1,-,1,1,-,-,-,1,-,-,-,-,-,-,-,13
(70 a 74),-,-,-,-,-,-,-,-,-,-,-,-,-,-,-,1,1,-,-,-,1,-,-,-,-,-,-,-,-,2,2,-,-,-,2,-,1,1,-,-,-,1,-,-,-,-,-,-,-,-,-,-,-,1,1,1,-,-,-,-,-,-,-,-,-,-,-,-,-,-,-,-,-,-,-,-,-,-,1,1,-,-,-,1,-,1,1,-,-,-,1,-,-,-,-,-,-,-,-,-,-,-,-,-,-,-,-,-,-,-,-,-,-,-,-,-,-,-,-,-,-,-,-,-,-,-,-,-,-,-,-,-,-,-,-,-,-,-,-,-,-,-,-,-,-,-,-,7
(80 y más),-,-,-,-,-,-,-,-,-,-,-,-,-,-,-,-,-,-,-,-,-,-,-,-,-,-,-,-,-,-,-,-,-,-,-,-,-,-,-,-,-,-,-,-,-,-,-,-,-,-,-,-,-,1,1,1,-,-,-,-,-,-,-,-,-,-,-,-,-,-,-,-,-,-,-,-,-,-,-,-,-,-,-,-,-,1,1,-,1,1,2,-,-,-,-,-,-,-,-,-,-,-,-,-,-,-,-,-,-,-,-,-,-,-,-,-,-,-,-,-,-,-,-,-,-,-,-,-,-,-,-,-,-,-,-,-,-,-,-,-,-,-,-,-,-,-,-,3
TOTAL,1,13,14,-,2,2,16,-,9,9,-,2,2,11,1,106,107,-,10,10,117,-,13,13,-,-,-,13,9,173,182,-,16,16,198,2,46,48,-,8,8,56,1,24,25,-,-,-,25,3,159,162,1,14,15,177,1,5,6,1,1,2,8,-,56,56,-,5,5,61,-,14,14,-,-,-,14,2,60,62,-,8,8,70,1,64,65,-,6,6,71,1,54,55,-,1,1,56,3,48,51,-,5,5,56,-,3,3,-,-,-,3,-,13,13,1,1,2,15,1,38,39,-,4,4,43,-,48,48,-,2,2,50,1,65,66,-,7,7,73,-,1,1,-,-,-,1,1134
VARIABLE: GRUPO EDAD JUDICIAL,,,,,,,,,,,,,,,,,,,,,,,,,,,,,,,,,,,,,,,,,,,,,,,,,,,,,,,,,,,,,,,,,,,,,,,,,,,,,,,,,,,,,,,,,,,,,,,,,,,,,,,,,,,,,,,,,,,,,,,,,,,,,,,,,,,,,,,,,,,,,,,,,,,,
(00 a 04),-,-,-,-,-,-,-,-,-,-,-,-,-,-,1,-,1,-,-,-,1,-,-,-,-,-,-,-,1,-,1,-,-,-,1,1,-,1,-,-,-,1,-,-,-,-,-,-,-,1,-,1,-,-,-,1,-,-,-,-,-,-,-,-,-,-,-,-,-,-,-,-,-,-,-,-,-,-,-,-,-,-,-,-,1,-,1,-,-,-,1,1,-,1,-,-,-,1,1,-,1,-,-,-,1,-,-,-,-,-,-,-,-,-,-,-,-,-,-,-,-,-,-,-,-,-,-,-,-,-,-,-,-,-,-,-,-,-,-,-,-,-,-,-,-,-,-,7
(05 a 09),-,-,-,-,-,-,-,-,-,-,-,-,-,-,-,-,-,-,-,-,-,-,-,-,-,-,-,-,1,-,1,-,-,-,1,-,-,-,-,-,-,-,-,-,-,-,-,-,-,-,-,-,-,-,-,-,-,-,-,-,-,-,-,-,-,-,-,-,-,-,-,-,-,-,-,-,-,-,-,-,-,-,-,-,-,-,-,-,-,-,-,-,-,-,-,-,-,-,-,-,-,-,-,-,-,-,-,-,-,-,-,-,-,-,-,-,-,-,-,-,-,-,-,-,-,-,-,-,-,-,-,-,-,-,-,-,-,-,-,-,-,-,-,-,-,-,-,1
(10 a 13),-,-,-,-,-,-,-,-,-,-,-,-,-,-,-,-,-,-,-,-,-,-,-,-,-,-,-,-,-,-,-,-,-,-,-,-,-,-,-,-,-,-,-,-,-,-,-,-,-,-,-,-,-,-,-,-,-,-,-,-,-,-,-,-,-,-,-,-,-,-,-,-,-,-,-,-,-,-,-,-,-,-,-,-,-,-,-,-,-,-,-,-,-,-,-,-,-,-,-,-,-,-,-,-,-,-,-,-,-,-,-,-,-,-,-,1,-,1,1,-,-,-,-,-,-,-,-,-,-,-,-,-,-,-,-,-,-,-,-,-,-,-,-,-,-,-,-,1
(14 a 17),1,-,1,-,-,-,1,-,-,-,-,-,-,-,-,-,-,-,-,-,-,-,-,-,-,-,-,-,7,-,7,-,-,-,7,1,-,1,-,-,-,1,1,-,1,-,-,-,1,2,-,2,1,-,1,3,1,-,1,1,-,1,2,-,-,-,-,-,-,-,-,-,-,-,-,-,-,2,-,2,-,-,-,2,-,-,-,-,-,-,-,-,-,-,-,-,-,-,2,-,2,-,-,-,2,-,-,-,-,-,-,-,-,-,-,-,-,-,-,1,-,1,-,-,-,1,-,-,-,-,-,-,-,1,-,1,-,-,-,1,-,-,-,-,-,-,-,21
(18 a 19),-,3,3,-,-,-,3,-,-,-,-,-,-,-,-,5,5,-,1,1,6,-,1,1,-,-,-,1,-,9,9,-,-,-,9,-,3,3,-,-,-,3,-,3,3,-,-,-,3,-,8,8,-,-,-,8,-,-,-,-,-,-,-,-,-,-,-,-,-,-,-,-,-,-,-,-,-,-,2,2,-,-,-,2,-,1,1,-,-,-,1,-,2,2,-,-,-,2,-,2,2,-,-,-,2,-,-,-,-,-,-,-,-,-,-,-,-,-,-,-,3,3,-,-,-,3,-,2,2,-,-,-,2,-,3,3,-,1,1,4,-,-,-,-,-,-,-,49
(20 a 24),-,3,3,-,-,-,3,-,2,2,-,-,-,2,-,18,18,-,2,2,20,-,6,6,-,-,-,6,-,42,42,-,2,2,44,-,11,11,-,1,1,12,-,1,1,-,-,-,1,-,39,39,-,2,2,41,-,2,2,-,-,-,2,-,12,12,-,-,-,12,-,2,2,-,-,-,2,-,12,12,-,1,1,13,-,7,7,-,-,-,7,-,12,12,-,-,-,12,-,12,12,-,1,1,13,-,-,-,-,-,-,-,-,1,1,-,-,-,1,-,7,7,-,-,-,7,-,12,12,-,-,-,12,-,20,20,-,1,1,21,-,-,-,-,-,-,-,231
(25 a 28),-,-,-,-,1,1,1,-,2,2,-,-,-,2,-,16,16,-,2,2,18,-,2,2,-,-,-,2,-,36,36,-,3,3,39,-,10,10,-,-,-,10,-,7,7,-,-,-,7,-,33,33,-,2,2,35,-,-,-,-,-,-,-,-,9,9,-,1,1,10,-,2,2,-,-,-,2,-,16,16,-,2,2,18,-,9,9,-,2,2,11,-,8,8,-,-,-,8,-,13,13,-,1,1,14,-,1,1,-,-,-,1,-,1,1,-,-,-,1,-,6,6,-,1,1,7,-,10,10,-,1,1,11,-,12,12,-,1,1,13,-,-,-,-,-,-,-,210
(29 a 34),-,1,1,-,1,1,2,-,2,2,-,1,1,3,-,29,29,-,2,2,31,-,2,2,-,-,-,2,-,37,37,-,6,6,43,-,7,7,-,1,1,8,-,6,6,-,-,-,6,-,30,30,-,1,1,31,-,2,2,-,1,1,3,-,11,11,-,1,1,12,-,5,5,-,-,-,5,-,10,10,-,2,2,12,-,15,15,-,2,2,17,-,6,6,-,-,-,6,-,7,7,-,2,2,9,-,-,-,-,-,-,-,-,1,1,-,1,1,2,-,9,9,-,2,2,11,-,8,8,-,-,-,8,-,14,14,-,1,1,15,-,1,1,-,-,-,1,227
(35 a 39),-,2,2,-,-,-,2,-,-,-,-,-,-,-,-,15,15,-,1,1,16,-,1,1,-,-,-,1,-,15,15,-,1,1,16,-,3,3,-,1,1,4,-,1,1,-,-,-,1,-,15,15,-,4,4,19,-,1,1,-,-,-,1,-,7,7,-,-,-,7,-,-,-,-,-,-,-,-,7,7,-,1,1,8,-,5,5,-,-,-,5,-,13,13,-,1,1,14,-,4,4,-,1,1,5,-,1,1,-,-,-,1,-,-,-,-,-,-,-,-,5,5,-,-,-,5,-,2,2,-,-,-,2,-,6,6,-,2,2,8,-,-,-,-,-,-,-,115
(40 a 44),-,2,2,-,-,-,2,-,2,2,-,1,1,3,-,11,11,-,-,-,11,-,-,-,-,-,-,-,-,14,14,-,2,2,16,-,5,5,-,3,3,8,-,2,2,-,-,-,2,-,18,18,-,1,1,19,-,-,-,-,-,-,-,-,6,6,-,1,1,7,-,1,1,-,-,-,1,-,6,6,-,2,2,8,-,9,9,-,-,-,9,-,4,4,-,-,-,4,-,3,3,-,-,-,3,-,-,-,-,-,-,-,-,-,-,-,-,-,-,-,4,4,-,-,-,4,-,3,3,-,-,-,3,-,2,2,-,-,-,2,-,-,-,-,-,-,-,102
(45 a 49),-,-,-,-,-,-,-,-,-,-,-,-,-,-,-,4,4,-,-,-,4,-,-,-,-,-,-,-,-,5,5,-,1,1,6,-,4,4,-,-,-,4,-,3,3,-,-,-,3,-,8,8,-,1,1,9,-,-,-,-,-,-,-,-,2,2,-,-,-,2,-,3,3,-,-,-,3,-,5,5,-,-,-,5,-,10,10,-,-,-,10,-,2,2,-,-,-,2,-,4,4,-,-,-,4,-,1,1,-,-,-,1,-,-,-,-,-,-,-,-,2,2,-,1,1,3,-,7,7,-,1,1,8,-,4,4,-,-,-,4,-,-,-,-,-,-,-,68
(50 a 54),-,1,1,-,-,-,1,-,-,-,-,-,-,-,-,4,4,-,1,1,5,-,-,-,-,-,-,-,-,6,6,-,1,1,7,-,-,-,-,-,-,-,-,-,-,-,-,-,-,-,3,3,-,-,-,3,-,-,-,-,-,-,-,-,2,2,-,-,-,2,-,1,1,-,-,-,1,-,1,1,-,-,-,1,-,3,3,-,-,-,3,-,4,4,-,-,-,4,-,-,-,-,-,-,-,-,-,-,-,-,-,-,-,7,7,-,-,-,7,-,1,1,-,-,-,1,-,2,2,-,-,-,2,-,1,1,-,-,-,1,-,-,-,-,-,-,-,38
(55 a 59),-,-,-,-,-,-,-,-,1,1,-,-,-,1,-,1,1,-,1,1,2,-,-,-,-,-,-,-,-,4,4,-,-,-,4,-,2,2,-,-,-,2,-,1,1,-,-,-,1,-,2,2,-,-,-,2,-,-,-,-,-,-,-,-,3,3,-,2,2,5,-,-,-,-,-,-,-,-,-,-,-,-,-,-,-,1,1,-,-,-,1,-,2,2,-,-,-,2,-,2,2,-,-,-,2,-,-,-,-,-,-,-,-,1,1,-,-,-,1,-,-,-,-,-,-,-,-,1,1,-,-,-,1,-,1,1,-,-,-,1,-,-,-,-,-,-,-,25
(60 a 64),-,1,1,-,-,-,1,-,-,-,-,-,-,-,-,1,1,-,-,-,1,-,1,1,-,-,-,1,-,1,1,-,-,-,1,-,-,-,-,2,2,2,-,-,-,-,-,-,-,-,2,2,-,-,-,2,-,-,-,-,-,-,-,-,2,2,-,-,-,2,-,-,-,-,-,-,-,-,-,-,-,-,-,-,-,2,2,-,-,-,2,-,1,1,-,-,-,1,-,-,-,-,-,-,-,-,-,-,-,-,-,-,-,1,1,-,-,-,1,-,-,-,-,-,-,-,-,-,-,-,-,-,-,-,1,1,-,1,1,2,-,-,-,-,-,-,-,16
(65 a 69),-,-,-,-,-,-,-,-,-,-,-,-,-,-,-,1,1,-,-,-,1,-,-,-,-,-,-,-,-,2,2,-,-,-,2,-,-,-,-,-,-,-,-,-,-,-,-,-,-,-,1,1,-,1,1,2,-,-,-,-,-,-,-,-,2,2,-,-,-,2,-,-,-,-,-,-,-,-,-,-,-,-,-,-,-,-,-,-,1,1,1,-,-,-,-,-,-,-,-,1,1,-,-,-,1,-,-,-,-,-,-,-,-,1,1,-,-,-,1,-,1,1,-,-,-,1,-,1,1,-,-,-,1,-,1,1,-,-,-,1,-,-,-,-,-,-,-,13
(70 a 74),-,-,-,-,-,-,-,-,-,-,-,-,-,-,-,1,1,-,-,-,1,-,-,-,-,-,-,-,-,2,2,-,-,-,2,-,1,1,-,-,-,1,-,-,-,-,-,-,-,-,-,-,-,1,1,1,-,-,-,-,-,-,-,-,-,-,-,-,-,-,-,-,-,-,-,-,-,-,1,1,-,-,-,1,-,1,1,-,-,-,1,-,-,-,-,-,-,-,-,-,-,-,-,-,-,-,-,-,-,-,-,-,-,-,-,-,-,-,-,-,-,-,-,-,-,-,-,-,-,-,-,-,-,-,-,-,-,-,-,-,-,-,-,-,-,-,-,7
(80 y más),-,-,-,-,-,-,-,-,-,-,-,-,-,-,-,-,-,-,-,-,-,-,-,-,-,-,-,-,-,-,-,-,-,-,-,-,-,-,-,-,-,-,-,-,-,-,-,-,-,-,-,-,-,1,1,1,-,-,-,-,-,-,-,-,-,-,-,-,-,-,-,-,-,-,-,-,-,-,-,-,-,-,-,-,-,1,1,-,1,1,2,-,-,-,-,-,-,-,-,-,-,-,-,-,-,-,-,-,-,-,-,-,-,-,-,-,-,-,-,-,-,-,-,-,-,-,-,-,-,-,-,-,-,-,-,-,-,-,-,-,-,-,-,-,-,-,-,3
TOTAL,1,13,14,-,2,2,16,-,9,9,-,2,2,11,1,106,107,-,10,10,117,-,13,13,-,-,-,13,9,173,182,-,16,16,198,2,46,48,-,8,8,56,1,24,25,-,-,-,25,3,159,162,1,14,15,177,1,5,6,1,1,2,8,-,56,56,-,5,5,61,-,14,14,-,-,-,14,2,60,62,-,8,8,70,1,64,65,-,6,6,71,1,54,55,-,1,1,56,3,48,51,-,5,5,56,-,3,3,-,-,-,3,-,13,13,1,1,2,15,1,38,39,-,4,4,43,-,48,48,-,2,2,50,1,65,66,-,7,7,73,-,1,1,-,-,-,1,1134
VARIABLE: CICLO VITAL,,,,,,,,,,,,,,,,,,,,,,,,,,,,,,,,,,,,,,,,,,,,,,,,,,,,,,,,,,,,,,,,,,,,,,,,,,,,,,,,,,,,,,,,,,,,,,,,,,,,,,,,,,,,,,,,,,,,,,,,,,,,,,,,,,,,,,,,,,,,,,,,,,,,
(00 a 05) Primera Infancia,-,-,-,-,-,-,-,-,-,-,-,-,-,-,1,-,1,-,-,-,1,-,-,-,-,-,-,-,2,-,2,-,-,-,2,1,-,1,-,-,-,1,-,-,-,-,-,-,-,1,-,1,-,-,-,1,-,-,-,-,-,-,-,-,-,-,-,-,-,-,-,-,-,-,-,-,-,-,-,-,-,-,-,-,1,-,1,-,-,-,1,1,-,1,-,-,-,1,1,-,1,-,-,-,1,-,-,-,-,-,-,-,-,-,-,-,-,-,-,-,-,-,-,-,-,-,-,-,-,-,-,-,-,-,-,-,-,-,-,-,-,-,-,-,-,-,-,8
(12 a 17) Adolescencia,1,-,1,-,-,-,1,-,-,-,-,-,-,-,-,-,-,-,-,-,-,-,-,-,-,-,-,-,7,-,7,-,-,-,7,1,-,1,-,-,-,1,1,-,1,-,-,-,1,2,-,2,1,-,1,3,1,-,1,1,-,1,2,-,-,-,-,-,-,-,-,-,-,-,-,-,-,2,-,2,-,-,-,2,-,-,-,-,-,-,-,-,-,-,-,-,-,-,2,-,2,-,-,-,2,-,-,-,-,-,-,-,-,-,-,1,-,1,1,1,-,1,-,-,-,1,-,-,-,-,-,-,-,1,-,1,-,-,-,1,-,-,-,-,-,-,-,22
(18 a 28) Juventud,-,6,6,-,1,1,7,-,4,4,-,-,-,4,-,39,39,-,5,5,44,-,9,9,-,-,-,9,-,87,87,-,5,5,92,-,24,24,-,1,1,25,-,11,11,-,-,-,11,-,80,80,-,4,4,84,-,2,2,-,-,-,2,-,21,21,-,1,1,22,-,4,4,-,-,-,4,-,30,30,-,3,3,33,-,17,17,-,2,2,19,-,22,22,-,-,-,22,-,27,27,-,2,2,29,-,1,1,-,-,-,1,-,2,2,-,-,-,2,-,16,16,-,1,1,17,-,24,24,-,1,1,25,-,35,35,-,3,3,38,-,-,-,-,-,-,-,490
(29 a 59) Adultez,-,6,6,-,1,1,7,-,5,5,-,2,2,7,-,64,64,-,5,5,69,-,3,3,-,-,-,3,-,81,81,-,11,11,92,-,21,21,-,5,5,26,-,13,13,-,-,-,13,-,76,76,-,7,7,83,-,3,3,-,1,1,4,-,31,31,-,4,4,35,-,10,10,-,-,-,10,-,29,29,-,5,5,34,-,43,43,-,2,2,45,-,31,31,-,1,1,32,-,20,20,-,3,3,23,-,2,2,-,-,-,2,-,9,9,-,1,1,10,-,21,21,-,3,3,24,-,23,23,-,1,1,24,-,28,28,-,3,3,31,-,1,1,-,-,-,1,575
(Más de 60) Adulto Mayor,-,1,1,-,-,-,1,-,-,-,-,-,-,-,-,3,3,-,-,-,3,-,1,1,-,-,-,1,-,5,5,-,-,-,5,-,1,1,-,2,2,3,-,-,-,-,-,-,-,-,3,3,-,3,3,6,-,-,-,-,-,-,-,-,4,4,-,-,-,4,-,-,-,-,-,-,-,-,1,1,-,-,-,1,-,4,4,-,2,2,6,-,1,1,-,-,-,1,-,1,1,-,-,-,1,-,-,-,-,-,-,-,-,2,2,-,-,-,2,-,1,1,-,-,-,1,-,1,1,-,-,-,1,-,2,2,-,1,1,3,-,-,-,-,-,-,-,39
TOTAL,1,13,14,-,2,2,16,-,9,9,-,2,2,11,1,106,107,-,10,10,117,-,13,13,-,-,-,13,9,173,182,-,16,16,198,2,46,48,-,8,8,56,1,24,25,-,-,-,25,3,159,162,1,14,15,177,1,5,6,1,1,2,8,-,56,56,-,5,5,61,-,14,14,-,-,-,14,2,60,62,-,8,8,70,1,64,65,-,6,6,71,1,54,55,-,1,1,56,3,48,51,-,5,5,56,-,3,3,-,-,-,3,-,13,13,1,1,2,15,1,38,39,-,4,4,43,-,48,48,-,2,2,50,1,65,66,-,7,7,73,-,1,1,-,-,-,1,1134
VARIABLE: ESCOLARIDAD,,,,,,,,,,,,,,,,,,,,,,,,,,,,,,,,,,,,,,,,,,,,,,,,,,,,,,,,,,,,,,,,,,,,,,,,,,,,,,,,,,,,,,,,,,,,,,,,,,,,,,,,,,,,,,,,,,,,,,,,,,,,,,,,,,,,,,,,,,,,,,,,,,,,
Educación inicial y educación preescolar,-,1,1,-,-,-,1,-,-,-,-,-,-,-,-,4,4,-,-,-,4,-,-,-,-,-,-,-,-,9,9,-,-,-,9,-,2,2,-,-,-,2,-,1,1,-,-,-,1,-,15,15,-,1,1,16,-,1,1,-,-,-,1,-,2,2,-,1,1,3,-,1,1,-,-,-,1,-,1,1,-,-,-,1,-,2,2,-,-,-,2,-,4,4,-,-,-,4,-,4,4,-,-,-,4,-,-,-,-,-,-,-,-,2,2,-,-,-,2,-,1,1,-,-,-,1,-,2,2,-,-,-,2,-,2,2,-,-,-,2,-,-,-,-,-,-,-,56
Educación básica primaria,1,1,2,-,-,-,2,-,-,-,-,1,1,1,-,45,45,-,3,3,48,-,3,3,-,-,-,3,3,60,63,-,4,4,67,1,9,10,-,2,2,12,1,9,10,-,-,-,10,1,56,57,-,3,3,60,1,3,4,-,-,-,4,-,19,19,-,1,1,20,-,-,-,-,-,-,-,1,24,25,-,2,2,27,-,27,27,-,2,2,29,-,18,18,-,1,1,19,1,17,18,-,1,1,19,-,1,1,-,-,-,1,-,-,-,1,-,1,1,-,18,18,-,2,2,20,-,22,22,-,1,1,23,1,22,23,-,2,2,25,-,1,1,-,-,-,1,392
Educación básica secundaria o secundaria baja,-,4,4,-,1,1,5,-,-,-,-,-,-,-,-,8,8,-,1,1,9,-,1,1,-,-,-,1,2,17,19,-,3,3,22,-,2,2,-,1,1,3,-,-,-,-,-,-,-,1,13,14,1,-,1,15,-,-,-,-,-,-,-,-,5,5,-,-,-,5,-,1,1,-,-,-,1,1,7,8,-,1,1,9,-,8,8,-,-,-,8,-,4,4,-,-,-,4,1,6,7,-,-,-,7,-,-,-,-,-,-,-,-,2,2,-,-,-,2,1,4,5,-,1,1,6,-,3,3,-,-,-,3,-,6,6,-,2,2,8,-,-,-,-,-,-,-,108
Educación media o secundaria alta,-,2,2,-,1,1,3,-,6,6,-,1,1,7,-,33,33,-,5,5,38,-,6,6,-,-,-,6,1,67,68,-,7,7,75,-,22,22,-,3,3,25,-,11,11,-,-,-,11,-,49,49,-,5,5,54,-,1,1,-,1,1,2,-,19,19,-,1,1,20,-,10,10,-,-,-,10,-,21,21,-,5,5,26,-,21,21,-,2,2,23,-,15,15,-,-,-,15,-,17,17,-,2,2,19,-,1,1,-,-,-,1,-,4,4,-,-,-,4,-,14,14,-,1,1,15,-,12,12,-,1,1,13,-,33,33,-,3,3,36,-,-,-,-,-,-,-,403
Educación técnica profesional y tecnológica,-,-,-,-,-,-,-,-,-,-,-,-,-,-,-,4,4,-,-,-,4,-,1,1,-,-,-,1,-,2,2,-,-,-,2,-,3,3,-,-,-,3,-,1,1,-,-,-,1,-,8,8,-,1,1,9,-,-,-,-,-,-,-,-,1,1,-,-,-,1,-,1,1,-,-,-,1,-,-,-,-,-,-,-,-,1,1,-,-,-,1,-,3,3,-,-,-,3,-,3,3,-,1,1,4,-,-,-,-,-,-,-,-,3,3,-,-,-,3,-,-,-,-,-,-,-,-,1,1,-,-,-,1,-,-,-,-,-,-,-,-,-,-,-,-,-,-,34
Universitario,-,-,-,-,-,-,-,-,-,-,-,-,-,-,-,-,-,-,-,-,-,-,-,-,-,-,-,-,-,-,-,-,-,-,-,-,-,-,-,-,-,-,-,-,-,-,-,-,-,-,-,-,-,-,-,-,-,-,-,-,-,-,-,-,-,-,-,-,-,-,-,-,-,-,-,-,-,-,1,1,-,-,-,1,-,-,-,-,-,-,-,-,-,-,-,-,-,-,-,-,-,-,-,-,-,-,-,-,-,-,-,-,-,-,-,-,-,-,-,-,-,-,-,-,-,-,-,-,-,-,-,-,-,-,-,-,-,-,-,-,-,-,-,-,-,-,-,1
"Especialización, maestría o equivalente",-,-,-,-,-,-,-,-,1,1,-,-,-,1,-,-,-,-,-,-,-,-,-,-,-,-,-,-,-,-,-,-,-,-,-,-,1,1,-,-,-,1,-,-,-,-,-,-,-,-,-,-,-,-,-,-,-,-,-,-,-,-,-,-,-,-,-,-,-,-,-,-,-,-,-,-,-,-,-,-,-,-,-,-,-,-,-,-,-,-,-,-,-,-,-,-,-,-,-,-,-,-,-,-,-,-,-,-,-,-,-,-,-,1,1,-,-,-,1,-,-,-,-,-,-,-,-,-,-,-,-,-,-,-,-,-,-,-,-,-,-,-,-,-,-,-,-,3
Sin escolaridad,-,1,1,-,-,-,1,-,-,-,-,-,-,-,1,3,4,-,-,-,4,-,1,1,-,-,-,1,1,2,3,-,-,-,3,1,-,1,-,-,-,1,-,-,-,-,-,-,-,1,1,2,-,-,-,2,-,-,-,-,-,-,-,-,1,1,-,-,-,1,-,-,-,-,-,-,-,-,1,1,-,-,-,1,1,3,4,-,-,-,4,1,1,2,-,-,-,2,1,-,1,-,-,-,1,-,-,-,-,-,-,-,-,-,-,-,-,-,-,-,-,-,-,-,-,-,-,-,-,-,-,-,-,-,1,1,-,-,-,1,-,-,-,-,-,-,-,22
Sin información,-,4,4,-,-,-,4,-,2,2,-,-,-,2,-,9,9,-,1,1,10,-,1,1,-,-,-,1,2,16,18,-,2,2,20,-,7,7,-,2,2,9,-,2,2,-,-,-,2,-,17,17,-,4,4,21,-,-,-,1,-,1,1,-,9,9,-,2,2,11,-,1,1,-,-,-,1,-,5,5,-,-,-,5,-,2,2,-,2,2,4,-,9,9,-,-,-,9,-,1,1,-,1,1,2,-,1,1,-,-,-,1,-,1,1,-,1,1,2,-,1,1,-,-,-,1,-,8,8,-,-,-,8,-,1,1,-,-,-,1,-,-,-,-,-,-,-,115
TOTAL,1,13,14,-,2,2,16,-,9,9,-,2,2,11,1,106,107,-,10,10,117,-,13,13,-,-,-,13,9,173,182,-,16,16,198,2,46,48,-,8,8,56,1,24,25,-,-,-,25,3,159,162,1,14,15,177,1,5,6,1,1,2,8,-,56,56,-,5,5,61,-,14,14,-,-,-,14,2,60,62,-,8,8,70,1,64,65,-,6,6,71,1,54,55,-,1,1,56,3,48,51,-,5,5,56,-,3,3,-,-,-,3,-,13,13,1,1,2,15,1,38,39,-,4,4,43,-,48,48,-,2,2,50,1,65,66,-,7,7,73,-,1,1,-,-,-,1,1134
VARIABLE: ESTADO CIVIL,,,,,,,,,,,,,,,,,,,,,,,,,,,,,,,,,,,,,,,,,,,,,,,,,,,,,,,,,,,,,,,,,,,,,,,,,,,,,,,,,,,,,,,,,,,,,,,,,,,,,,,,,,,,,,,,,,,,,,,,,,,,,,,,,,,,,,,,,,,,,,,,,,,,
Soltero(a),1,8,9,-,1,1,10,-,4,4,-,1,1,5,-,56,56,-,5,5,61,-,6,6,-,-,-,6,7,89,96,-,4,4,100,1,27,28,-,5,5,33,1,10,11,-,-,-,11,2,77,79,1,3,4,83,1,5,6,-,-,-,6,-,31,31,-,-,-,31,-,7,7,-,-,-,7,2,31,33,-,3,3,36,-,30,30,-,2,2,32,-,27,27,-,1,1,28,2,24,26,-,3,3,29,-,2,2,-,-,-,2,-,4,4,1,1,2,6,1,22,23,-,2,2,25,-,24,24,-,1,1,25,1,40,41,-,2,2,43,-,1,1,-,-,-,1,580
Unión libre,-,2,2,-,1,1,3,-,3,3,-,-,-,3,-,33,33,-,4,4,37,-,4,4,-,-,-,4,-,62,62,-,9,9,71,-,9,9,-,1,1,10,-,11,11,-,-,-,11,-,54,54,-,4,4,58,-,-,-,-,1,1,1,-,13,13,-,2,2,15,-,5,5,-,-,-,5,-,19,19,-,4,4,23,-,24,24,-,2,2,26,-,14,14,-,-,-,14,-,19,19,-,2,2,21,-,1,1,-,-,-,1,-,4,4,-,-,-,4,-,12,12,-,2,2,14,-,15,15,-,1,1,16,-,22,22,-,4,4,26,-,-,-,-,-,-,-,363
Casado(a),-,-,-,-,-,-,-,-,-,-,-,-,-,-,-,8,8,-,-,-,8,-,1,1,-,-,-,1,-,5,5,-,1,1,6,-,3,3,-,-,-,3,-,2,2,-,-,-,2,-,7,7,-,1,1,8,-,-,-,-,-,-,-,-,1,1,-,1,1,2,-,2,2,-,-,-,2,-,1,1,-,-,-,1,-,2,2,-,-,-,2,-,2,2,-,-,-,2,-,3,3,-,-,-,3,-,-,-,-,-,-,-,-,3,3,-,-,-,3,-,-,-,-,-,-,-,-,-,-,-,-,-,-,-,1,1,-,-,-,1,-,-,-,-,-,-,-,44
"Separado(a), divorciado(a)",-,-,-,-,-,-,-,-,-,-,-,1,1,1,-,3,3,-,1,1,4,-,-,-,-,-,-,-,-,3,3,-,-,-,3,-,1,1,-,1,1,2,-,-,-,-,-,-,-,-,3,3,-,1,1,4,-,-,-,-,-,-,-,-,3,3,-,-,-,3,-,-,-,-,-,-,-,-,2,2,-,1,1,3,-,3,3,-,-,-,3,-,2,2,-,-,-,2,-,1,1,-,-,-,1,-,-,-,-,-,-,-,-,-,-,-,-,-,-,-,-,-,-,-,-,-,-,1,1,-,-,-,1,-,1,1,-,-,-,1,-,-,-,-,-,-,-,28
Viudo(a),-,-,-,-,-,-,-,-,-,-,-,-,-,-,-,-,-,-,-,-,-,-,-,-,-,-,-,-,-,-,-,-,-,-,-,-,-,-,-,-,-,-,-,-,-,-,-,-,-,-,-,-,-,1,1,1,-,-,-,-,-,-,-,-,-,-,-,-,-,-,-,-,-,-,-,-,-,-,1,1,-,-,-,1,-,2,2,-,1,1,3,-,-,-,-,-,-,-,-,-,-,-,-,-,-,-,-,-,-,-,-,-,-,-,-,-,-,-,-,-,-,-,-,-,-,-,-,-,-,-,-,-,-,-,-,-,-,-,-,-,-,-,-,-,-,-,-,5
No aplica,-,-,-,-,-,-,-,-,-,-,-,-,-,-,1,-,1,-,-,-,1,-,-,-,-,-,-,-,2,-,2,-,-,-,2,1,-,1,-,-,-,1,-,-,-,-,-,-,-,1,-,1,-,-,-,1,-,-,-,-,-,-,-,-,-,-,-,-,-,-,-,-,-,-,-,-,-,-,-,-,-,-,-,-,1,-,1,-,-,-,1,1,-,1,-,-,-,1,1,-,1,-,-,-,1,-,-,-,-,-,-,-,-,-,-,-,-,-,-,-,-,-,-,-,-,-,-,-,-,-,-,-,-,-,-,-,-,-,-,-,-,-,-,-,-,-,-,8
Sin información,-,3,3,-,-,-,3,-,2,2,-,-,-,2,-,6,6,-,-,-,6,-,2,2,-,-,-,2,-,14,14,-,2,2,16,-,6,6,-,1,1,7,-,1,1,-,-,-,1,-,18,18,-,4,4,22,-,-,-,1,-,1,1,-,8,8,-,2,2,10,-,-,-,-,-,-,-,-,6,6,-,-,-,6,-,3,3,-,1,1,4,-,9,9,-,-,-,9,-,1,1,-,-,-,1,-,-,-,-,-,-,-,-,2,2,-,-,-,2,-,4,4,-,-,-,4,-,8,8,-,-,-,8,-,1,1,-,1,1,2,-,-,-,-,-,-,-,106
TOTAL,1,13,14,-,2,2,16,-,9,9,-,2,2,11,1,106,107,-,10,10,117,-,13,13,-,-,-,13,9,173,182,-,16,16,198,2,46,48,-,8,8,56,1,24,25,-,-,-,25,3,159,162,1,14,15,177,1,5,6,1,1,2,8,-,56,56,-,5,5,61,-,14,14,-,-,-,14,2,60,62,-,8,8,70,1,64,65,-,6,6,71,1,54,55,-,1,1,56,3,48,51,-,5,5,56,-,3,3,-,-,-,3,-,13,13,1,1,2,15,1,38,39,-,4,4,43,-,48,48,-,2,2,50,1,65,66,-,7,7,73,-,1,1,-,-,-,1,1134
VARIABLE: FACTOR DE VULNERABILIDAD,,,,,,,,,,,,,,,,,,,,,,,,,,,,,,,,,,,,,,,,,,,,,,,,,,,,,,,,,,,,,,,,,,,,,,,,,,,,,,,,,,,,,,,,,,,,,,,,,,,,,,,,,,,,,,,,,,,,,,,,,,,,,,,,,,,,,,,,,,,,,,,,,,,,
Comunidad LGBT,-,-,-,-,1,1,1,-,-,-,-,-,-,-,-,-,-,-,-,-,-,-,-,-,-,-,-,-,-,-,-,-,1,1,1,-,-,-,-,-,-,-,-,-,-,-,-,-,-,-,-,-,-,-,-,-,-,-,-,-,-,-,-,-,1,1,-,-,-,1,-,-,-,-,-,-,-,-,-,-,-,-,-,-,-,1,1,-,-,-,1,-,-,-,-,-,-,-,-,-,-,-,-,-,-,-,-,-,-,-,-,-,-,-,-,-,-,-,-,-,-,-,-,-,-,-,-,-,-,-,-,-,-,-,-,-,-,-,-,-,-,-,-,-,-,-,-,4
Discapacitados,-,-,-,-,-,-,-,-,-,-,-,-,-,-,-,-,-,-,-,-,-,-,-,-,-,-,-,-,-,1,1,-,-,-,1,-,-,-,-,-,-,-,-,-,-,-,-,-,-,-,-,-,-,-,-,-,-,-,-,-,-,-,-,-,-,-,-,-,-,-,-,-,-,-,-,-,-,-,-,-,-,-,-,-,-,-,-,-,-,-,-,-,-,-,-,-,-,-,-,-,-,-,-,-,-,-,-,-,-,-,-,-,-,-,-,-,-,-,-,-,-,-,-,-,-,-,-,1,1,-,-,-,1,-,-,-,-,-,-,-,-,-,-,-,-,-,-,2
Ex convictos (as),-,-,-,-,-,-,-,-,-,-,-,-,-,-,-,-,-,-,-,-,-,-,-,-,-,-,-,-,-,2,2,-,-,-,2,-,-,-,-,-,-,-,-,-,-,-,-,-,-,-,-,-,-,-,-,-,-,-,-,-,-,-,-,-,-,-,-,-,-,-,-,-,-,-,-,-,-,-,-,-,-,-,-,-,-,-,-,-,-,-,-,-,-,-,-,-,-,-,-,-,-,-,-,-,-,-,-,-,-,-,-,-,-,-,-,-,-,-,-,-,-,-,-,-,-,-,-,-,-,-,-,-,-,-,-,-,-,-,-,-,-,-,-,-,-,-,-,2
Funcionarios judiciales,-,1,1,-,-,-,1,-,-,-,-,-,-,-,-,-,-,-,-,-,-,-,1,1,-,-,-,1,-,-,-,-,-,-,-,-,-,-,-,-,-,-,-,-,-,-,-,-,-,-,-,-,-,-,-,-,-,-,-,-,-,-,-,-,-,-,-,-,-,-,-,-,-,-,-,-,-,-,-,-,-,-,-,-,-,-,-,-,-,-,-,-,-,-,-,-,-,-,-,-,-,-,-,-,-,-,-,-,-,-,-,-,-,-,-,-,-,-,-,-,-,-,-,-,-,-,-,-,-,-,-,-,-,-,-,-,-,-,-,-,-,-,-,-,-,-,-,2
Grupos étnicos,-,-,-,-,-,-,-,-,-,-,-,-,-,-,-,-,-,-,-,-,-,-,-,-,-,-,-,-,-,2,2,-,-,-,2,-,1,1,-,-,-,1,-,-,-,-,-,-,-,-,-,-,-,-,-,-,-,-,-,-,-,-,-,-,1,1,-,2,2,3,-,-,-,-,-,-,-,-,1,1,-,-,-,1,-,-,-,-,-,-,-,-,-,-,-,-,-,-,-,-,-,-,-,-,-,-,-,-,-,-,-,-,-,-,-,-,-,-,-,-,1,1,-,-,-,1,-,-,-,-,-,-,-,-,-,-,-,-,-,-,-,-,-,-,-,-,-,8
Maestro/educador,-,-,-,-,-,-,-,-,-,-,-,-,-,-,-,-,-,-,-,-,-,-,-,-,-,-,-,-,-,-,-,-,-,-,-,-,-,-,-,-,-,-,-,-,-,-,-,-,-,-,-,-,-,-,-,-,-,-,-,-,-,-,-,-,-,-,-,-,-,-,-,-,-,-,-,-,-,-,-,-,-,-,-,-,-,-,-,-,-,-,-,-,1,1,-,-,-,1,-,-,-,-,-,-,-,-,-,-,-,-,-,-,-,1,1,-,-,-,1,-,-,-,-,-,-,-,-,-,-,-,-,-,-,-,-,-,-,-,-,-,-,-,-,-,-,-,-,2
Miembros de organizaciones no gubernamentales (ONG),-,-,-,-,-,-,-,-,-,-,-,-,-,-,-,-,-,-,-,-,-,-,-,-,-,-,-,-,-,-,-,-,-,-,-,-,-,-,-,-,-,-,-,-,-,-,-,-,-,-,-,-,-,-,-,-,-,-,-,-,-,-,-,-,-,-,-,-,-,-,-,-,-,-,-,-,-,-,-,-,-,-,-,-,-,-,-,-,-,-,-,-,-,-,-,-,-,-,-,-,-,-,-,-,-,-,-,-,-,-,-,-,-,-,-,-,-,-,-,-,1,1,-,-,-,1,-,-,-,-,-,-,-,-,-,-,-,-,-,-,-,-,-,-,-,-,-,1
Múltiples factores,-,-,-,-,-,-,-,-,-,-,-,-,-,-,-,1,1,-,-,-,1,-,-,-,-,-,-,-,-,4,4,-,-,-,4,-,-,-,-,-,-,-,-,-,-,-,-,-,-,-,6,6,-,-,-,6,-,-,-,-,-,-,-,-,1,1,-,-,-,1,-,-,-,-,-,-,-,-,-,-,-,1,1,1,-,-,-,-,-,-,-,-,-,-,-,-,-,-,-,-,-,-,-,-,-,-,-,-,-,-,-,-,-,-,-,-,-,-,-,-,1,1,-,-,-,1,-,-,-,-,-,-,-,-,-,-,-,-,-,-,-,-,-,-,-,-,-,14
Persona adicta a una droga natural o sintética,-,2,2,-,-,-,2,-,1,1,-,-,-,1,-,14,14,-,2,2,16,-,2,2,-,-,-,2,3,31,34,-,3,3,37,-,9,9,-,-,-,9,-,2,2,-,-,-,2,-,21,21,-,1,1,22,-,3,3,-,-,-,3,-,5,5,-,-,-,5,-,-,-,-,-,-,-,-,9,9,-,1,1,10,-,12,12,-,-,-,12,-,12,12,-,-,-,12,-,6,6,-,-,-,6,-,-,-,-,-,-,-,-,1,1,-,-,-,1,-,6,6,-,2,2,8,-,9,9,-,-,-,9,-,12,12,-,-,-,12,-,-,-,-,-,-,-,169
Persona en condición de desplazamiento,-,1,1,-,-,-,1,-,-,-,-,-,-,-,-,1,1,-,-,-,1,-,-,-,-,-,-,-,-,2,2,-,-,-,2,1,1,2,-,1,1,3,-,1,1,-,-,-,1,1,1,2,-,-,-,2,-,-,-,-,-,-,-,-,-,-,-,-,-,-,-,-,-,-,-,-,-,-,1,1,-,-,-,1,-,2,2,-,-,-,2,-,2,2,-,-,-,2,1,-,1,-,-,-,1,-,-,-,-,-,-,-,-,-,-,-,-,-,-,-,-,-,-,-,-,-,-,-,-,-,-,-,-,-,1,1,-,-,-,1,-,-,-,-,-,-,-,17
Persona en situación de la calle,-,2,2,-,-,-,2,-,2,2,-,1,1,3,-,4,4,-,-,-,4,-,-,-,-,-,-,-,-,2,2,-,-,-,2,-,-,-,-,-,-,-,1,1,2,-,-,-,2,-,7,7,-,-,-,7,-,-,-,-,-,-,-,-,3,3,-,-,-,3,-,-,-,-,-,-,-,-,2,2,-,-,-,2,-,2,2,-,-,-,2,-,2,2,-,-,-,2,-,1,1,-,-,-,1,-,-,-,-,-,-,-,-,-,-,-,-,-,-,-,-,-,-,-,-,-,-,1,1,-,-,-,1,-,2,2,-,-,-,2,-,-,-,-,-,-,-,33
Personas bajo custodia,-,-,-,-,-,-,-,-,1,1,-,-,-,1,-,-,-,-,-,-,-,-,-,-,-,-,-,-,-,3,3,-,-,-,3,-,-,-,-,-,-,-,-,-,-,-,-,-,-,-,1,1,-,-,-,1,-,-,-,-,-,-,-,-,-,-,-,-,-,-,-,1,1,-,-,-,1,-,2,2,-,-,-,2,-,-,-,-,-,-,-,-,-,-,-,-,-,-,-,-,-,-,-,-,-,-,-,-,-,-,-,-,-,1,1,-,-,-,1,-,1,1,-,-,-,1,-,-,-,-,-,-,-,-,-,-,-,-,-,-,-,-,-,-,-,-,-,10
Personas desmovilizadas o reinsertadas,-,-,-,-,-,-,-,-,-,-,-,-,-,-,-,-,-,-,-,-,-,-,-,-,-,-,-,-,-,-,-,-,-,-,-,-,-,-,-,-,-,-,-,-,-,-,-,-,-,-,1,1,-,-,-,1,-,-,-,-,-,-,-,-,-,-,-,-,-,-,-,-,-,-,-,-,-,-,-,-,-,-,-,-,-,-,-,-,-,-,-,-,-,-,-,-,-,-,-,-,-,-,-,-,-,-,-,-,-,-,-,-,-,-,-,-,-,-,-,-,-,-,-,-,-,-,-,-,-,-,-,-,-,-,-,-,-,-,-,-,-,-,-,-,-,-,-,1
Personas que ejercen actividades de periodismo,-,-,-,-,-,-,-,-,-,-,-,-,-,-,-,-,-,-,-,-,-,-,-,-,-,-,-,-,-,-,-,-,-,-,-,-,-,-,-,-,-,-,-,-,-,-,-,-,-,-,-,-,-,-,-,-,-,-,-,-,-,-,-,-,-,-,-,-,-,-,-,-,-,-,-,-,-,-,-,-,-,-,-,-,-,-,-,-,-,-,-,-,-,-,-,-,-,-,-,-,-,-,-,-,-,-,-,-,-,-,-,-,-,-,-,-,1,1,1,-,-,-,-,-,-,-,-,-,-,-,-,-,-,-,-,-,-,-,-,-,-,-,-,-,-,-,-,1
Personas que ejercen actividades políticas,-,-,-,-,-,-,-,-,-,-,-,-,-,-,-,-,-,-,-,-,-,-,1,1,-,-,-,1,-,-,-,-,-,-,-,-,-,-,-,-,-,-,-,-,-,-,-,-,-,-,-,-,-,-,-,-,-,-,-,-,-,-,-,-,-,-,-,-,-,-,-,-,-,-,-,-,-,-,-,-,-,-,-,-,-,-,-,-,-,-,-,-,-,-,-,-,-,-,-,1,1,-,-,-,1,-,-,-,-,-,-,-,-,-,-,-,-,-,-,-,-,-,-,-,-,-,-,-,-,-,-,-,-,-,-,-,-,-,-,-,-,-,-,-,-,-,-,2
Recicladores,-,-,-,-,-,-,-,-,-,-,-,-,-,-,-,1,1,-,-,-,1,-,-,-,-,-,-,-,-,1,1,-,-,-,1,-,-,-,-,-,-,-,-,-,-,-,-,-,-,-,2,2,-,-,-,2,-,-,-,-,-,-,-,-,1,1,-,-,-,1,-,-,-,-,-,-,-,-,1,1,-,1,1,2,-,1,1,-,-,-,1,-,-,-,-,-,-,-,-,1,1,-,-,-,1,-,-,-,-,-,-,-,-,-,-,-,-,-,-,-,-,-,-,-,-,-,-,-,-,-,-,-,-,-,-,-,-,-,-,-,-,-,-,-,-,-,-,9
Ninguno,1,4,5,-,1,1,6,-,4,4,-,1,1,5,1,69,70,-,7,7,77,-,7,7,-,-,-,7,6,107,113,-,9,9,122,1,32,33,-,7,7,40,-,17,17,-,-,-,17,2,104,106,1,11,12,118,1,1,2,1,1,2,4,-,38,38,-,3,3,41,-,12,12,-,-,-,12,2,36,38,-,5,5,43,1,35,36,-,5,5,41,1,28,29,-,1,1,30,2,30,32,-,4,4,36,-,2,2,-,-,-,2,-,10,10,1,-,1,11,1,20,21,-,2,2,23,-,31,31,-,2,2,33,1,46,47,-,6,6,53,-,1,1,-,-,-,1,722
Sin información,-,3,3,-,-,-,3,-,1,1,-,-,-,1,-,16,16,-,1,1,17,-,2,2,-,-,-,2,-,18,18,-,3,3,21,-,3,3,-,-,-,3,-,3,3,-,-,-,3,-,16,16,-,2,2,18,-,1,1,-,-,-,1,-,6,6,-,-,-,6,-,1,1,-,-,-,1,-,8,8,-,-,-,8,-,11,11,-,1,1,12,-,9,9,-,-,-,9,-,9,9,-,1,1,10,-,1,1,-,-,-,1,-,-,-,-,-,-,-,-,8,8,-,-,-,8,-,6,6,-,-,-,6,-,4,4,-,1,1,5,-,-,-,-,-,-,-,135
TOTAL,1,13,14,-,2,2,16,-,9,9,-,2,2,11,1,106,107,-,10,10,117,-,13,13,-,-,-,13,9,173,182,-,16,16,198,2,46,48,-,8,8,56,1,24,25,-,-,-,25,3,159,162,1,14,15,177,1,5,6,1,1,2,8,-,56,56,-,5,5,61,-,14,14,-,-,-,14,2,60,62,-,8,8,70,1,64,65,-,6,6,71,1,54,55,-,1,1,56,3,48,51,-,5,5,56,-,3,3,-,-,-,3,-,13,13,1,1,2,15,1,38,39,-,4,4,43,-,48,48,-,2,2,50,1,65,66,-,7,7,73,-,1,1,-,-,-,1,1134
VARIABLE: ANCESTRO RACIAL,,,,,,,,,,,,,,,,,,,,,,,,,,,,,,,,,,,,,,,,,,,,,,,,,,,,,,,,,,,,,,,,,,,,,,,,,,,,,,,,,,,,,,,,,,,,,,,,,,,,,,,,,,,,,,,,,,,,,,,,,,,,,,,,,,,,,,,,,,,,,,,,,,,,
Blanco,1,2,3,-,-,-,3,-,-,-,-,-,-,-,-,2,2,-,1,1,3,-,-,-,-,-,-,-,-,6,6,-,1,1,7,-,3,3,-,-,-,3,-,1,1,-,-,-,1,-,4,4,-,-,-,4,1,-,1,-,-,-,1,-,1,1,-,-,-,1,-,-,-,-,-,-,-,-,1,1,-,-,-,1,-,-,-,-,-,-,-,-,2,2,-,-,-,2,-,2,2,-,-,-,2,-,-,-,-,-,-,-,-,-,-,-,-,-,-,-,2,2,-,-,-,2,-,3,3,-,-,-,3,-,4,4,-,-,-,4,-,-,-,-,-,-,-,37
Indigena,-,-,-,-,-,-,-,-,-,-,-,-,-,-,-,-,-,-,-,-,-,-,-,-,-,-,-,-,-,-,-,-,-,-,-,-,-,-,-,-,-,-,-,-,-,-,-,-,-,-,-,-,-,-,-,-,-,-,-,-,-,-,-,-,-,-,-,1,1,1,-,-,-,-,-,-,-,-,-,-,-,-,-,-,-,-,-,-,-,-,-,-,-,-,-,-,-,-,-,1,1,-,-,-,1,-,-,-,-,-,-,-,-,-,-,-,-,-,-,-,-,-,-,-,-,-,-,-,-,-,-,-,-,-,-,-,-,1,1,1,-,-,-,-,-,-,-,3
Mestizo,-,10,10,-,2,2,12,-,8,8,-,2,2,10,1,86,87,-,9,9,96,-,10,10,-,-,-,10,9,138,147,-,12,12,159,2,32,34,-,6,6,40,1,17,18,-,-,-,18,3,128,131,1,8,9,140,-,5,5,1,1,2,7,-,46,46,-,4,4,50,-,12,12,-,-,-,12,2,51,53,-,8,8,61,-,53,53,-,6,6,59,1,43,44,-,-,-,44,3,33,36,-,4,4,40,-,3,3,-,-,-,3,-,12,12,1,1,2,14,1,30,31,-,2,2,33,-,37,37,-,2,2,39,1,51,52,-,6,6,58,-,-,-,-,-,-,-,905
Mulato,-,1,1,-,-,-,1,-,-,-,-,-,-,-,-,2,2,-,-,-,2,-,1,1,-,-,-,1,-,-,-,-,-,-,-,-,-,-,-,-,-,-,-,2,2,-,-,-,2,-,1,1,-,-,-,1,-,-,-,-,-,-,-,-,1,1,-,-,-,1,-,-,-,-,-,-,-,-,1,1,-,-,-,1,-,-,-,-,-,-,-,-,1,1,-,-,-,1,-,1,1,-,-,-,1,-,-,-,-,-,-,-,-,-,-,-,-,-,-,-,-,-,-,-,-,-,-,-,-,-,-,-,-,-,-,-,-,-,-,-,-,-,-,-,-,-,-,11
Negro,-,-,-,-,-,-,-,-,-,-,-,-,-,-,-,1,1,-,-,-,1,-,-,-,-,-,-,-,-,5,5,-,1,1,6,-,2,2,-,-,-,2,-,-,-,-,-,-,-,-,6,6,-,-,-,6,-,-,-,-,-,-,-,-,2,2,-,-,-,2,-,1,1,-,-,-,1,-,1,1,-,-,-,1,-,1,1,-,-,-,1,-,1,1,-,-,-,1,-,1,1,-,1,1,2,-,-,-,-,-,-,-,-,-,-,-,-,-,-,-,1,1,-,1,1,2,-,1,1,-,-,-,1,-,-,-,-,-,-,-,-,-,-,-,-,-,-,26
Sin Información,-,-,-,-,-,-,-,-,1,1,-,-,-,1,-,15,15,-,-,-,15,-,2,2,-,-,-,2,-,24,24,-,2,2,26,-,9,9,-,2,2,11,-,4,4,-,-,-,4,-,20,20,-,6,6,26,-,-,-,-,-,-,-,-,6,6,-,-,-,6,-,1,1,-,-,-,1,-,6,6,-,-,-,6,1,10,11,-,-,-,11,-,7,7,-,1,1,8,-,10,10,-,-,-,10,-,-,-,-,-,-,-,-,1,1,-,-,-,1,-,5,5,-,1,1,6,-,7,7,-,-,-,7,-,10,10,-,-,-,10,-,1,1,-,-,-,1,152
TOTAL,1,13,14,-,2,2,16,-,9,9,-,2,2,11,1,106,107,-,10,10,117,-,13,13,-,-,-,13,9,173,182,-,16,16,198,2,46,48,-,8,8,56,1,24,25,-,-,-,25,3,159,162,1,14,15,177,1,5,6,1,1,2,8,-,56,56,-,5,5,61,-,14,14,-,-,-,14,2,60,62,-,8,8,70,1,64,65,-,6,6,71,1,54,55,-,1,1,56,3,48,51,-,5,5,56,-,3,3,-,-,-,3,-,13,13,1,1,2,15,1,38,39,-,4,4,43,-,48,48,-,2,2,50,1,65,66,-,7,7,73,-,1,1,-,-,-,1,1134
VARIABLE: PRESUNTO AGRESOR,,,,,,,,,,,,,,,,,,,,,,,,,,,,,,,,,,,,,,,,,,,,,,,,,,,,,,,,,,,,,,,,,,,,,,,,,,,,,,,,,,,,,,,,,,,,,,,,,,,,,,,,,,,,,,,,,,,,,,,,,,,,,,,,,,,,,,,,,,,,,,,,,,,,
Agresor desconocido,1,5,6,-,1,1,7,-,1,1,-,1,1,2,-,19,19,-,-,-,19,-,3,3,-,-,-,3,-,25,25,-,4,4,29,-,8,8,-,-,-,8,-,3,3,-,-,-,3,-,29,29,-,1,1,30,1,3,4,-,-,-,4,-,8,8,-,1,1,9,-,5,5,-,-,-,5,-,9,9,-,2,2,11,-,8,8,-,1,1,9,-,13,13,-,-,-,13,-,8,8,-,-,-,8,-,1,1,-,-,-,1,-,1,1,-,-,-,1,-,6,6,-,1,1,7,-,12,12,-,-,-,12,-,11,11,-,-,-,11,-,-,-,-,-,-,-,192
Agresor desconocido,1,5,6,-,1,1,7,-,1,1,-,1,1,2,-,19,19,-,-,-,19,-,3,3,-,-,-,3,-,25,25,-,4,4,29,-,8,8,-,-,-,8,-,3,3,-,-,-,3,-,29,29,-,1,1,30,1,3,4,-,-,-,4,-,8,8,-,1,1,9,-,5,5,-,-,-,5,-,9,9,-,2,2,11,-,8,8,-,1,1,9,-,13,13,-,-,-,13,-,8,8,-,-,-,8,-,1,1,-,-,-,1,-,1,1,-,-,-,1,-,6,6,-,1,1,7,-,12,12,-,-,-,12,-,11,11,-,-,-,11,-,-,-,-,-,-,-,192
Amigo (a),-,-,-,-,-,-,-,-,-,-,-,-,-,-,-,2,2,-,2,2,4,-,-,-,-,-,-,-,-,2,2,-,-,-,2,-,-,-,-,-,-,-,-,-,-,-,-,-,-,-,-,-,-,-,-,-,-,-,-,-,-,-,-,-,-,-,-,-,-,-,-,-,-,-,-,-,-,-,-,-,-,-,-,-,-,-,-,-,-,-,-,-,-,-,-,-,-,-,-,-,-,-,-,-,-,-,-,-,-,-,-,-,-,1,1,-,-,-,1,-,-,-,-,-,-,-,-,1,1,-,-,-,1,-,-,-,-,-,-,-,-,-,-,-,-,-,-,8
Amigo (a),-,-,-,-,-,-,-,-,-,-,-,-,-,-,-,2,2,-,2,2,4,-,-,-,-,-,-,-,-,2,2,-,-,-,2,-,-,-,-,-,-,-,-,-,-,-,-,-,-,-,-,-,-,-,-,-,-,-,-,-,-,-,-,-,-,-,-,-,-,-,-,-,-,-,-,-,-,-,-,-,-,-,-,-,-,-,-,-,-,-,-,-,-,-,-,-,-,-,-,-,-,-,-,-,-,-,-,-,-,-,-,-,-,1,1,-,-,-,1,-,-,-,-,-,-,-,-,1,1,-,-,-,1,-,-,-,-,-,-,-,-,-,-,-,-,-,-,8
Conocido,-,-,-,-,-,-,-,-,1,1,-,-,-,1,-,1,1,-,-,-,1,-,1,1,-,-,-,1,-,-,-,-,-,-,-,-,1,1,-,-,-,1,-,2,2,-,-,-,2,-,3,3,-,2,2,5,-,-,-,1,-,1,1,-,1,1,-,-,-,1,-,-,-,-,-,-,-,-,1,1,-,1,1,2,-,1,1,-,-,-,1,-,-,-,-,-,-,-,1,2,3,-,-,-,3,-,-,-,-,-,-,-,-,-,-,-,-,-,-,-,-,-,-,-,-,-,-,1,1,-,-,-,1,-,2,2,-,-,-,2,-,-,-,-,-,-,-,22
Compañero (a) de trabajo ,-,-,-,-,-,-,-,-,-,-,-,-,-,-,-,-,-,-,-,-,-,-,-,-,-,-,-,-,-,-,-,-,-,-,-,-,-,-,-,-,-,-,-,-,-,-,-,-,-,-,-,-,-,-,-,-,-,-,-,-,-,-,-,-,-,-,-,-,-,-,-,-,-,-,-,-,-,-,-,-,-,-,-,-,-,-,-,-,-,-,-,-,-,-,-,-,-,-,-,1,1,-,-,-,1,-,-,-,-,-,-,-,-,-,-,-,-,-,-,-,-,-,-,-,-,-,-,-,-,-,-,-,-,-,-,-,-,-,-,-,-,-,-,-,-,-,-,1
Conocido sin ningun trato,-,-,-,-,-,-,-,-,1,1,-,-,-,1,-,1,1,-,-,-,1,-,-,-,-,-,-,-,-,-,-,-,-,-,-,-,1,1,-,-,-,1,-,2,2,-,-,-,2,-,3,3,-,2,2,5,-,-,-,1,-,1,1,-,1,1,-,-,-,1,-,-,-,-,-,-,-,-,1,1,-,1,1,2,-,-,-,-,-,-,-,-,-,-,-,-,-,-,1,-,1,-,-,-,1,-,-,-,-,-,-,-,-,-,-,-,-,-,-,-,-,-,-,-,-,-,-,1,1,-,-,-,1,-,2,2,-,-,-,2,-,-,-,-,-,-,-,18
Vecino,-,-,-,-,-,-,-,-,-,-,-,-,-,-,-,-,-,-,-,-,-,-,1,1,-,-,-,1,-,-,-,-,-,-,-,-,-,-,-,-,-,-,-,-,-,-,-,-,-,-,-,-,-,-,-,-,-,-,-,-,-,-,-,-,-,-,-,-,-,-,-,-,-,-,-,-,-,-,-,-,-,-,-,-,-,1,1,-,-,-,1,-,-,-,-,-,-,-,-,1,1,-,-,-,1,-,-,-,-,-,-,-,-,-,-,-,-,-,-,-,-,-,-,-,-,-,-,-,-,-,-,-,-,-,-,-,-,-,-,-,-,-,-,-,-,-,-,3
Delincuencia común,-,-,-,-,-,-,-,-,-,-,-,-,-,-,-,1,1,-,-,-,1,-,-,-,-,-,-,-,-,7,7,-,-,-,7,-,4,4,-,-,-,4,-,-,-,-,-,-,-,-,6,6,-,-,-,6,-,-,-,-,-,-,-,-,2,2,-,1,1,3,-,-,-,-,-,-,-,-,2,2,-,-,-,2,-,1,1,-,-,-,1,-,2,2,-,-,-,2,-,1,1,-,-,-,1,-,-,-,-,-,-,-,-,-,-,-,1,1,1,-,1,1,-,-,-,1,-,4,4,-,-,-,4,-,1,1,-,-,-,1,-,-,-,-,-,-,-,34
Delincuencia común,-,-,-,-,-,-,-,-,-,-,-,-,-,-,-,1,1,-,-,-,1,-,-,-,-,-,-,-,-,7,7,-,-,-,7,-,4,4,-,-,-,4,-,-,-,-,-,-,-,-,6,6,-,-,-,6,-,-,-,-,-,-,-,-,2,2,-,1,1,3,-,-,-,-,-,-,-,-,2,2,-,-,-,2,-,1,1,-,-,-,1,-,2,2,-,-,-,2,-,1,1,-,-,-,1,-,-,-,-,-,-,-,-,-,-,-,1,1,1,-,1,1,-,-,-,1,-,4,4,-,-,-,4,-,1,1,-,-,-,1,-,-,-,-,-,-,-,34
Encargado del cuidado,-,-,-,-,-,-,-,-,-,-,-,-,-,-,-,-,-,-,-,-,-,-,-,-,-,-,-,-,-,-,-,-,-,-,-,-,-,-,-,-,-,-,-,-,-,-,-,-,-,-,-,-,-,-,-,-,-,-,-,-,-,-,-,-,-,-,-,-,-,-,-,-,-,-,-,-,-,-,-,-,-,-,-,-,-,-,-,-,-,-,-,-,-,-,-,-,-,-,1,-,1,-,-,-,1,-,-,-,-,-,-,-,-,-,-,-,-,-,-,-,-,-,-,-,-,-,-,-,-,-,-,-,-,-,-,-,-,-,-,-,-,-,-,-,-,-,-,1
Encargado del cuidado,-,-,-,-,-,-,-,-,-,-,-,-,-,-,-,-,-,-,-,-,-,-,-,-,-,-,-,-,-,-,-,-,-,-,-,-,-,-,-,-,-,-,-,-,-,-,-,-,-,-,-,-,-,-,-,-,-,-,-,-,-,-,-,-,-,-,-,-,-,-,-,-,-,-,-,-,-,-,-,-,-,-,-,-,-,-,-,-,-,-,-,-,-,-,-,-,-,-,1,-,1,-,-,-,1,-,-,-,-,-,-,-,-,-,-,-,-,-,-,-,-,-,-,-,-,-,-,-,-,-,-,-,-,-,-,-,-,-,-,-,-,-,-,-,-,-,-,1
Familiar,-,-,-,-,-,-,-,-,-,-,-,-,-,-,-,1,1,-,1,1,2,-,-,-,-,-,-,-,1,1,2,-,-,-,2,1,-,1,-,1,1,2,-,-,-,-,-,-,-,-,-,-,-,-,-,-,-,-,-,-,-,-,-,-,-,-,-,-,-,-,-,-,-,-,-,-,-,-,1,1,-,-,-,1,-,2,2,-,-,-,2,-,1,1,-,-,-,1,-,-,-,-,-,-,-,-,-,-,-,-,-,-,-,-,-,1,-,1,1,-,1,1,-,1,1,2,-,-,-,-,-,-,-,-,3,3,-,2,2,5,-,-,-,-,-,-,-,18
Cuñado (a),-,-,-,-,-,-,-,-,-,-,-,-,-,-,-,-,-,-,-,-,-,-,-,-,-,-,-,-,-,-,-,-,-,-,-,-,-,-,-,-,-,-,-,-,-,-,-,-,-,-,-,-,-,-,-,-,-,-,-,-,-,-,-,-,-,-,-,-,-,-,-,-,-,-,-,-,-,-,-,-,-,-,-,-,-,-,-,-,-,-,-,-,-,-,-,-,-,-,-,-,-,-,-,-,-,-,-,-,-,-,-,-,-,-,-,-,-,-,-,-,-,-,-,-,-,-,-,-,-,-,-,-,-,-,1,1,-,-,-,1,-,-,-,-,-,-,-,1
Hermano (a),-,-,-,-,-,-,-,-,-,-,-,-,-,-,-,-,-,-,-,-,-,-,-,-,-,-,-,-,-,-,-,-,-,-,-,-,-,-,-,-,-,-,-,-,-,-,-,-,-,-,-,-,-,-,-,-,-,-,-,-,-,-,-,-,-,-,-,-,-,-,-,-,-,-,-,-,-,-,-,-,-,-,-,-,-,-,-,-,-,-,-,-,-,-,-,-,-,-,-,-,-,-,-,-,-,-,-,-,-,-,-,-,-,-,-,-,-,-,-,-,-,-,-,-,-,-,-,-,-,-,-,-,-,-,1,1,-,-,-,1,-,-,-,-,-,-,-,1
Hijo (a),-,-,-,-,-,-,-,-,-,-,-,-,-,-,-,-,-,-,1,1,1,-,-,-,-,-,-,-,-,-,-,-,-,-,-,-,-,-,-,1,1,1,-,-,-,-,-,-,-,-,-,-,-,-,-,-,-,-,-,-,-,-,-,-,-,-,-,-,-,-,-,-,-,-,-,-,-,-,-,-,-,-,-,-,-,-,-,-,-,-,-,-,-,-,-,-,-,-,-,-,-,-,-,-,-,-,-,-,-,-,-,-,-,-,-,-,-,-,-,-,-,-,-,-,-,-,-,-,-,-,-,-,-,-,-,-,-,1,1,1,-,-,-,-,-,-,-,3
Madre,-,-,-,-,-,-,-,-,-,-,-,-,-,-,-,-,-,-,-,-,-,-,-,-,-,-,-,-,-,-,-,-,-,-,-,1,-,1,-,-,-,1,-,-,-,-,-,-,-,-,-,-,-,-,-,-,-,-,-,-,-,-,-,-,-,-,-,-,-,-,-,-,-,-,-,-,-,-,-,-,-,-,-,-,-,-,-,-,-,-,-,-,-,-,-,-,-,-,-,-,-,-,-,-,-,-,-,-,-,-,-,-,-,-,-,-,-,-,-,-,-,-,-,-,-,-,-,-,-,-,-,-,-,-,-,-,-,-,-,-,-,-,-,-,-,-,-,1
Padrastro,-,-,-,-,-,-,-,-,-,-,-,-,-,-,-,-,-,-,-,-,-,-,-,-,-,-,-,-,1,-,1,-,-,-,1,-,-,-,-,-,-,-,-,-,-,-,-,-,-,-,-,-,-,-,-,-,-,-,-,-,-,-,-,-,-,-,-,-,-,-,-,-,-,-,-,-,-,-,-,-,-,-,-,-,-,-,-,-,-,-,-,-,-,-,-,-,-,-,-,-,-,-,-,-,-,-,-,-,-,-,-,-,-,-,-,-,-,-,-,-,-,-,-,-,-,-,-,-,-,-,-,-,-,-,-,-,-,1,1,1,-,-,-,-,-,-,-,2
Padre,-,-,-,-,-,-,-,-,-,-,-,-,-,-,-,-,-,-,-,-,-,-,-,-,-,-,-,-,-,-,-,-,-,-,-,-,-,-,-,-,-,-,-,-,-,-,-,-,-,-,-,-,-,-,-,-,-,-,-,-,-,-,-,-,-,-,-,-,-,-,-,-,-,-,-,-,-,-,-,-,-,-,-,-,-,-,-,-,-,-,-,-,-,-,-,-,-,-,-,-,-,-,-,-,-,-,-,-,-,-,-,-,-,-,-,1,-,1,1,-,-,-,-,-,-,-,-,-,-,-,-,-,-,-,-,-,-,-,-,-,-,-,-,-,-,-,-,1
Primo (a),-,-,-,-,-,-,-,-,-,-,-,-,-,-,-,-,-,-,-,-,-,-,-,-,-,-,-,-,-,-,-,-,-,-,-,-,-,-,-,-,-,-,-,-,-,-,-,-,-,-,-,-,-,-,-,-,-,-,-,-,-,-,-,-,-,-,-,-,-,-,-,-,-,-,-,-,-,-,-,-,-,-,-,-,-,1,1,-,-,-,1,-,-,-,-,-,-,-,-,-,-,-,-,-,-,-,-,-,-,-,-,-,-,-,-,-,-,-,-,-,-,-,-,-,-,-,-,-,-,-,-,-,-,-,-,-,-,-,-,-,-,-,-,-,-,-,-,1
Suegro (a),-,-,-,-,-,-,-,-,-,-,-,-,-,-,-,-,-,-,-,-,-,-,-,-,-,-,-,-,-,-,-,-,-,-,-,-,-,-,-,-,-,-,-,-,-,-,-,-,-,-,-,-,-,-,-,-,-,-,-,-,-,-,-,-,-,-,-,-,-,-,-,-,-,-,-,-,-,-,-,-,-,-,-,-,-,-,-,-,-,-,-,-,-,-,-,-,-,-,-,-,-,-,-,-,-,-,-,-,-,-,-,-,-,-,-,-,-,-,-,-,1,1,-,-,-,1,-,-,-,-,-,-,-,-,-,-,-,-,-,-,-,-,-,-,-,-,-,1
Tío (a),-,-,-,-,-,-,-,-,-,-,-,-,-,-,-,-,-,-,-,-,-,-,-,-,-,-,-,-,-,-,-,-,-,-,-,-,-,-,-,-,-,-,-,-,-,-,-,-,-,-,-,-,-,-,-,-,-,-,-,-,-,-,-,-,-,-,-,-,-,-,-,-,-,-,-,-,-,-,-,-,-,-,-,-,-,-,-,-,-,-,-,-,-,-,-,-,-,-,-,-,-,-,-,-,-,-,-,-,-,-,-,-,-,-,-,-,-,-,-,-,-,-,-,-,-,-,-,-,-,-,-,-,-,-,1,1,-,-,-,1,-,-,-,-,-,-,-,1
Otros familiares civiles o consanguíneos,-,-,-,-,-,-,-,-,-,-,-,-,-,-,-,1,1,-,-,-,1,-,-,-,-,-,-,-,-,1,1,-,-,-,1,-,-,-,-,-,-,-,-,-,-,-,-,-,-,-,-,-,-,-,-,-,-,-,-,-,-,-,-,-,-,-,-,-,-,-,-,-,-,-,-,-,-,-,1,1,-,-,-,1,-,1,1,-,-,-,1,-,1,1,-,-,-,1,-,-,-,-,-,-,-,-,-,-,-,-,-,-,-,-,-,-,-,-,-,-,-,-,-,1,1,1,-,-,-,-,-,-,-,-,-,-,-,-,-,-,-,-,-,-,-,-,-,6
Miembro de un grupo de la delincuencia organizada,-,-,-,-,-,-,-,-,-,-,-,-,-,-,-,-,-,-,-,-,-,-,1,1,-,-,-,1,-,-,-,-,-,-,-,-,-,-,-,-,-,-,-,-,-,-,-,-,-,-,-,-,-,-,-,-,-,-,-,-,-,-,-,-,-,-,-,-,-,-,-,-,-,-,-,-,-,-,1,1,-,-,-,1,-,-,-,-,-,-,-,-,-,-,-,-,-,-,-,-,-,-,-,-,-,-,-,-,-,-,-,-,-,-,-,-,-,-,-,-,-,-,-,-,-,-,-,-,-,-,-,-,-,-,-,-,-,-,-,-,-,-,-,-,-,-,-,2
Narcotraficantes,-,-,-,-,-,-,-,-,-,-,-,-,-,-,-,-,-,-,-,-,-,-,-,-,-,-,-,-,-,-,-,-,-,-,-,-,-,-,-,-,-,-,-,-,-,-,-,-,-,-,-,-,-,-,-,-,-,-,-,-,-,-,-,-,-,-,-,-,-,-,-,-,-,-,-,-,-,-,1,1,-,-,-,1,-,-,-,-,-,-,-,-,-,-,-,-,-,-,-,-,-,-,-,-,-,-,-,-,-,-,-,-,-,-,-,-,-,-,-,-,-,-,-,-,-,-,-,-,-,-,-,-,-,-,-,-,-,-,-,-,-,-,-,-,-,-,-,1
Pandillas,-,-,-,-,-,-,-,-,-,-,-,-,-,-,-,-,-,-,-,-,-,-,1,1,-,-,-,1,-,-,-,-,-,-,-,-,-,-,-,-,-,-,-,-,-,-,-,-,-,-,-,-,-,-,-,-,-,-,-,-,-,-,-,-,-,-,-,-,-,-,-,-,-,-,-,-,-,-,-,-,-,-,-,-,-,-,-,-,-,-,-,-,-,-,-,-,-,-,-,-,-,-,-,-,-,-,-,-,-,-,-,-,-,-,-,-,-,-,-,-,-,-,-,-,-,-,-,-,-,-,-,-,-,-,-,-,-,-,-,-,-,-,-,-,-,-,-,1
Miembros de las fuerzas armadas y de policía,-,1,1,-,-,-,1,-,-,-,-,-,-,-,-,1,1,-,-,-,1,-,1,1,-,-,-,1,-,-,-,-,-,-,-,-,-,-,-,-,-,-,-,-,-,-,-,-,-,-,-,-,-,-,-,-,-,-,-,-,-,-,-,-,1,1,-,-,-,1,-,-,-,-,-,-,-,-,-,-,-,-,-,-,-,-,-,-,-,-,-,-,-,-,-,-,-,-,-,-,-,-,-,-,-,-,-,-,-,-,-,-,-,-,-,-,-,-,-,-,-,-,-,-,-,-,-,1,1,-,-,-,1,-,1,1,-,-,-,1,-,-,-,-,-,-,-,6
Policía,-,1,1,-,-,-,1,-,-,-,-,-,-,-,-,1,1,-,-,-,1,-,1,1,-,-,-,1,-,-,-,-,-,-,-,-,-,-,-,-,-,-,-,-,-,-,-,-,-,-,-,-,-,-,-,-,-,-,-,-,-,-,-,-,1,1,-,-,-,1,-,-,-,-,-,-,-,-,-,-,-,-,-,-,-,-,-,-,-,-,-,-,-,-,-,-,-,-,-,-,-,-,-,-,-,-,-,-,-,-,-,-,-,-,-,-,-,-,-,-,-,-,-,-,-,-,-,1,1,-,-,-,1,-,1,1,-,-,-,1,-,-,-,-,-,-,-,6
Pareja o ex pareja,-,-,-,-,-,-,-,-,-,-,-,1,1,1,-,-,-,-,1,1,1,-,-,-,-,-,-,-,-,1,1,-,1,1,2,-,-,-,-,3,3,3,-,-,-,-,-,-,-,-,1,1,-,-,-,1,-,-,-,-,-,-,-,-,1,1,-,1,1,2,-,-,-,-,-,-,-,-,-,-,-,1,1,1,-,2,2,-,1,1,3,-,-,-,-,-,-,-,-,-,-,-,3,3,3,-,-,-,-,-,-,-,-,-,-,-,-,-,-,-,-,-,-,-,-,-,-,-,-,-,1,1,1,-,-,-,-,2,2,2,-,-,-,-,-,-,-,20
Compañero (a)  permanente,-,-,-,-,-,-,-,-,-,-,-,-,-,-,-,-,-,-,1,1,1,-,-,-,-,-,-,-,-,1,1,-,1,1,2,-,-,-,-,2,2,2,-,-,-,-,-,-,-,-,1,1,-,-,-,1,-,-,-,-,-,-,-,-,-,-,-,-,-,-,-,-,-,-,-,-,-,-,-,-,-,1,1,1,-,-,-,-,-,-,-,-,-,-,-,-,-,-,-,-,-,-,1,1,1,-,-,-,-,-,-,-,-,-,-,-,-,-,-,-,-,-,-,-,-,-,-,-,-,-,1,1,1,-,-,-,-,1,1,1,-,-,-,-,-,-,-,10
Esposo (a),-,-,-,-,-,-,-,-,-,-,-,1,1,1,-,-,-,-,-,-,-,-,-,-,-,-,-,-,-,-,-,-,-,-,-,-,-,-,-,-,-,-,-,-,-,-,-,-,-,-,-,-,-,-,-,-,-,-,-,-,-,-,-,-,-,-,-,-,-,-,-,-,-,-,-,-,-,-,-,-,-,-,-,-,-,-,-,-,-,-,-,-,-,-,-,-,-,-,-,-,-,-,1,1,1,-,-,-,-,-,-,-,-,-,-,-,-,-,-,-,-,-,-,-,-,-,-,-,-,-,-,-,-,-,-,-,-,-,-,-,-,-,-,-,-,-,-,2
Ex - esposo (a),-,-,-,-,-,-,-,-,-,-,-,-,-,-,-,-,-,-,-,-,-,-,-,-,-,-,-,-,-,-,-,-,-,-,-,-,-,-,-,1,1,1,-,-,-,-,-,-,-,-,-,-,-,-,-,-,-,-,-,-,-,-,-,-,-,-,-,-,-,-,-,-,-,-,-,-,-,-,-,-,-,-,-,-,-,-,-,-,-,-,-,-,-,-,-,-,-,-,-,-,-,-,-,-,-,-,-,-,-,-,-,-,-,-,-,-,-,-,-,-,-,-,-,-,-,-,-,-,-,-,-,-,-,-,-,-,-,1,1,1,-,-,-,-,-,-,-,2
Ex compañero (a) permanente,-,-,-,-,-,-,-,-,-,-,-,-,-,-,-,-,-,-,-,-,-,-,-,-,-,-,-,-,-,-,-,-,-,-,-,-,-,-,-,-,-,-,-,-,-,-,-,-,-,-,-,-,-,-,-,-,-,-,-,-,-,-,-,-,-,-,-,-,-,-,-,-,-,-,-,-,-,-,-,-,-,-,-,-,-,1,1,-,-,-,1,-,-,-,-,-,-,-,-,-,-,-,-,-,-,-,-,-,-,-,-,-,-,-,-,-,-,-,-,-,-,-,-,-,-,-,-,-,-,-,-,-,-,-,-,-,-,-,-,-,-,-,-,-,-,-,-,1
Novio (a),-,-,-,-,-,-,-,-,-,-,-,-,-,-,-,-,-,-,-,-,-,-,-,-,-,-,-,-,-,-,-,-,-,-,-,-,-,-,-,-,-,-,-,-,-,-,-,-,-,-,-,-,-,-,-,-,-,-,-,-,-,-,-,-,1,1,-,1,1,2,-,-,-,-,-,-,-,-,-,-,-,-,-,-,-,1,1,-,1,1,2,-,-,-,-,-,-,-,-,-,-,-,1,1,1,-,-,-,-,-,-,-,-,-,-,-,-,-,-,-,-,-,-,-,-,-,-,-,-,-,-,-,-,-,-,-,-,-,-,-,-,-,-,-,-,-,-,5
Tribus urbanas,-,-,-,-,-,-,-,-,-,-,-,-,-,-,-,-,-,-,-,-,-,-,-,-,-,-,-,-,-,-,-,-,-,-,-,-,-,-,-,-,-,-,-,-,-,-,-,-,-,-,-,-,-,-,-,-,-,-,-,-,-,-,-,-,-,-,-,-,-,-,-,-,-,-,-,-,-,-,-,-,-,-,-,-,-,1,1,-,-,-,1,-,-,-,-,-,-,-,-,-,-,-,-,-,-,-,-,-,-,-,-,-,-,-,-,-,-,-,-,-,-,-,-,-,-,-,-,-,-,-,-,-,-,-,-,-,-,-,-,-,-,-,-,-,-,-,-,1
Barra(s) futbolera(s),-,-,-,-,-,-,-,-,-,-,-,-,-,-,-,-,-,-,-,-,-,-,-,-,-,-,-,-,-,-,-,-,-,-,-,-,-,-,-,-,-,-,-,-,-,-,-,-,-,-,-,-,-,-,-,-,-,-,-,-,-,-,-,-,-,-,-,-,-,-,-,-,-,-,-,-,-,-,-,-,-,-,-,-,-,1,1,-,-,-,1,-,-,-,-,-,-,-,-,-,-,-,-,-,-,-,-,-,-,-,-,-,-,-,-,-,-,-,-,-,-,-,-,-,-,-,-,-,-,-,-,-,-,-,-,-,-,-,-,-,-,-,-,-,-,-,-,1
Sin información,-,7,7,-,1,1,8,-,7,7,-,-,-,7,1,81,82,-,6,6,88,-,7,7,-,-,-,7,8,137,145,-,11,11,156,1,33,34,-,4,4,38,1,19,20,-,-,-,20,3,120,123,1,11,12,135,-,2,2,-,1,1,3,-,43,43,-,2,2,45,-,9,9,-,-,-,9,2,46,48,-,4,4,52,1,49,50,-,4,4,54,1,38,39,-,1,1,40,1,37,38,-,2,2,40,-,2,2,-,-,-,2,-,11,11,-,-,-,11,1,30,31,-,2,2,33,-,29,29,-,1,1,30,1,47,48,-,3,3,51,-,1,1,-,-,-,1,830
Sin información,-,7,7,-,1,1,8,-,7,7,-,-,-,7,1,81,82,-,6,6,88,-,7,7,-,-,-,7,8,137,145,-,11,11,156,1,33,34,-,4,4,38,1,19,20,-,-,-,20,3,120,123,1,11,12,135,-,2,2,-,1,1,3,-,43,43,-,2,2,45,-,9,9,-,-,-,9,2,46,48,-,4,4,52,1,49,50,-,4,4,54,1,38,39,-,1,1,40,1,37,38,-,2,2,40,-,2,2,-,-,-,2,-,11,11,-,-,-,11,1,30,31,-,2,2,33,-,29,29,-,1,1,30,1,47,48,-,3,3,51,-,1,1,-,-,-,1,830
TOTAL,1,13,14,-,2,2,16,-,9,9,-,2,2,11,1,106,107,-,10,10,117,-,13,13,-,-,-,13,9,173,182,-,16,16,198,2,46,48,-,8,8,56,1,24,25,-,-,-,25,3,159,162,1,14,15,177,1,5,6,1,1,2,8,-,56,56,-,5,5,61,-,14,14,-,-,-,14,2,60,62,-,8,8,70,1,64,65,-,6,6,71,1,54,55,-,1,1,56,3,48,51,-,5,5,56,-,3,3,-,-,-,3,-,13,13,1,1,2,15,1,38,39,-,4,4,43,-,48,48,-,2,2,50,1,65,66,-,7,7,73,-,1,1,-,-,-,1,1134
VARIABLE: CIRCUNSTANCIA DEL HECHO,,,,,,,,,,,,,,,,,,,,,,,,,,,,,,,,,,,,,,,,,,,,,,,,,,,,,,,,,,,,,,,,,,,,,,,,,,,,,,,,,,,,,,,,,,,,,,,,,,,,,,,,,,,,,,,,,,,,,,,,,,,,,,,,,,,,,,,,,,,,,,,,,,,,
Violencia Económica,-,-,-,-,-,-,-,-,-,-,-,-,-,-,-,1,1,-,1,1,2,-,-,-,-,-,-,-,-,1,1,-,-,-,1,-,-,-,-,-,-,-,-,-,-,-,-,-,-,-,-,-,-,-,-,-,-,-,-,-,-,-,-,-,1,1,-,-,-,1,-,-,-,-,-,-,-,-,-,-,-,-,-,-,-,-,-,-,-,-,-,-,-,-,-,-,-,-,-,-,-,-,-,-,-,-,-,-,-,-,-,-,-,-,-,-,-,-,-,-,-,-,-,-,-,-,-,-,-,-,-,-,-,-,-,-,-,-,-,-,-,-,-,-,-,-,-,4
Hurto,-,-,-,-,-,-,-,-,-,-,-,-,-,-,-,1,1,-,1,1,2,-,-,-,-,-,-,-,-,1,1,-,-,-,1,-,-,-,-,-,-,-,-,-,-,-,-,-,-,-,-,-,-,-,-,-,-,-,-,-,-,-,-,-,1,1,-,-,-,1,-,-,-,-,-,-,-,-,-,-,-,-,-,-,-,-,-,-,-,-,-,-,-,-,-,-,-,-,-,-,-,-,-,-,-,-,-,-,-,-,-,-,-,-,-,-,-,-,-,-,-,-,-,-,-,-,-,-,-,-,-,-,-,-,-,-,-,-,-,-,-,-,-,-,-,-,-,4
Violencia interpersonal,-,-,-,-,-,-,-,-,-,-,-,-,-,-,-,3,3,-,-,-,3,-,-,-,-,-,-,-,-,4,4,-,-,-,4,-,-,-,-,1,1,1,-,1,1,-,-,-,1,-,4,4,-,-,-,4,-,-,-,-,-,-,-,-,3,3,-,2,2,5,-,1,1,-,-,-,1,-,4,4,-,1,1,5,-,3,3,-,-,-,3,-,1,1,-,-,-,1,-,1,1,-,-,-,1,-,1,1,-,-,-,1,-,-,-,-,-,-,-,-,3,3,-,-,-,3,-,4,4,-,-,-,4,-,-,-,-,-,-,-,-,-,-,-,-,-,-,37
Ajuste de cuentas,-,-,-,-,-,-,-,-,-,-,-,-,-,-,-,-,-,-,-,-,-,-,-,-,-,-,-,-,-,3,3,-,-,-,3,-,-,-,-,-,-,-,-,-,-,-,-,-,-,-,1,1,-,-,-,1,-,-,-,-,-,-,-,-,1,1,-,-,-,1,-,1,1,-,-,-,1,-,3,3,-,1,1,4,-,1,1,-,-,-,1,-,1,1,-,-,-,1,-,-,-,-,-,-,-,-,-,-,-,-,-,-,-,-,-,-,-,-,-,-,1,1,-,-,-,1,-,4,4,-,-,-,4,-,-,-,-,-,-,-,-,-,-,-,-,-,-,17
Riña,-,-,-,-,-,-,-,-,-,-,-,-,-,-,-,3,3,-,-,-,3,-,-,-,-,-,-,-,-,1,1,-,-,-,1,-,-,-,-,1,1,1,-,1,1,-,-,-,1,-,3,3,-,-,-,3,-,-,-,-,-,-,-,-,2,2,-,2,2,4,-,-,-,-,-,-,-,-,1,1,-,-,-,1,-,2,2,-,-,-,2,-,-,-,-,-,-,-,-,1,1,-,-,-,1,-,1,1,-,-,-,1,-,-,-,-,-,-,-,-,2,2,-,-,-,2,-,-,-,-,-,-,-,-,-,-,-,-,-,-,-,-,-,-,-,-,-,20
Violencia intrafamiliar,-,-,-,-,-,-,-,-,-,-,-,1,1,1,-,1,1,-,2,2,3,-,-,-,-,-,-,-,1,2,3,-,1,1,4,1,-,1,-,4,4,5,-,-,-,-,-,-,-,-,1,1,-,-,-,1,-,-,-,-,-,-,-,-,1,1,-,1,1,2,-,-,-,-,-,-,-,-,1,1,-,1,1,2,-,4,4,-,1,1,5,-,1,1,-,-,-,1,1,-,1,-,3,3,4,-,-,-,-,-,-,-,-,-,-,1,-,1,1,-,1,1,-,1,1,2,-,-,-,-,1,1,1,-,3,3,-,4,4,7,-,-,-,-,-,-,-,39
"Violencia a niños, niñas y adolescentes",-,-,-,-,-,-,-,-,-,-,-,-,-,-,-,-,-,-,-,-,-,-,-,-,-,-,-,-,1,-,1,-,-,-,1,1,-,1,-,-,-,1,-,-,-,-,-,-,-,-,-,-,-,-,-,-,-,-,-,-,-,-,-,-,-,-,-,-,-,-,-,-,-,-,-,-,-,-,-,-,-,-,-,-,-,-,-,-,-,-,-,-,-,-,-,-,-,-,1,-,1,-,-,-,1,-,-,-,-,-,-,-,-,-,-,1,-,1,1,-,-,-,-,-,-,-,-,-,-,-,-,-,-,-,-,-,-,-,-,-,-,-,-,-,-,-,-,4
Violencia al adulto mayor,-,-,-,-,-,-,-,-,-,-,-,-,-,-,-,-,-,-,-,-,-,-,-,-,-,-,-,-,-,-,-,-,-,-,-,-,-,-,-,1,1,1,-,-,-,-,-,-,-,-,-,-,-,-,-,-,-,-,-,-,-,-,-,-,-,-,-,-,-,-,-,-,-,-,-,-,-,-,-,-,-,-,-,-,-,1,1,-,-,-,1,-,-,-,-,-,-,-,-,-,-,-,-,-,-,-,-,-,-,-,-,-,-,-,-,-,-,-,-,-,-,-,-,-,-,-,-,-,-,-,-,-,-,-,-,-,-,-,-,-,-,-,-,-,-,-,-,2
Violencia de pareja,-,-,-,-,-,-,-,-,-,-,-,1,1,1,-,-,-,-,1,1,1,-,-,-,-,-,-,-,-,1,1,-,1,1,2,-,-,-,-,3,3,3,-,-,-,-,-,-,-,-,1,1,-,-,-,1,-,-,-,-,-,-,-,-,1,1,-,1,1,2,-,-,-,-,-,-,-,-,-,-,-,1,1,1,-,2,2,-,1,1,3,-,-,-,-,-,-,-,-,-,-,-,3,3,3,-,-,-,-,-,-,-,-,-,-,-,-,-,-,-,-,-,-,-,-,-,-,-,-,-,1,1,1,-,-,-,-,2,2,2,-,-,-,-,-,-,-,20
Violencia entre otros familiares,-,-,-,-,-,-,-,-,-,-,-,-,-,-,-,1,1,-,1,1,2,-,-,-,-,-,-,-,-,1,1,-,-,-,1,-,-,-,-,-,-,-,-,-,-,-,-,-,-,-,-,-,-,-,-,-,-,-,-,-,-,-,-,-,-,-,-,-,-,-,-,-,-,-,-,-,-,-,1,1,-,-,-,1,-,1,1,-,-,-,1,-,1,1,-,-,-,1,-,-,-,-,-,-,-,-,-,-,-,-,-,-,-,-,-,-,-,-,-,-,1,1,-,1,1,2,-,-,-,-,-,-,-,-,3,3,-,2,2,5,-,-,-,-,-,-,-,13
Sin información,1,13,14,-,2,2,16,-,9,9,-,1,1,10,1,101,102,-,7,7,109,-,13,13,-,-,-,13,8,166,174,-,15,15,189,1,46,47,-,3,3,50,1,23,24,-,-,-,24,3,154,157,1,14,15,172,1,5,6,1,1,2,8,-,51,51,-,2,2,53,-,13,13,-,-,-,13,2,55,57,-,6,6,63,1,57,58,-,5,5,63,1,52,53,-,1,1,54,2,47,49,-,2,2,51,-,2,2,-,-,-,2,-,13,13,-,1,1,14,1,34,35,-,3,3,38,-,44,44,-,1,1,45,1,62,63,-,3,3,66,-,1,1,-,-,-,1,1054
Sin información,1,13,14,-,2,2,16,-,9,9,-,1,1,10,1,101,102,-,7,7,109,-,13,13,-,-,-,13,8,166,174,-,15,15,189,1,46,47,-,3,3,50,1,23,24,-,-,-,24,3,154,157,1,14,15,172,1,5,6,1,1,2,8,-,51,51,-,2,2,53,-,13,13,-,-,-,13,2,55,57,-,6,6,63,1,57,58,-,5,5,63,1,52,53,-,1,1,54,2,47,49,-,2,2,51,-,2,2,-,-,-,2,-,13,13,-,1,1,14,1,34,35,-,3,3,38,-,44,44,-,1,1,45,1,62,63,-,3,3,66,-,1,1,-,-,-,1,1054
TOTAL,1,13,14,-,2,2,16,-,9,9,-,2,2,11,1,106,107,-,10,10,117,-,13,13,-,-,-,13,9,173,182,-,16,16,198,2,46,48,-,8,8,56,1,24,25,-,-,-,25,3,159,162,1,14,15,177,1,5,6,1,1,2,8,-,56,56,-,5,5,61,-,14,14,-,-,-,14,2,60,62,-,8,8,70,1,64,65,-,6,6,71,1,54,55,-,1,1,56,3,48,51,-,5,5,56,-,3,3,-,-,-,3,-,13,13,1,1,2,15,1,38,39,-,4,4,43,-,48,48,-,2,2,50,1,65,66,-,7,7,73,-,1,1,-,-,-,1,1134
VARIABLE: ACTIVIDAD DURANTE EL HECHO,,,,,,,,,,,,,,,,,,,,,,,,,,,,,,,,,,,,,,,,,,,,,,,,,,,,,,,,,,,,,,,,,,,,,,,,,,,,,,,,,,,,,,,,,,,,,,,,,,,,,,,,,,,,,,,,,,,,,,,,,,,,,,,,,,,,,,,,,,,,,,,,,,,,
Actividades de desplazamiento de un lugar a otro,-,-,-,-,-,-,-,-,-,-,-,-,-,-,-,1,1,-,-,-,1,-,-,-,-,-,-,-,-,3,3,-,-,-,3,-,-,-,-,-,-,-,-,-,-,-,-,-,-,-,1,1,-,-,-,1,-,-,-,-,1,1,1,-,1,1,-,-,-,1,-,-,-,-,-,-,-,-,2,2,-,-,-,2,-,1,1,-,-,-,1,-,1,1,-,-,-,1,-,-,-,-,-,-,-,-,-,-,-,-,-,-,-,-,-,-,-,-,-,-,1,1,-,-,-,1,-,-,-,-,-,-,-,1,1,2,-,-,-,2,-,-,-,-,-,-,-,14
Actividades de trabajo doméstico no pagado para el uso del propio hogar,-,-,-,-,-,-,-,-,2,2,-,1,1,3,-,4,4,-,1,1,5,-,1,1,-,-,-,1,2,9,11,-,1,1,12,-,2,2,-,-,-,2,-,1,1,-,-,-,1,-,6,6,1,2,3,9,-,-,-,-,-,-,-,-,3,3,-,-,-,3,-,-,-,-,-,-,-,-,2,2,-,-,-,2,-,5,5,-,1,1,6,-,2,2,-,-,-,2,-,1,1,-,-,-,1,-,2,2,-,-,-,2,-,1,1,-,-,-,1,-,2,2,-,-,-,2,-,4,4,-,1,1,5,-,5,5,-,1,1,6,-,-,-,-,-,-,-,63
Actividades ilícitas o delictivas,-,1,1,-,-,-,1,-,-,-,-,-,-,-,-,1,1,-,-,-,1,-,1,1,-,-,-,1,-,1,1,-,-,-,1,-,-,-,-,-,-,-,-,1,1,-,-,-,1,-,4,4,-,-,-,4,-,-,-,-,-,-,-,-,2,2,-,-,-,2,-,2,2,-,-,-,2,-,2,2,-,-,-,2,-,3,3,-,-,-,3,-,-,-,-,-,-,-,-,-,-,-,-,-,-,-,-,-,-,-,-,-,-,-,-,-,-,-,-,-,3,3,-,-,-,3,-,2,2,-,-,-,2,-,2,2,-,-,-,2,-,-,-,-,-,-,-,25
Actividades relacionadas con el trabajo remunerado,-,1,1,-,-,-,1,-,-,-,-,-,-,-,-,2,2,-,-,-,2,-,1,1,-,-,-,1,-,2,2,-,-,-,2,-,1,1,-,-,-,1,-,2,2,-,-,-,2,-,1,1,-,-,-,1,-,-,-,-,-,-,-,-,3,3,-,-,-,3,-,-,-,-,-,-,-,-,2,2,-,-,-,2,-,1,1,-,-,-,1,-,2,2,-,-,-,2,-,-,-,-,-,-,-,-,-,-,-,-,-,-,-,-,-,-,-,-,-,-,1,1,-,-,-,1,-,-,-,-,-,-,-,-,1,1,-,-,-,1,-,-,-,-,-,-,-,20
"Actividades relacionadas con la asistencia a eventos culturales, de entretenimiento y/o deportivos",-,-,-,-,-,-,-,-,1,1,-,-,-,1,-,9,9,-,2,2,11,-,1,1,-,-,-,1,-,13,13,-,-,-,13,-,5,5,-,-,-,5,-,2,2,-,-,-,2,-,13,13,-,1,1,14,1,2,3,-,-,-,3,-,5,5,-,1,1,6,-,1,1,-,-,-,1,-,6,6,-,-,-,6,-,5,5,-,-,-,5,-,3,3,-,-,-,3,1,2,3,-,-,-,3,-,-,-,-,-,-,-,-,2,2,-,1,1,3,-,4,4,-,-,-,4,-,4,4,-,-,-,4,-,10,10,-,-,-,10,-,-,-,-,-,-,-,95
Actividades relacionadas con los deportes y el ejercicio físico,-,-,-,-,-,-,-,-,-,-,-,-,-,-,-,1,1,-,-,-,1,-,-,-,-,-,-,-,-,1,1,-,-,-,1,-,1,1,-,-,-,1,-,-,-,-,-,-,-,-,2,2,-,-,-,2,-,-,-,-,-,-,-,-,1,1,-,-,-,1,-,1,1,-,-,-,1,-,-,-,-,-,-,-,-,-,-,-,-,-,-,-,1,1,-,-,-,1,-,1,1,-,-,-,1,-,-,-,-,-,-,-,-,-,-,-,-,-,-,-,-,-,-,1,1,1,-,-,-,-,-,-,-,-,-,-,-,-,-,-,-,-,-,-,-,-,-,10
"Actividades relacionadas con manifestaciones públicas (marchas, protestas, etc)",-,-,-,-,-,-,-,-,-,-,-,-,-,-,-,-,-,-,-,-,-,-,-,-,-,-,-,-,-,-,-,-,1,1,1,-,-,-,-,-,-,-,-,-,-,-,-,-,-,-,-,-,-,-,-,-,-,-,-,-,-,-,-,-,-,-,-,-,-,-,-,-,-,-,-,-,-,-,-,-,-,-,-,-,-,-,-,-,-,-,-,-,-,-,-,-,-,-,-,1,1,-,-,-,1,-,-,-,-,-,-,-,-,-,-,-,-,-,-,-,-,-,-,-,-,-,-,-,-,-,-,-,-,-,1,1,-,-,-,1,-,-,-,-,-,-,-,3
Actividades vitales o relacionadas con el cuidado personal,-,-,-,-,1,1,1,-,-,-,-,-,-,-,-,5,5,-,-,-,5,-,-,-,-,-,-,-,-,7,7,-,1,1,8,1,-,1,-,2,2,3,-,1,1,-,-,-,1,-,6,6,-,1,1,7,-,2,2,-,-,-,2,-,-,-,-,-,-,-,-,1,1,-,-,-,1,-,1,1,-,-,-,1,-,1,1,-,-,-,1,-,-,-,-,-,-,-,-,2,2,-,1,1,3,-,-,-,-,-,-,-,-,-,-,-,-,-,-,-,2,2,-,-,-,2,-,3,3,-,-,-,3,-,1,1,-,1,1,2,-,-,-,-,-,-,-,40
Durante una retención ilegal (secuestro),-,-,-,-,-,-,-,-,-,-,-,-,-,-,-,-,-,-,-,-,-,-,-,-,-,-,-,-,-,1,1,-,-,-,1,-,-,-,-,-,-,-,-,-,-,-,-,-,-,-,-,-,-,-,-,-,-,-,-,-,-,-,-,-,-,-,-,-,-,-,-,-,-,-,-,-,-,-,-,-,-,-,-,-,-,-,-,-,-,-,-,-,-,-,-,-,-,-,-,-,-,-,-,-,-,-,-,-,-,-,-,-,-,-,-,-,-,-,-,-,-,-,-,-,-,-,-,-,-,-,-,-,-,-,-,-,-,-,-,-,-,-,-,-,-,-,-,1
Durante una retención legal (preso detenido),-,-,-,-,-,-,-,-,1,1,-,-,-,1,-,1,1,-,-,-,1,-,-,-,-,-,-,-,-,-,-,-,-,-,-,-,-,-,-,-,-,-,-,-,-,-,-,-,-,-,-,-,-,-,-,-,-,-,-,-,-,-,-,-,1,1,-,-,-,1,-,1,1,-,-,-,1,-,-,-,-,-,-,-,-,-,-,-,-,-,-,-,-,-,-,-,-,-,-,-,-,-,-,-,-,-,-,-,-,-,-,-,-,-,-,-,-,-,-,-,1,1,-,-,-,1,-,-,-,-,-,-,-,-,-,-,-,-,-,-,-,-,-,-,-,-,-,5
Quehacer habitualmente no remunerado,-,-,-,-,-,-,-,-,-,-,-,-,-,-,-,-,-,-,-,-,-,-,-,-,-,-,-,-,1,-,1,-,-,-,1,-,-,-,-,-,-,-,-,-,-,-,-,-,-,-,-,-,-,-,-,-,-,-,-,-,-,-,-,-,-,-,-,-,-,-,-,-,-,-,-,-,-,-,-,-,-,-,-,-,1,-,1,-,-,-,1,1,-,1,-,-,-,1,-,-,-,-,-,-,-,-,-,-,-,-,-,-,-,-,-,1,-,1,1,-,-,-,-,-,-,-,-,-,-,-,-,-,-,-,-,-,-,-,-,-,-,-,-,-,-,-,-,4
Sin información,1,11,12,-,1,1,13,-,5,5,-,1,1,6,1,82,83,-,7,7,90,-,9,9,-,-,-,9,6,136,142,-,13,13,155,1,37,38,-,6,6,44,1,17,18,-,-,-,18,3,126,129,-,10,10,139,-,1,1,1,-,1,2,-,40,40,-,4,4,44,-,8,8,-,-,-,8,2,45,47,-,8,8,55,-,48,48,-,5,5,53,-,45,45,-,1,1,46,2,41,43,-,4,4,47,-,1,1,-,-,-,1,-,10,10,-,-,-,10,1,24,25,-,3,3,28,-,35,35,-,1,1,36,-,44,44,-,5,5,49,-,1,1,-,-,-,1,854
TOTAL,1,13,14,-,2,2,16,-,9,9,-,2,2,11,1,106,107,-,10,10,117,-,13,13,-,-,-,13,9,173,182,-,16,16,198,2,46,48,-,8,8,56,1,24,25,-,-,-,25,3,159,162,1,14,15,177,1,5,6,1,1,2,8,-,56,56,-,5,5,61,-,14,14,-,-,-,14,2,60,62,-,8,8,70,1,64,65,-,6,6,71,1,54,55,-,1,1,56,3,48,51,-,5,5,56,-,3,3,-,-,-,3,-,13,13,1,1,2,15,1,38,39,-,4,4,43,-,48,48,-,2,2,50,1,65,66,-,7,7,73,-,1,1,-,-,-,1,1134
VARIABLE: MECANISMO CAUSAL,,,,,,,,,,,,,,,,,,,,,,,,,,,,,,,,,,,,,,,,,,,,,,,,,,,,,,,,,,,,,,,,,,,,,,,,,,,,,,,,,,,,,,,,,,,,,,,,,,,,,,,,,,,,,,,,,,,,,,,,,,,,,,,,,,,,,,,,,,,,,,,,,,,,
Contundente,-,1,1,-,-,-,1,-,1,1,-,-,-,1,-,6,6,-,-,-,6,-,-,-,-,-,-,-,2,4,6,-,-,-,6,-,3,3,-,-,-,3,-,1,1,-,-,-,1,1,5,6,-,1,1,7,-,-,-,-,-,-,-,-,2,2,-,-,-,2,-,-,-,-,-,-,-,-,-,-,-,-,-,-,1,4,5,-,1,1,6,1,6,7,-,-,-,7,1,3,4,-,-,-,4,-,-,-,-,-,-,-,-,1,1,-,-,-,1,-,-,-,-,-,-,-,-,1,1,-,-,-,1,-,2,2,-,1,1,3,-,-,-,-,-,-,-,49
Cortante,-,-,-,-,-,-,-,-,-,-,-,-,-,-,-,2,2,-,-,-,2,-,-,-,-,-,-,-,-,-,-,-,-,-,-,-,-,-,-,-,-,-,-,-,-,-,-,-,-,-,1,1,-,1,1,2,-,-,-,-,-,-,-,-,-,-,-,-,-,-,-,-,-,-,-,-,-,-,1,1,-,-,-,1,-,-,-,-,-,-,-,-,-,-,-,-,-,-,-,1,1,-,-,-,1,-,-,-,-,-,-,-,-,-,-,1,-,1,1,-,-,-,-,-,-,-,-,-,-,-,-,-,-,-,-,-,-,-,-,-,-,-,-,-,-,-,-,7
Cortocontundente,-,-,-,-,-,-,-,-,-,-,-,-,-,-,-,1,1,-,-,-,1,-,-,-,-,-,-,-,-,-,-,-,-,-,-,-,-,-,-,1,1,1,-,-,-,-,-,-,-,-,-,-,-,-,-,-,-,-,-,-,-,-,-,-,-,-,-,-,-,-,-,-,-,-,-,-,-,-,1,1,-,-,-,1,-,2,2,-,-,-,2,-,-,-,-,-,-,-,-,-,-,-,-,-,-,-,-,-,-,-,-,-,-,1,1,-,-,-,1,-,-,-,-,1,1,1,-,-,-,-,-,-,-,1,1,2,-,-,-,2,-,-,-,-,-,-,-,9
Cortopunzante,-,3,3,-,-,-,3,-,3,3,-,2,2,5,-,33,33,-,5,5,38,-,5,5,-,-,-,5,4,50,54,-,5,5,59,1,16,17,-,4,4,21,-,9,9,-,-,-,9,-,38,38,-,1,1,39,1,2,3,1,-,1,4,-,28,28,-,4,4,32,-,5,5,-,-,-,5,1,17,18,-,3,3,21,-,25,25,-,2,2,27,-,16,16,-,-,-,16,1,26,27,-,3,3,30,-,1,1,-,-,-,1,-,2,2,-,-,-,2,-,15,15,-,1,1,16,-,6,6,-,1,1,7,-,18,18,-,1,1,19,-,-,-,-,-,-,-,359
Generadores de asfixia,-,-,-,-,1,1,1,-,-,-,-,-,-,-,1,1,2,-,2,2,4,-,-,-,-,-,-,-,1,2,3,-,2,2,5,-,1,1,-,-,-,1,1,-,1,-,-,-,1,-,2,2,-,2,2,4,-,-,-,-,-,-,-,-,-,-,-,-,-,-,-,1,1,-,-,-,1,-,-,-,-,-,-,-,-,1,1,-,-,-,1,-,-,-,-,-,-,-,-,1,1,-,2,2,3,-,-,-,-,-,-,-,-,2,2,-,-,-,2,1,-,1,-,-,-,1,-,1,1,-,-,-,1,-,1,1,-,-,-,1,-,-,-,-,-,-,-,26
Por determinar,-,-,-,-,-,-,-,-,-,-,-,-,-,-,-,-,-,-,-,-,-,-,-,-,-,-,-,-,-,-,-,-,-,-,-,-,-,-,-,-,-,-,-,-,-,-,-,-,-,-,-,-,-,-,-,-,-,-,-,-,-,-,-,-,-,-,-,-,-,-,-,-,-,-,-,-,-,-,-,-,-,-,-,-,-,1,1,-,-,-,1,-,-,-,-,-,-,-,-,-,-,-,-,-,-,-,-,-,-,-,-,-,-,-,-,-,-,-,-,-,-,-,-,-,-,-,-,-,-,-,-,-,-,-,-,-,-,-,-,-,-,-,-,-,-,-,-,1
Proyectil de arma de fuego,1,9,10,-,-,-,10,-,5,5,-,-,-,5,-,63,63,-,3,3,66,-,8,8,-,-,-,8,2,117,119,-,9,9,128,-,26,26,-,3,3,29,-,14,14,-,-,-,14,2,112,114,1,8,9,123,-,3,3,-,1,1,4,-,26,26,-,1,1,27,-,6,6,-,-,-,6,1,41,42,-,5,5,47,-,31,31,-,2,2,33,-,32,32,-,1,1,33,1,16,17,-,-,-,17,-,2,2,-,-,-,2,-,7,7,-,1,1,8,-,23,23,-,2,2,25,-,40,40,-,1,1,41,-,43,43,-,5,5,48,-,1,1,-,-,-,1,675
Punzante,-,-,-,-,1,1,1,-,-,-,-,-,-,-,-,-,-,-,-,-,-,-,-,-,-,-,-,-,-,-,-,-,-,-,-,-,-,-,-,-,-,-,-,-,-,-,-,-,-,-,-,-,-,1,1,1,-,-,-,-,-,-,-,-,-,-,-,-,-,-,-,-,-,-,-,-,-,-,-,-,-,-,-,-,-,-,-,-,-,-,-,-,-,-,-,-,-,-,-,1,1,-,-,-,1,-,-,-,-,-,-,-,-,-,-,-,-,-,-,-,-,-,-,-,-,-,-,-,-,-,-,-,-,-,-,-,-,-,-,-,-,-,-,-,-,-,-,3
Térmico,-,-,-,-,-,-,-,-,-,-,-,-,-,-,-,-,-,-,-,-,-,-,-,-,-,-,-,-,-,-,-,-,-,-,-,-,-,-,-,-,-,-,-,-,-,-,-,-,-,-,-,-,-,-,-,-,-,-,-,-,-,-,-,-,-,-,-,-,-,-,-,1,1,-,-,-,1,-,-,-,-,-,-,-,-,-,-,-,-,-,-,-,-,-,-,-,-,-,-,-,-,-,-,-,-,-,-,-,-,-,-,-,-,-,-,-,-,-,-,-,-,-,-,-,-,-,-,-,-,-,-,-,-,-,-,-,-,-,-,-,-,-,-,-,-,-,-,1
Tóxico,-,-,-,-,-,-,-,-,-,-,-,-,-,-,-,-,-,-,-,-,-,-,-,-,-,-,-,-,-,-,-,-,-,-,-,1,-,1,-,-,-,1,-,-,-,-,-,-,-,-,1,1,-,-,-,1,-,-,-,-,-,-,-,-,-,-,-,-,-,-,-,1,1,-,-,-,1,-,-,-,-,-,-,-,-,-,-,-,1,1,1,-,-,-,-,-,-,-,-,-,-,-,-,-,-,-,-,-,-,-,-,-,-,-,-,-,-,-,-,-,-,-,-,-,-,-,-,-,-,-,-,-,-,-,-,-,-,-,-,-,-,-,-,-,-,-,-,4
TOTAL,1,13,14,-,2,2,16,-,9,9,-,2,2,11,1,106,107,-,10,10,117,-,13,13,-,-,-,13,9,173,182,-,16,16,198,2,46,48,-,8,8,56,1,24,25,-,-,-,25,3,159,162,1,14,15,177,1,5,6,1,1,2,8,-,56,56,-,5,5,61,-,14,14,-,-,-,14,2,60,62,-,8,8,70,1,64,65,-,6,6,71,1,54,55,-,1,1,56,3,48,51,-,5,5,56,-,3,3,-,-,-,3,-,13,13,1,1,2,15,1,38,39,-,4,4,43,-,48,48,-,2,2,50,1,65,66,-,7,7,73,-,1,1,-,-,-,1,1134
VARIABLE: DIAGNÓSTICO TOPOGRÁFICO DE LA LESIÓN,,,,,,,,,,,,,,,,,,,,,,,,,,,,,,,,,,,,,,,,,,,,,,,,,,,,,,,,,,,,,,,,,,,,,,,,,,,,,,,,,,,,,,,,,,,,,,,,,,,,,,,,,,,,,,,,,,,,,,,,,,,,,,,,,,,,,,,,,,,,,,,,,,,,
Politraumatismo,1,6,7,-,1,1,8,-,5,5,-,1,1,6,-,39,39,-,5,5,44,-,4,4,-,-,-,4,3,57,60,-,5,5,65,1,20,21,-,3,3,24,-,11,11,-,-,-,11,3,73,76,-,2,2,78,-,-,-,-,-,-,-,-,21,21,-,1,1,22,-,3,3,-,-,-,3,-,24,24,-,4,4,28,-,21,21,-,1,1,22,1,23,24,-,1,1,25,1,17,18,-,-,-,18,-,2,2,-,-,-,2,-,5,5,1,-,1,6,-,11,11,-,-,-,11,-,25,25,-,1,1,26,1,21,22,-,2,2,24,-,-,-,-,-,-,-,427
Trauma área Pélvica,-,-,-,-,-,-,-,-,-,-,-,-,-,-,-,-,-,-,-,-,-,-,-,-,-,-,-,-,-,-,-,-,-,-,-,-,-,-,-,-,-,-,-,-,-,-,-,-,-,-,-,-,-,-,-,-,-,-,-,-,-,-,-,-,-,-,-,-,-,-,-,-,-,-,-,-,-,-,1,1,-,-,-,1,-,1,1,-,-,-,1,-,1,1,-,-,-,1,-,-,-,-,-,-,-,-,-,-,-,-,-,-,-,-,-,-,-,-,-,-,-,-,-,-,-,-,-,1,1,-,-,-,1,-,-,-,-,-,-,-,-,-,-,-,-,-,-,4
Trauma craneano,-,4,4,-,-,-,4,-,2,2,-,-,-,2,-,25,25,-,-,-,25,-,3,3,-,-,-,3,-,44,44,-,3,3,47,-,6,6,-,1,1,7,-,5,5,-,-,-,5,-,30,30,1,3,4,34,-,2,2,-,1,1,3,-,8,8,-,1,1,9,-,2,2,-,-,-,2,-,13,13,-,1,1,14,1,12,13,-,2,2,15,-,10,10,-,-,-,10,-,5,5,-,-,-,5,-,-,-,-,-,-,-,-,3,3,-,-,-,3,-,9,9,-,1,1,10,-,10,10,-,-,-,10,-,17,17,-,3,3,20,-,-,-,-,-,-,-,228
Trauma de abdomen,-,-,-,-,-,-,-,-,-,-,-,-,-,-,-,2,2,-,-,-,2,-,-,-,-,-,-,-,-,3,3,-,-,-,3,-,2,2,-,-,-,2,-,1,1,-,-,-,1,-,5,5,-,-,-,5,-,2,2,-,-,-,2,-,1,1,-,-,-,1,-,1,1,-,-,-,1,-,3,3,-,-,-,3,-,1,1,-,-,-,1,-,2,2,-,-,-,2,-,4,4,-,-,-,4,-,-,-,-,-,-,-,-,-,-,-,-,-,-,-,-,-,-,-,-,-,-,2,2,-,-,-,2,-,1,1,-,1,1,2,-,-,-,-,-,-,-,31
Trauma de cuello,-,-,-,-,1,1,1,-,1,1,-,-,-,1,1,7,8,-,3,3,11,-,1,1,-,-,-,1,2,13,15,-,2,2,17,-,4,4,-,-,-,4,1,1,2,-,-,-,2,-,9,9,-,4,4,13,-,1,1,-,-,-,1,-,5,5,-,-,-,5,-,1,1,-,-,-,1,-,4,4,-,1,1,5,-,3,3,-,-,-,3,-,-,-,-,-,-,-,-,6,6,-,1,1,7,-,-,-,-,-,-,-,-,2,2,-,-,-,2,1,5,6,-,1,1,7,-,-,-,-,-,-,-,-,7,7,-,-,-,7,-,1,1,-,-,-,1,89
Trauma de miembros,-,-,-,-,-,-,-,-,-,-,-,-,-,-,-,2,2,-,-,-,2,-,-,-,-,-,-,-,1,5,6,-,-,-,6,-,-,-,-,-,-,-,-,1,1,-,-,-,1,-,-,-,-,-,-,-,-,-,-,-,-,-,-,-,1,1,-,-,-,1,-,-,-,-,-,-,-,-,1,1,-,-,-,1,-,3,3,-,-,-,3,-,1,1,-,-,-,1,1,1,2,-,-,-,2,-,-,-,-,-,-,-,-,-,-,-,-,-,-,-,-,-,-,-,-,-,-,1,1,-,-,-,1,-,1,1,-,-,-,1,-,-,-,-,-,-,-,19
Trauma de Tórax,-,3,3,-,-,-,3,-,1,1,-,1,1,2,-,30,30,-,2,2,32,-,5,5,-,-,-,5,3,48,51,-,6,6,57,-,13,13,-,4,4,17,-,5,5,-,-,-,5,-,40,40,-,4,4,44,1,-,1,1,-,1,2,-,20,20,-,3,3,23,-,6,6,-,-,-,6,2,13,15,-,2,2,17,-,21,21,-,2,2,23,-,17,17,-,-,-,17,1,15,16,-,3,3,19,-,1,1,-,-,-,1,-,2,2,-,1,1,3,-,13,13,-,2,2,15,-,9,9,-,1,1,10,-,17,17,-,-,-,17,-,-,-,-,-,-,-,318
Trauma facial,-,-,-,-,-,-,-,-,-,-,-,-,-,-,-,1,1,-,-,-,1,-,-,-,-,-,-,-,-,2,2,-,-,-,2,-,1,1,-,-,-,1,-,-,-,-,-,-,-,-,1,1,-,-,-,1,-,-,-,-,-,-,-,-,-,-,-,-,-,-,-,-,-,-,-,-,-,-,1,1,-,-,-,1,-,1,1,-,-,-,1,-,-,-,-,-,-,-,-,-,-,-,-,-,-,-,-,-,-,-,-,-,-,1,1,-,-,-,1,-,-,-,-,-,-,-,-,-,-,-,-,-,-,-,1,1,-,1,1,2,-,-,-,-,-,-,-,10
Sin lesiones,-,-,-,-,-,-,-,-,-,-,-,-,-,-,-,-,-,-,-,-,-,-,-,-,-,-,-,-,-,-,-,-,-,-,-,-,-,-,-,-,-,-,-,-,-,-,-,-,-,-,1,1,-,-,-,1,-,-,-,-,-,-,-,-,-,-,-,-,-,-,-,1,1,-,-,-,1,-,-,-,-,-,-,-,-,-,-,-,-,-,-,-,-,-,-,-,-,-,-,-,-,-,-,-,-,-,-,-,-,-,-,-,-,-,-,-,-,-,-,-,-,-,-,-,-,-,-,-,-,-,-,-,-,-,-,-,-,-,-,-,-,-,-,-,-,-,-,2
Por determinar,-,-,-,-,-,-,-,-,-,-,-,-,-,-,-,-,-,-,-,-,-,-,-,-,-,-,-,-,-,1,1,-,-,-,1,1,-,1,-,-,-,1,-,-,-,-,-,-,-,-,-,-,-,1,1,1,-,-,-,-,-,-,-,-,-,-,-,-,-,-,-,-,-,-,-,-,-,-,-,-,-,-,-,-,-,1,1,-,1,1,2,-,-,-,-,-,-,-,-,-,-,-,1,1,1,-,-,-,-,-,-,-,-,-,-,-,-,-,-,-,-,-,-,-,-,-,-,-,-,-,-,-,-,-,-,-,-,-,-,-,-,-,-,-,-,-,-,6
TOTAL,1,13,14,-,2,2,16,-,9,9,-,2,2,11,1,106,107,-,10,10,117,-,13,13,-,-,-,13,9,173,182,-,16,16,198,2,46,48,-,8,8,56,1,24,25,-,-,-,25,3,159,162,1,14,15,177,1,5,6,1,1,2,8,-,56,56,-,5,5,61,-,14,14,-,-,-,14,2,60,62,-,8,8,70,1,64,65,-,6,6,71,1,54,55,-,1,1,56,3,48,51,-,5,5,56,-,3,3,-,-,-,3,-,13,13,1,1,2,15,1,38,39,-,4,4,43,-,48,48,-,2,2,50,1,65,66,-,7,7,73,-,1,1,-,-,-,1,1134
VARIABLE: PAÍS DE NACIMIENTO DE LA VÍCTIMA,,,,,,,,,,,,,,,,,,,,,,,,,,,,,,,,,,,,,,,,,,,,,,,,,,,,,,,,,,,,,,,,,,,,,,,,,,,,,,,,,,,,,,,,,,,,,,,,,,,,,,,,,,,,,,,,,,,,,,,,,,,,,,,,,,,,,,,,,,,,,,,,,,,,
China,-,-,-,-,-,-,-,-,-,-,-,-,-,-,-,-,-,-,-,-,-,-,-,-,-,-,-,-,-,-,-,-,-,-,-,-,-,-,-,-,-,-,-,1,1,-,-,-,1,-,-,-,-,-,-,-,-,-,-,-,-,-,-,-,-,-,-,-,-,-,-,-,-,-,-,-,-,-,-,-,-,-,-,-,-,-,-,-,-,-,-,-,-,-,-,-,-,-,-,-,-,-,-,-,-,-,-,-,-,-,-,-,-,-,-,-,-,-,-,-,-,-,-,-,-,-,-,-,-,-,-,-,-,-,-,-,-,-,-,-,-,-,-,-,-,-,-,1
Colombia,1,10,11,-,2,2,13,-,4,4,-,2,2,6,-,96,96,-,10,10,106,-,10,10,-,-,-,10,8,162,170,-,15,15,185,2,37,39,-,6,6,45,-,21,21,-,-,-,21,1,106,107,1,10,11,118,1,4,5,1,1,2,7,-,47,47,-,5,5,52,-,14,14,-,-,-,14,2,51,53,-,8,8,61,1,62,63,-,6,6,69,1,43,44,-,1,1,45,2,46,48,-,5,5,53,-,2,2,-,-,-,2,-,13,13,1,1,2,15,1,35,36,-,4,4,40,-,43,43,-,2,2,45,1,62,63,-,6,6,69,-,1,1,-,-,-,1,977
España,-,-,-,-,-,-,-,-,-,-,-,-,-,-,-,-,-,-,-,-,-,-,-,-,-,-,-,-,-,-,-,-,-,-,-,-,-,-,-,-,-,-,-,-,-,-,-,-,-,-,-,-,-,-,-,-,-,-,-,-,-,-,-,-,-,-,-,-,-,-,-,-,-,-,-,-,-,-,-,-,-,-,-,-,-,-,-,-,-,-,-,-,-,-,-,-,-,-,-,-,-,-,-,-,-,-,-,-,-,-,-,-,-,-,-,-,-,-,-,-,-,-,-,-,-,-,-,1,1,-,-,-,1,-,-,-,-,-,-,-,-,-,-,-,-,-,-,1
Francia,-,-,-,-,-,-,-,-,-,-,-,-,-,-,-,-,-,-,-,-,-,-,-,-,-,-,-,-,-,-,-,-,-,-,-,-,-,-,-,-,-,-,-,-,-,-,-,-,-,-,-,-,-,1,1,1,-,-,-,-,-,-,-,-,-,-,-,-,-,-,-,-,-,-,-,-,-,-,-,-,-,-,-,-,-,-,-,-,-,-,-,-,-,-,-,-,-,-,-,-,-,-,-,-,-,-,-,-,-,-,-,-,-,-,-,-,-,-,-,-,-,-,-,-,-,-,-,-,-,-,-,-,-,-,-,-,-,-,-,-,-,-,-,-,-,-,-,1
Venezuela,-,3,3,-,-,-,3,-,5,5,-,-,-,5,-,8,8,-,-,-,8,-,3,3,-,-,-,3,1,8,9,-,1,1,10,-,9,9,-,2,2,11,1,2,3,-,-,-,3,2,48,50,-,2,2,52,-,1,1,-,-,-,1,-,7,7,-,-,-,7,-,-,-,-,-,-,-,-,7,7,-,-,-,7,-,1,1,-,-,-,1,-,9,9,-,-,-,9,1,2,3,-,-,-,3,-,1,1,-,-,-,1,-,-,-,-,-,-,-,-,3,3,-,-,-,3,-,4,4,-,-,-,4,-,3,3,-,-,-,3,-,-,-,-,-,-,-,134
Sin información,-,-,-,-,-,-,-,-,-,-,-,-,-,-,1,2,3,-,-,-,3,-,-,-,-,-,-,-,-,3,3,-,-,-,3,-,-,-,-,-,-,-,-,-,-,-,-,-,-,-,5,5,-,1,1,6,-,-,-,-,-,-,-,-,2,2,-,-,-,2,-,-,-,-,-,-,-,-,2,2,-,-,-,2,-,1,1,-,-,-,1,-,2,2,-,-,-,2,-,-,-,-,-,-,-,-,-,-,-,-,-,-,-,-,-,-,-,-,-,-,-,-,-,-,-,-,-,-,-,-,-,-,-,-,-,-,-,1,1,1,-,-,-,-,-,-,-,20
TOTAL,1,13,14,-,2,2,16,-,9,9,-,2,2,11,1,106,107,-,10,10,117,-,13,13,-,-,-,13,9,173,182,-,16,16,198,2,46,48,-,8,8,56,1,24,25,-,-,-,25,3,159,162,1,14,15,177,1,5,6,1,1,2,8,-,56,56,-,5,5,61,-,14,14,-,-,-,14,2,60,62,-,8,8,70,1,64,65,-,6,6,71,1,54,55,-,1,1,56,3,48,51,-,5,5,56,-,3,3,-,-,-,3,-,13,13,1,1,2,15,1,38,39,-,4,4,43,-,48,48,-,2,2,50,1,65,66,-,7,7,73,-,1,1,-,-,-,1,1134
VARIABLE: ESCENARIO DEL HECHO,,,,,,,,,,,,,,,,,,,,,,,,,,,,,,,,,,,,,,,,,,,,,,,,,,,,,,,,,,,,,,,,,,,,,,,,,,,,,,,,,,,,,,,,,,,,,,,,,,,,,,,,,,,,,,,,,,,,,,,,,,,,,,,,,,,,,,,,,,,,,,,,,,,,
"Calle (autopista, avenida, dentro de la ciudad)",-,-,-,-,-,-,-,-,-,-,-,-,-,-,-,-,-,-,-,-,-,-,-,-,-,-,-,-,-,-,-,-,-,-,-,-,-,-,-,-,-,-,-,-,-,-,-,-,-,-,-,-,-,-,-,-,-,-,-,-,-,-,-,-,-,-,-,-,-,-,-,-,-,-,-,-,-,-,-,-,-,-,-,-,-,-,-,-,-,-,-,-,-,-,-,-,-,-,-,-,-,-,-,-,-,-,-,-,-,-,-,-,-,-,-,-,-,-,-,-,-,-,-,-,-,-,-,-,-,-,-,-,-,-,1,1,-,-,-,1,-,-,-,-,-,-,-,1
"Centro de atención médica (hospital, clínica, consultorio, etc.)",-,-,-,-,-,-,-,-,1,1,-,-,-,1,-,1,1,-,-,-,1,-,-,-,-,-,-,-,-,-,-,-,-,-,-,-,-,-,-,-,-,-,-,-,-,-,-,-,-,-,1,1,-,1,1,2,-,-,-,-,-,-,-,-,-,-,-,-,-,-,-,-,-,-,-,-,-,-,-,-,-,-,-,-,-,-,-,-,1,1,1,-,-,-,-,-,-,-,-,-,-,-,-,-,-,-,-,-,-,-,-,-,-,-,-,-,-,-,-,-,-,-,-,-,-,-,-,-,-,-,-,-,-,-,1,1,-,-,-,1,-,-,-,-,-,-,-,6
Centros de reclusión,-,-,-,-,-,-,-,-,-,-,-,-,-,-,-,-,-,-,-,-,-,-,-,-,-,-,-,-,-,-,-,-,-,-,-,-,-,-,-,-,-,-,-,-,-,-,-,-,-,-,-,-,-,-,-,-,-,-,-,-,-,-,-,-,-,-,-,-,-,-,-,1,1,-,-,-,1,-,2,2,-,-,-,2,-,-,-,-,-,-,-,-,-,-,-,-,-,-,-,-,-,-,-,-,-,-,-,-,-,-,-,-,-,-,-,-,-,-,-,-,1,1,-,-,-,1,-,-,-,-,-,-,-,-,-,-,-,-,-,-,-,-,-,-,-,-,-,4
"Espacios acuáticos al aire libre (mar, río, arroyo, humedal, lago, etc.)",-,-,-,-,-,-,-,-,-,-,-,-,-,-,-,1,1,-,-,-,1,-,1,1,-,-,-,1,-,-,-,-,1,1,1,-,-,-,-,-,-,-,-,-,-,-,-,-,-,-,-,-,-,-,-,-,-,-,-,-,-,-,-,-,-,-,-,-,-,-,-,-,-,-,-,-,-,-,-,-,-,-,-,-,-,-,-,-,-,-,-,-,-,-,-,-,-,-,-,-,-,-,-,-,-,-,-,-,-,-,-,-,-,-,-,-,-,-,-,1,-,1,-,-,-,1,-,1,1,-,1,1,2,-,1,1,-,-,-,1,-,-,-,-,-,-,-,7
"Espacios terrestres al aire libre (bosque, potrero, montaña, playa, etc.)",-,-,-,-,-,-,-,-,-,-,-,-,-,-,-,3,3,-,-,-,3,-,-,-,-,-,-,-,-,6,6,-,-,-,6,-,-,-,-,1,1,1,-,-,-,-,-,-,-,-,3,3,-,-,-,3,-,-,-,-,-,-,-,-,-,-,-,-,-,-,-,-,-,-,-,-,-,-,1,1,-,1,1,2,-,3,3,-,-,-,3,-,2,2,-,-,-,2,-,1,1,-,-,-,1,-,-,-,-,-,-,-,-,-,-,-,-,-,-,-,-,-,-,-,-,-,-,3,3,-,-,-,3,-,2,2,-,1,1,3,-,-,-,-,-,-,-,27
"Establecimiento comercial (tienda, centro comercial, almacén, plaza de mercado)",-,-,-,-,-,-,-,-,-,-,-,-,-,-,-,2,2,-,-,-,2,-,-,-,-,-,-,-,-,1,1,-,1,1,2,-,1,1,-,-,-,1,-,-,-,-,-,-,-,-,1,1,-,-,-,1,-,-,-,-,-,-,-,-,3,3,-,-,-,3,-,-,-,-,-,-,-,-,-,-,-,-,-,-,-,-,-,-,-,-,-,-,2,2,-,-,-,2,-,1,1,-,-,-,1,-,-,-,-,-,-,-,-,3,3,-,-,-,3,-,2,2,-,-,-,2,-,-,-,-,-,-,-,-,-,-,-,-,-,-,-,-,-,-,-,-,-,17
"Establecimiento industrial (fábrica, planta) y/o obras en construcción",-,-,-,-,-,-,-,-,-,-,-,-,-,-,-,-,-,-,-,-,-,-,-,-,-,-,-,-,-,-,-,-,-,-,-,-,-,-,-,-,-,-,-,-,-,-,-,-,-,-,-,-,-,-,-,-,-,-,-,-,-,-,-,-,-,-,-,-,-,-,-,-,-,-,-,-,-,-,-,-,-,-,-,-,-,-,-,-,-,-,-,-,-,-,-,-,-,-,-,1,1,-,-,-,1,-,-,-,-,-,-,-,-,-,-,-,-,-,-,-,-,-,-,-,-,-,-,-,-,-,-,-,-,-,-,-,-,-,-,-,-,-,-,-,-,-,-,1
"Establecimientos de expendio de comidas (restaurantes, asaderos, salsamentarias, etc.)",-,-,-,-,-,-,-,-,1,1,-,-,-,1,-,-,-,-,-,-,-,-,-,-,-,-,-,-,-,-,-,-,-,-,-,-,-,-,-,-,-,-,-,-,-,-,-,-,-,-,-,-,-,-,-,-,-,-,-,-,-,-,-,-,-,-,-,-,-,-,-,-,-,-,-,-,-,-,-,-,-,-,-,-,-,-,-,-,-,-,-,-,-,-,-,-,-,-,-,-,-,-,-,-,-,-,-,-,-,-,-,-,-,-,-,-,-,-,-,-,-,-,-,-,-,-,-,-,-,-,-,-,-,-,-,-,-,-,-,-,-,-,-,-,-,-,-,1
"Establecimientos dedicados a la administración pública (cortes, juzgados, ministerios, etc.)",-,-,-,-,-,-,-,-,-,-,-,-,-,-,-,-,-,-,-,-,-,-,-,-,-,-,-,-,-,-,-,-,-,-,-,-,-,-,-,-,-,-,-,-,-,-,-,-,-,-,-,-,-,-,-,-,-,-,-,-,-,-,-,-,-,-,-,-,-,-,-,-,-,-,-,-,-,-,-,-,-,-,-,-,-,-,-,-,-,-,-,-,-,-,-,-,-,-,-,-,-,-,-,-,-,-,-,-,-,-,-,-,-,-,-,-,-,-,-,-,1,1,-,-,-,1,-,-,-,-,-,-,-,-,-,-,-,-,-,-,-,-,-,-,-,-,-,1
Estaciones de servicio (bombas de gasolina),-,-,-,-,-,-,-,-,-,-,-,-,-,-,-,-,-,-,-,-,-,-,-,-,-,-,-,-,-,-,-,-,-,-,-,-,-,-,-,-,-,-,-,-,-,-,-,-,-,-,-,-,-,-,-,-,-,-,-,-,-,-,-,-,1,1,-,-,-,1,-,-,-,-,-,-,-,-,-,-,-,-,-,-,-,-,-,-,-,-,-,-,-,-,-,-,-,-,-,-,-,-,-,-,-,-,-,-,-,-,-,-,-,-,-,-,-,-,-,-,-,-,-,-,-,-,-,-,-,-,-,-,-,-,-,-,-,-,-,-,-,-,-,-,-,-,-,1
Guarniciones militares y/o de policía,-,1,1,-,-,-,1,-,-,-,-,-,-,-,-,-,-,-,-,-,-,-,-,-,-,-,-,-,-,-,-,-,-,-,-,-,-,-,-,-,-,-,-,-,-,-,-,-,-,-,-,-,-,-,-,-,-,-,-,-,-,-,-,-,-,-,-,-,-,-,-,-,-,-,-,-,-,-,-,-,-,-,-,-,-,-,-,-,-,-,-,-,-,-,-,-,-,-,-,-,-,-,-,-,-,-,-,-,-,-,-,-,-,-,-,-,-,-,-,-,-,-,-,-,-,-,-,-,-,-,-,-,-,-,-,-,-,-,-,-,-,-,-,-,-,-,-,1
Lugar público sin otra indicación,-,-,-,-,-,-,-,-,1,1,-,-,-,1,-,1,1,-,-,-,1,-,-,-,-,-,-,-,-,-,-,-,-,-,-,-,-,-,-,-,-,-,-,1,1,-,-,-,1,-,-,-,-,-,-,-,-,-,-,-,-,-,-,-,1,1,-,-,-,1,-,-,-,-,-,-,-,-,-,-,-,-,-,-,-,-,-,-,-,-,-,-,-,-,-,-,-,-,-,-,-,-,-,-,-,-,-,-,-,-,-,-,-,-,-,-,-,-,-,-,-,-,-,-,-,-,-,-,-,-,-,-,-,-,-,-,-,-,-,-,-,-,-,-,-,-,-,4
Lugares de esparcimiento con expendio de alcohol,-,-,-,-,-,-,-,-,-,-,-,-,-,-,-,3,3,-,-,-,3,-,-,-,-,-,-,-,-,3,3,-,-,-,3,-,-,-,-,-,-,-,-,-,-,-,-,-,-,-,6,6,-,3,3,9,-,-,-,-,-,-,-,-,2,2,-,-,-,2,-,-,-,-,-,-,-,-,-,-,-,-,-,-,-,-,-,-,-,-,-,-,-,-,-,-,-,-,-,1,1,-,-,-,1,-,-,-,-,-,-,-,-,-,-,-,-,-,-,-,-,-,-,-,-,-,-,-,-,-,-,-,-,-,1,1,-,-,-,1,-,-,-,-,-,-,-,19
"Lugares de hospedaje (hoteles, campamentos y otros tipos de hospedaje no permanente, moteles, etc.)",-,-,-,-,-,-,-,-,-,-,-,-,-,-,-,-,-,-,1,1,1,-,-,-,-,-,-,-,-,1,1,-,-,-,1,1,-,1,-,1,1,2,-,-,-,-,-,-,-,-,-,-,-,-,-,-,-,-,-,-,-,-,-,-,-,-,-,-,-,-,-,-,-,-,-,-,-,-,-,-,-,-,-,-,-,-,-,-,-,-,-,-,-,-,-,-,-,-,-,-,-,-,-,-,-,-,-,-,-,-,-,-,-,-,-,-,-,-,-,-,-,-,-,-,-,-,-,1,1,-,-,-,1,-,-,-,-,-,-,-,-,-,-,-,-,-,-,5
Oficinas y/o edificios de oficinas,-,-,-,-,-,-,-,-,-,-,-,-,-,-,-,-,-,-,-,-,-,-,-,-,-,-,-,-,-,-,-,-,-,-,-,-,-,-,-,-,-,-,-,-,-,-,-,-,-,-,-,-,-,-,-,-,-,-,-,-,-,-,-,-,1,1,-,-,-,1,-,-,-,-,-,-,-,-,-,-,-,-,-,-,-,-,-,-,-,-,-,-,-,-,-,-,-,-,-,-,-,-,-,-,-,-,-,-,-,-,-,-,-,-,-,-,-,-,-,-,-,-,-,-,-,-,-,-,-,-,-,-,-,-,-,-,-,-,-,-,-,-,-,-,-,-,-,1
Taller,-,-,-,-,-,-,-,-,-,-,-,-,-,-,-,-,-,-,-,-,-,-,-,-,-,-,-,-,-,-,-,-,-,-,-,-,-,-,-,-,-,-,-,1,1,-,-,-,1,-,1,1,-,-,-,1,-,-,-,-,-,-,-,-,-,-,-,-,-,-,-,-,-,-,-,-,-,-,-,-,-,-,-,-,-,-,-,-,-,-,-,-,-,-,-,-,-,-,-,-,-,-,-,-,-,-,-,-,-,-,-,-,-,-,-,-,-,-,-,-,-,-,-,-,-,-,-,-,-,-,-,-,-,-,-,-,-,-,-,-,-,-,-,-,-,-,-,2
Vehículo servicio particular,-,-,-,-,-,-,-,-,-,-,-,-,-,-,-,1,1,-,-,-,1,-,-,-,-,-,-,-,-,1,1,-,-,-,1,-,-,-,-,-,-,-,-,-,-,-,-,-,-,-,-,-,-,-,-,-,-,-,-,-,-,-,-,-,-,-,-,-,-,-,-,1,1,-,-,-,1,-,-,-,-,-,-,-,-,3,3,-,-,-,3,-,-,-,-,-,-,-,-,1,1,-,-,-,1,-,-,-,-,-,-,-,-,-,-,-,-,-,-,-,1,1,-,-,-,1,-,3,3,-,-,-,3,-,-,-,-,1,1,1,-,-,-,-,-,-,-,12
Vehículo servicio público,-,-,-,-,-,-,-,-,-,-,-,-,-,-,-,-,-,-,-,-,-,-,-,-,-,-,-,-,-,-,-,-,-,-,-,-,-,-,-,-,-,-,-,-,-,-,-,-,-,-,1,1,-,-,-,1,-,-,-,-,-,-,-,-,-,-,-,-,-,-,-,-,-,-,-,-,-,-,-,-,-,-,-,-,-,-,-,-,-,-,-,-,-,-,-,-,-,-,-,-,-,-,-,-,-,-,-,-,-,-,-,-,-,-,-,-,-,-,-,-,-,-,-,-,-,-,-,-,-,-,-,-,-,-,1,1,-,-,-,1,-,-,-,-,-,-,-,2
Vía pública,1,12,13,-,-,-,13,-,4,4,-,1,1,5,1,79,80,-,7,7,87,-,9,9,-,-,-,9,4,131,135,-,7,7,142,1,36,37,-,3,3,40,1,21,22,-,-,-,22,2,127,129,-,5,5,134,-,5,5,1,1,2,7,-,42,42,-,3,3,45,-,11,11,-,-,-,11,2,49,51,-,6,6,57,-,43,43,-,2,2,45,-,44,44,-,-,-,44,2,37,39,-,2,2,41,-,1,1,-,-,-,1,-,5,5,-,1,1,6,-,29,29,-,3,3,32,-,35,35,-,-,-,35,1,44,45,-,3,3,48,-,1,1,-,-,-,1,825
Vivienda,-,-,-,-,1,1,1,-,2,2,-,1,1,3,-,6,6,-,2,2,8,-,2,2,-,-,-,2,2,19,21,-,5,5,26,-,6,6,-,3,3,9,-,1,1,-,-,-,1,-,9,9,1,5,6,15,-,-,-,-,-,-,-,-,3,3,-,1,1,4,-,1,1,-,-,-,1,-,3,3,-,1,1,4,1,8,9,-,3,3,12,1,3,4,-,-,-,4,1,4,5,-,3,3,8,-,2,2,-,-,-,2,-,3,3,1,-,1,4,-,2,2,-,1,1,3,-,2,2,-,1,1,3,-,7,7,-,2,2,9,-,-,-,-,-,-,-,119
Otros,-,-,-,-,1,1,1,-,-,-,-,-,-,-,-,1,1,-,-,-,1,-,-,-,-,-,-,-,-,3,3,-,-,-,3,-,1,1,-,-,-,1,-,-,-,-,-,-,-,-,2,2,-,-,-,2,1,-,1,-,-,-,1,-,2,2,-,-,-,2,-,-,-,-,-,-,-,-,2,2,-,-,-,2,-,1,1,-,-,-,1,-,1,1,-,1,1,2,-,1,1,-,-,-,1,-,-,-,-,-,-,-,-,-,-,-,-,-,-,-,1,1,-,-,-,1,-,1,1,-,-,-,1,-,2,2,-,-,-,2,-,-,-,-,-,-,-,21
Sin información,-,-,-,-,-,-,-,-,-,-,-,-,-,-,-,8,8,-,-,-,8,-,1,1,-,-,-,1,3,8,11,-,2,2,13,-,2,2,-,-,-,2,-,-,-,-,-,-,-,1,8,9,-,-,-,9,-,-,-,-,-,-,-,-,1,1,-,1,1,2,-,-,-,-,-,-,-,-,3,3,-,-,-,3,-,6,6,-,-,-,6,-,2,2,-,-,-,2,-,1,1,-,-,-,1,-,-,-,-,-,-,-,-,2,2,-,-,-,2,-,1,1,-,-,-,1,-,2,2,-,-,-,2,-,5,5,-,-,-,5,-,-,-,-,-,-,-,57
TOTAL,1,13,14,-,2,2,16,-,9,9,-,2,2,11,1,106,107,-,10,10,117,-,13,13,-,-,-,13,9,173,182,-,16,16,198,2,46,48,-,8,8,56,1,24,25,-,-,-,25,3,159,162,1,14,15,177,1,5,6,1,1,2,8,-,56,56,-,5,5,61,-,14,14,-,-,-,14,2,60,62,-,8,8,70,1,64,65,-,6,6,71,1,54,55,-,1,1,56,3,48,51,-,5,5,56,-,3,3,-,-,-,3,-,13,13,1,1,2,15,1,38,39,-,4,4,43,-,48,48,-,2,2,50,1,65,66,-,7,7,73,-,1,1,-,-,-,1,1134
VARIABLE: ZONA DEL HECHO,,,,,,,,,,,,,,,,,,,,,,,,,,,,,,,,,,,,,,,,,,,,,,,,,,,,,,,,,,,,,,,,,,,,,,,,,,,,,,,,,,,,,,,,,,,,,,,,,,,,,,,,,,,,,,,,,,,,,,,,,,,,,,,,,,,,,,,,,,,,,,,,,,,,
Cabecera municipal,1,13,14,-,2,2,16,-,9,9,-,2,2,11,1,106,107,-,10,10,117,-,13,13,-,-,-,13,8,168,176,-,16,16,192,2,46,48,-,8,8,56,1,24,25,-,-,-,25,3,158,161,1,14,15,176,1,5,6,1,1,2,8,-,56,56,-,5,5,61,-,14,14,-,-,-,14,2,60,62,-,7,7,69,1,62,63,-,6,6,69,1,53,54,-,1,1,55,3,47,50,-,5,5,55,-,1,1,-,-,-,1,-,13,13,1,1,2,15,1,38,39,-,4,4,43,-,44,44,-,2,2,46,1,63,64,-,7,7,71,-,1,1,-,-,-,1,1114
"Centro poblado (corregimiento, inspección de policía y caserío) ",-,-,-,-,-,-,-,-,-,-,-,-,-,-,-,-,-,-,-,-,-,-,-,-,-,-,-,-,-,1,1,-,-,-,1,-,-,-,-,-,-,-,-,-,-,-,-,-,-,-,-,-,-,-,-,-,-,-,-,-,-,-,-,-,-,-,-,-,-,-,-,-,-,-,-,-,-,-,-,-,-,-,-,-,-,-,-,-,-,-,-,-,-,-,-,-,-,-,-,-,-,-,-,-,-,-,-,-,-,-,-,-,-,-,-,-,-,-,-,-,-,-,-,-,-,-,-,-,-,-,-,-,-,-,-,-,-,-,-,-,-,-,-,-,-,-,-,1
Parte rural (vereda y campo),-,-,-,-,-,-,-,-,-,-,-,-,-,-,-,-,-,-,-,-,-,-,-,-,-,-,-,-,-,3,3,-,-,-,3,-,-,-,-,-,-,-,-,-,-,-,-,-,-,-,-,-,-,-,-,-,-,-,-,-,-,-,-,-,-,-,-,-,-,-,-,-,-,-,-,-,-,-,-,-,-,1,1,1,-,1,1,-,-,-,1,-,-,-,-,-,-,-,-,-,-,-,-,-,-,-,2,2,-,-,-,2,-,-,-,-,-,-,-,-,-,-,-,-,-,-,-,4,4,-,-,-,4,-,1,1,-,-,-,1,-,-,-,-,-,-,-,12
Sin información,-,-,-,-,-,-,-,-,-,-,-,-,-,-,-,-,-,-,-,-,-,-,-,-,-,-,-,-,1,1,2,-,-,-,2,-,-,-,-,-,-,-,-,-,-,-,-,-,-,-,1,1,-,-,-,1,-,-,-,-,-,-,-,-,-,-,-,-,-,-,-,-,-,-,-,-,-,-,-,-,-,-,-,-,-,1,1,-,-,-,1,-,1,1,-,-,-,1,-,1,1,-,-,-,1,-,-,-,-,-,-,-,-,-,-,-,-,-,-,-,-,-,-,-,-,-,-,-,-,-,-,-,-,-,1,1,-,-,-,1,-,-,-,-,-,-,-,7
TOTAL,1,13,14,-,2,2,16,-,9,9,-,2,2,11,1,106,107,-,10,10,117,-,13,13,-,-,-,13,9,173,182,-,16,16,198,2,46,48,-,8,8,56,1,24,25,-,-,-,25,3,159,162,1,14,15,177,1,5,6,1,1,2,8,-,56,56,-,5,5,61,-,14,14,-,-,-,14,2,60,62,-,8,8,70,1,64,65,-,6,6,71,1,54,55,-,1,1,56,3,48,51,-,5,5,56,-,3,3,-,-,-,3,-,13,13,1,1,2,15,1,38,39,-,4,4,43,-,48,48,-,2,2,50,1,65,66,-,7,7,73,-,1,1,-,-,-,1,1134
VARIABLE: MES DEL HECHO,,,,,,,,,,,,,,,,,,,,,,,,,,,,,,,,,,,,,,,,,,,,,,,,,,,,,,,,,,,,,,,,,,,,,,,,,,,,,,,,,,,,,,,,,,,,,,,,,,,,,,,,,,,,,,,,,,,,,,,,,,,,,,,,,,,,,,,,,,,,,,,,,,,,
Enero,-,-,-,-,-,-,-,-,1,1,-,2,2,3,-,7,7,-,1,1,8,-,-,-,-,-,-,-,-,10,10,-,-,-,10,-,2,2,-,1,1,3,-,1,1,-,-,-,1,-,14,14,-,-,-,14,-,-,-,-,-,-,-,-,8,8,-,1,1,9,-,1,1,-,-,-,1,-,3,3,-,-,-,3,-,6,6,-,1,1,7,-,2,2,-,-,-,2,1,4,5,-,-,-,5,-,-,-,-,-,-,-,-,1,1,-,-,-,1,-,3,3,-,1,1,4,-,1,1,-,-,-,1,-,5,5,-,1,1,6,-,-,-,-,-,-,-,78
Febrero,-,-,-,-,-,-,-,-,-,-,-,-,-,-,-,8,8,-,3,3,11,-,-,-,-,-,-,-,-,16,16,-,-,-,16,-,3,3,-,1,1,4,-,-,-,-,-,-,-,-,8,8,-,-,-,8,-,3,3,-,-,-,3,-,5,5,-,-,-,5,-,1,1,-,-,-,1,-,4,4,-,2,2,6,-,6,6,-,1,1,7,-,3,3,-,-,-,3,-,1,1,-,1,1,2,-,-,-,-,-,-,-,-,1,1,-,-,-,1,-,3,3,-,-,-,3,-,5,5,-,-,-,5,-,5,5,-,-,-,5,-,-,-,-,-,-,-,80
Marzo,-,2,2,-,-,-,2,-,-,-,-,-,-,-,-,11,11,-,-,-,11,-,2,2,-,-,-,2,1,14,15,-,2,2,17,-,-,-,-,1,1,1,-,3,3,-,-,-,3,-,6,6,-,1,1,7,-,-,-,-,-,-,-,-,6,6,-,-,-,6,-,1,1,-,-,-,1,-,5,5,-,-,-,5,-,2,2,-,-,-,2,-,5,5,-,-,-,5,-,4,4,-,-,-,4,-,2,2,-,-,-,2,-,-,-,-,-,-,-,-,1,1,-,-,-,1,-,3,3,-,-,-,3,-,5,5,-,2,2,7,-,-,-,-,-,-,-,79
Abril,-,5,5,-,1,1,6,-,1,1,-,-,-,1,-,11,11,-,1,1,12,-,-,-,-,-,-,-,-,12,12,-,1,1,13,-,6,6,-,1,1,7,-,1,1,-,-,-,1,-,9,9,-,1,1,10,-,-,-,-,-,-,-,-,1,1,-,-,-,1,-,2,2,-,-,-,2,-,5,5,-,-,-,5,-,3,3,-,1,1,4,-,10,10,-,-,-,10,-,2,2,-,1,1,3,-,-,-,-,-,-,-,-,-,-,-,-,-,-,-,2,2,-,-,-,2,-,5,5,-,-,-,5,-,5,5,-,-,-,5,-,-,-,-,-,-,-,87
Mayo,-,1,1,-,-,-,1,-,3,3,-,-,-,3,-,6,6,-,-,-,6,-,1,1,-,-,-,1,1,13,14,-,7,7,21,-,2,2,-,1,1,3,-,7,7,-,-,-,7,-,22,22,-,2,2,24,1,-,1,-,-,-,1,-,5,5,-,-,-,5,-,1,1,-,-,-,1,-,7,7,-,1,1,8,-,7,7,-,-,-,7,-,4,4,-,1,1,5,1,5,6,-,-,-,6,-,-,-,-,-,-,-,-,2,2,1,-,1,3,-,4,4,-,1,1,5,-,10,10,-,-,-,10,-,4,4,-,1,1,5,-,-,-,-,-,-,-,122
Junio,-,-,-,-,1,1,1,-,-,-,-,-,-,-,1,13,14,-,1,1,15,-,3,3,-,-,-,3,2,18,20,-,1,1,21,1,5,6,-,-,-,6,-,2,2,-,-,-,2,-,9,9,-,1,1,10,-,1,1,-,-,-,1,-,5,5,-,-,-,5,-,1,1,-,-,-,1,1,7,8,-,-,-,8,-,7,7,-,2,2,9,-,8,8,-,-,-,8,-,3,3,-,-,-,3,-,-,-,-,-,-,-,-,4,4,-,-,-,4,-,9,9,-,1,1,10,-,6,6,-,1,1,7,-,3,3,-,-,-,3,-,-,-,-,-,-,-,117
Julio,1,1,2,-,-,-,2,-,-,-,-,-,-,-,-,7,7,-,-,-,7,-,-,-,-,-,-,-,1,19,20,-,-,-,20,-,2,2,-,1,1,3,-,-,-,-,-,-,-,2,20,22,-,1,1,23,-,1,1,1,-,1,2,-,5,5,-,-,-,5,-,2,2,-,-,-,2,1,9,10,-,2,2,12,-,4,4,-,-,-,4,-,2,2,-,-,-,2,-,4,4,-,1,1,5,-,1,1,-,-,-,1,-,2,2,-,-,-,2,-,2,2,-,-,-,2,-,5,5,-,-,-,5,-,8,8,-,-,-,8,-,-,-,-,-,-,-,105
Agosto,-,1,1,-,-,-,1,-,-,-,-,-,-,-,-,12,12,-,1,1,13,-,2,2,-,-,-,2,1,9,10,-,2,2,12,-,7,7,-,-,-,7,-,2,2,-,-,-,2,1,20,21,-,2,2,23,-,-,-,-,1,1,1,-,3,3,-,2,2,5,-,2,2,-,-,-,2,-,2,2,-,-,-,2,-,8,8,-,1,1,9,-,6,6,-,-,-,6,-,4,4,-,-,-,4,-,-,-,-,-,-,-,-,-,-,-,-,-,-,-,2,2,-,-,-,2,-,2,2,-,1,1,3,-,6,6,-,1,1,7,-,-,-,-,-,-,-,101
Septiembre,-,2,2,-,-,-,2,-,2,2,-,-,-,2,-,5,5,-,1,1,6,-,-,-,-,-,-,-,1,16,17,-,2,2,19,-,2,2,-,1,1,3,-,1,1,-,-,-,1,-,12,12,-,-,-,12,-,-,-,-,-,-,-,-,3,3,-,1,1,4,-,1,1,-,-,-,1,-,6,6,-,-,-,6,-,5,5,-,-,-,5,-,6,6,-,-,-,6,-,5,5,-,1,1,6,-,-,-,-,-,-,-,-,1,1,-,-,-,1,-,4,4,-,-,-,4,-,1,1,-,-,-,1,-,6,6,-,1,1,7,-,-,-,-,-,-,-,86
Octubre,-,-,-,-,-,-,-,-,1,1,-,-,-,1,-,11,11,-,1,1,12,-,2,2,-,-,-,2,1,19,20,-,1,1,21,-,4,4,-,-,-,4,-,2,2,-,-,-,2,-,17,17,-,2,2,19,-,-,-,-,-,-,-,-,3,3,-,1,1,4,-,2,2,-,-,-,2,-,6,6,-,-,-,6,-,2,2,-,-,-,2,-,3,3,-,-,-,3,-,6,6,-,-,-,6,-,-,-,-,-,-,-,-,1,1,-,-,-,1,1,6,7,-,-,-,7,-,3,3,-,-,-,3,-,4,4,-,-,-,4,-,-,-,-,-,-,-,99
Noviembre,-,-,-,-,-,-,-,-,-,-,-,-,-,-,-,4,4,-,1,1,5,-,3,3,-,-,-,3,-,11,11,-,-,-,11,1,7,8,-,1,1,9,1,2,3,-,-,-,3,-,7,7,1,2,3,10,-,-,-,-,-,-,-,-,7,7,-,-,-,7,-,-,-,-,-,-,-,-,5,5,-,3,3,8,-,8,8,-,-,-,8,-,3,3,-,-,-,3,-,4,4,-,1,1,5,-,-,-,-,-,-,-,-,1,1,-,-,-,1,-,1,1,-,1,1,2,-,3,3,-,-,-,3,1,7,8,-,1,1,9,-,1,1,-,-,-,1,88
Diciembre,-,1,1,-,-,-,1,-,1,1,-,-,-,1,-,11,11,-,-,-,11,-,-,-,-,-,-,-,1,16,17,-,-,-,17,-,6,6,-,-,-,6,-,3,3,-,-,-,3,-,15,15,-,2,2,17,-,-,-,-,-,-,-,-,5,5,-,-,-,5,-,-,-,-,-,-,-,-,1,1,-,-,-,1,1,6,7,-,-,-,7,1,2,3,-,-,-,3,1,6,7,-,-,-,7,-,-,-,-,-,-,-,-,-,-,-,1,1,1,-,1,1,-,-,-,1,-,4,4,-,-,-,4,-,7,7,-,-,-,7,-,-,-,-,-,-,-,92
TOTAL,1,13,14,-,2,2,16,-,9,9,-,2,2,11,1,106,107,-,10,10,117,-,13,13,-,-,-,13,9,173,182,-,16,16,198,2,46,48,-,8,8,56,1,24,25,-,-,-,25,3,159,162,1,14,15,177,1,5,6,1,1,2,8,-,56,56,-,5,5,61,-,14,14,-,-,-,14,2,60,62,-,8,8,70,1,64,65,-,6,6,71,1,54,55,-,1,1,56,3,48,51,-,5,5,56,-,3,3,-,-,-,3,-,13,13,1,1,2,15,1,38,39,-,4,4,43,-,48,48,-,2,2,50,1,65,66,-,7,7,73,-,1,1,-,-,-,1,1134
VARIABLE: DÍA DEL HECHO,,,,,,,,,,,,,,,,,,,,,,,,,,,,,,,,,,,,,,,,,,,,,,,,,,,,,,,,,,,,,,,,,,,,,,,,,,,,,,,,,,,,,,,,,,,,,,,,,,,,,,,,,,,,,,,,,,,,,,,,,,,,,,,,,,,,,,,,,,,,,,,,,,,,
Lunes,1,2,3,-,1,1,4,-,2,2,-,1,1,3,-,13,13,-,-,-,13,-,-,-,-,-,-,-,-,22,22,-,-,-,22,-,7,7,-,1,1,8,1,1,2,-,-,-,2,-,19,19,-,1,1,20,-,1,1,-,-,-,1,-,4,4,-,-,-,4,-,2,2,-,-,-,2,-,6,6,-,3,3,9,-,3,3,-,-,-,3,-,8,8,-,-,-,8,1,6,7,-,-,-,7,-,-,-,-,-,-,-,-,1,1,1,-,1,2,-,6,6,-,-,-,6,-,6,6,-,-,-,6,-,7,7,-,1,1,8,-,-,-,-,-,-,-,128
Martes,-,-,-,-,-,-,-,-,1,1,-,-,-,1,1,8,9,-,1,1,10,-,2,2,-,-,-,2,3,14,17,-,1,1,18,1,3,4,-,1,1,5,-,4,4,-,-,-,4,1,22,23,1,6,7,30,-,-,-,-,-,-,-,-,8,8,-,-,-,8,-,3,3,-,-,-,3,-,6,6,-,-,-,6,-,5,5,-,-,-,5,-,9,9,-,1,1,10,-,-,-,-,-,-,-,-,2,2,-,-,-,2,-,2,2,-,-,-,2,-,3,3,-,1,1,4,-,7,7,-,-,-,7,-,8,8,-,1,1,9,-,-,-,-,-,-,-,126
Miércoles,-,3,3,-,-,-,3,-,-,-,-,-,-,-,-,15,15,-,-,-,15,-,4,4,-,-,-,4,-,16,16,-,2,2,18,-,5,5,-,2,2,7,-,6,6,-,-,-,6,-,23,23,-,-,-,23,-,-,-,-,-,-,-,-,10,10,-,2,2,12,-,-,-,-,-,-,-,1,5,6,-,1,1,7,-,6,6,-,1,1,7,-,5,5,-,-,-,5,-,6,6,-,-,-,6,-,-,-,-,-,-,-,-,-,-,-,-,-,-,-,7,7,-,-,-,7,-,10,10,-,-,-,10,-,8,8,-,1,1,9,-,-,-,-,-,-,-,139
Jueves,-,3,3,-,-,-,3,-,1,1,-,-,-,1,-,11,11,-,3,3,14,-,1,1,-,-,-,1,-,20,20,-,1,1,21,-,3,3,-,-,-,3,-,-,-,-,-,-,-,-,19,19,-,1,1,20,-,2,2,-,1,1,3,-,12,12,-,-,-,12,-,2,2,-,-,-,2,1,8,9,-,1,1,10,-,8,8,-,-,-,8,-,7,7,-,-,-,7,1,5,6,-,-,-,6,-,1,1,-,-,-,1,-,4,4,-,-,-,4,-,8,8,-,1,1,9,-,6,6,-,-,-,6,-,8,8,-,-,-,8,-,-,-,-,-,-,-,139
Viernes,-,4,4,-,1,1,5,-,-,-,-,-,-,-,-,18,18,-,3,3,21,-,2,2,-,-,-,2,1,30,31,-,2,2,33,-,10,10,-,2,2,12,-,3,3,-,-,-,3,2,20,22,-,2,2,24,-,1,1,1,-,1,2,-,8,8,-,1,1,9,-,4,4,-,-,-,4,-,10,10,-,1,1,11,1,12,13,-,1,1,14,1,8,9,-,-,-,9,-,4,4,-,-,-,4,-,-,-,-,-,-,-,-,5,5,-,1,1,6,-,6,6,-,-,-,6,-,5,5,-,1,1,6,-,7,7,-,1,1,8,-,-,-,-,-,-,-,179
Sábado,-,-,-,-,-,-,-,-,3,3,-,1,1,4,-,25,25,-,3,3,28,-,3,3,-,-,-,3,1,27,28,-,7,7,35,-,10,10,-,2,2,12,-,6,6,-,-,-,6,-,30,30,-,3,3,33,1,1,2,-,-,-,2,-,8,8,-,2,2,10,-,2,2,-,-,-,2,-,12,12,-,1,1,13,-,17,17,-,3,3,20,-,8,8,-,-,-,8,1,11,12,-,1,1,13,-,-,-,-,-,-,-,-,-,-,-,-,-,-,-,5,5,-,-,-,5,-,7,7,-,1,1,8,-,10,10,-,-,-,10,-,-,-,-,-,-,-,212
Domingo,-,1,1,-,-,-,1,-,2,2,-,-,-,2,-,16,16,-,-,-,16,-,1,1,-,-,-,1,4,44,48,-,3,3,51,1,8,9,-,-,-,9,-,4,4,-,-,-,4,-,26,26,-,1,1,27,-,-,-,-,-,-,-,-,6,6,-,-,-,6,-,1,1,-,-,-,1,-,13,13,-,1,1,14,-,13,13,-,1,1,14,-,9,9,-,-,-,9,-,16,16,-,4,4,20,-,-,-,-,-,-,-,-,1,1,-,-,-,1,1,3,4,-,2,2,6,-,7,7,-,-,-,7,1,17,18,-,3,3,21,-,1,1,-,-,-,1,211
TOTAL,1,13,14,-,2,2,16,-,9,9,-,2,2,11,1,106,107,-,10,10,117,-,13,13,-,-,-,13,9,173,182,-,16,16,198,2,46,48,-,8,8,56,1,24,25,-,-,-,25,3,159,162,1,14,15,177,1,5,6,1,1,2,8,-,56,56,-,5,5,61,-,14,14,-,-,-,14,2,60,62,-,8,8,70,1,64,65,-,6,6,71,1,54,55,-,1,1,56,3,48,51,-,5,5,56,-,3,3,-,-,-,3,-,13,13,1,1,2,15,1,38,39,-,4,4,43,-,48,48,-,2,2,50,1,65,66,-,7,7,73,-,1,1,-,-,-,1,1134
VARIABLE: RANGO DE HORA DEL HECHO (X 3 HORAS),,,,,,,,,,,,,,,,,,,,,,,,,,,,,,,,,,,,,,,,,,,,,,,,,,,,,,,,,,,,,,,,,,,,,,,,,,,,,,,,,,,,,,,,,,,,,,,,,,,,,,,,,,,,,,,,,,,,,,,,,,,,,,,,,,,,,,,,,,,,,,,,,,,,
00:00 a 02:59,-,-,-,-,-,-,-,-,-,-,-,-,-,-,-,-,-,-,-,-,-,-,-,-,-,-,-,-,-,-,-,-,-,-,-,-,-,-,-,-,-,-,-,1,1,-,-,-,1,-,1,1,-,-,-,1,-,-,-,-,-,-,-,-,-,-,-,-,-,-,-,-,-,-,-,-,-,-,-,-,-,-,-,-,-,-,-,-,-,-,-,-,-,-,-,-,-,-,-,-,-,-,-,-,-,-,-,-,-,-,-,-,-,-,-,-,1,1,1,-,-,-,-,-,-,-,-,-,-,-,-,-,-,-,-,-,-,-,-,-,-,-,-,-,-,-,-,3
03:00 a 05:59,-,-,-,-,-,-,-,-,-,-,-,-,-,-,-,-,-,-,-,-,-,-,-,-,-,-,-,-,-,1,1,-,-,-,1,-,1,1,-,-,-,1,-,-,-,-,-,-,-,-,-,-,-,-,-,-,-,-,-,-,-,-,-,-,-,-,-,-,-,-,-,-,-,-,-,-,-,-,1,1,-,-,-,1,-,-,-,-,-,-,-,-,-,-,-,-,-,-,-,-,-,-,-,-,-,-,-,-,-,-,-,-,-,-,-,-,-,-,-,-,-,-,-,-,-,-,-,-,-,-,-,-,-,-,1,1,-,-,-,1,-,-,-,-,-,-,-,4
09:00 a 11:59,-,-,-,-,-,-,-,-,-,-,-,-,-,-,-,-,-,-,-,-,-,-,-,-,-,-,-,-,-,-,-,-,-,-,-,-,-,-,-,-,-,-,-,-,-,-,-,-,-,-,-,-,-,-,-,-,-,-,-,-,-,-,-,-,-,-,-,-,-,-,-,-,-,-,-,-,-,-,-,-,-,-,-,-,-,-,-,-,-,-,-,-,-,-,-,-,-,-,-,-,-,-,-,-,-,-,1,1,-,-,-,1,-,-,-,-,-,-,-,-,-,-,-,-,-,-,-,-,-,-,-,-,-,-,-,-,-,-,-,-,-,-,-,-,-,-,-,1
12:00 a 14:59,-,-,-,-,-,-,-,-,-,-,-,-,-,-,-,-,-,-,-,-,-,-,-,-,-,-,-,-,-,1,1,-,-,-,1,-,-,-,-,-,-,-,-,-,-,-,-,-,-,-,1,1,-,1,1,2,-,-,-,-,-,-,-,-,-,-,-,-,-,-,-,-,-,-,-,-,-,-,-,-,-,-,-,-,-,-,-,-,-,-,-,-,-,-,-,-,-,-,-,-,-,-,-,-,-,-,-,-,-,-,-,-,-,-,-,-,-,-,-,-,-,-,-,-,-,-,-,-,-,-,-,-,-,-,-,-,-,-,-,-,-,-,-,-,-,-,-,3
15:00 a 17:59,-,-,-,-,-,-,-,-,-,-,-,-,-,-,-,-,-,-,-,-,-,-,-,-,-,-,-,-,-,-,-,-,-,-,-,-,-,-,-,-,-,-,-,-,-,-,-,-,-,-,-,-,-,-,-,-,-,-,-,-,-,-,-,-,-,-,-,-,-,-,-,-,-,-,-,-,-,-,-,-,-,-,-,-,-,-,-,-,-,-,-,-,-,-,-,-,-,-,-,-,-,-,-,-,-,-,-,-,-,-,-,-,-,-,-,-,-,-,-,-,-,-,-,-,-,-,-,1,1,-,-,-,1,-,-,-,-,-,-,-,-,-,-,-,-,-,-,1
18:00 a 20:59,-,-,-,-,-,-,-,-,-,-,-,-,-,-,-,-,-,-,-,-,-,-,-,-,-,-,-,-,-,1,1,-,-,-,1,-,-,-,-,-,-,-,-,-,-,-,-,-,-,-,-,-,-,-,-,-,-,-,-,-,-,-,-,-,-,-,-,-,-,-,-,-,-,-,-,-,-,-,-,-,-,-,-,-,-,1,1,-,-,-,1,-,2,2,-,-,-,2,-,1,1,-,-,-,1,-,-,-,-,-,-,-,-,-,-,-,-,-,-,-,-,-,-,-,-,-,-,-,-,-,-,-,-,-,-,-,-,-,-,-,-,-,-,-,-,-,-,5
21:00 a 23:59,-,-,-,-,-,-,-,-,-,-,-,-,-,-,-,1,1,-,-,-,1,-,-,-,-,-,-,-,-,1,1,-,1,1,2,-,-,-,-,-,-,-,-,-,-,-,-,-,-,-,1,1,-,-,-,1,-,-,-,-,-,-,-,-,-,-,-,-,-,-,-,-,-,-,-,-,-,-,-,-,-,-,-,-,-,-,-,-,-,-,-,-,3,3,-,-,-,3,-,1,1,-,-,-,1,-,-,-,-,-,-,-,-,-,-,-,-,-,-,-,-,-,-,-,-,-,-,-,-,-,-,-,-,-,-,-,-,-,-,-,-,-,-,-,-,-,-,8
Sin información,1,13,14,-,2,2,16,-,9,9,-,2,2,11,1,105,106,-,10,10,116,-,13,13,-,-,-,13,9,169,178,-,15,15,193,2,45,47,-,8,8,55,1,23,24,-,-,-,24,3,156,159,1,13,14,173,1,5,6,1,1,2,8,-,56,56,-,5,5,61,-,14,14,-,-,-,14,2,59,61,-,8,8,69,1,63,64,-,6,6,70,1,49,50,-,1,1,51,3,46,49,-,5,5,54,-,2,2,-,-,-,2,-,13,13,1,-,1,14,1,38,39,-,4,4,43,-,47,47,-,2,2,49,1,64,65,-,7,7,72,-,1,1,-,-,-,1,1109
TOTAL,1,13,14,-,2,2,16,-,9,9,-,2,2,11,1,106,107,-,10,10,117,-,13,13,-,-,-,13,9,173,182,-,16,16,198,2,46,48,-,8,8,56,1,24,25,-,-,-,25,3,159,162,1,14,15,177,1,5,6,1,1,2,8,-,56,56,-,5,5,61,-,14,14,-,-,-,14,2,60,62,-,8,8,70,1,64,65,-,6,6,71,1,54,55,-,1,1,56,3,48,51,-,5,5,56,-,3,3,-,-,-,3,-,13,13,1,1,2,15,1,38,39,-,4,4,43,-,48,48,-,2,2,50,1,65,66,-,7,7,73,-,1,1,-,-,-,1,1134
"De acuerdo con la misión de la entidad, el Instituto Nacional de Medicina Legal y Ciencias Forenses - INMLCF, está impedido de hacer juicios de valor, por eso la información estadística que se provee es a modo de presunción; la calificación de los delitos le corresponde a la Fiscalía General de la Nación y a los jueces de la República.",,,,,,,,,,,,,,,,,,,,,,,,,,,,,,,,,,,,,,,,,,,,,,,,,,,,,,,,,,,,,,,,,,,,,,,,,,,,,,,,,,,,,,,,,,,,,,,,,,,,,,,,,,,,,,,,,,,,,,,,,,,,,,,,,,,,,,,,,,,,,,,,,,,,
"Homicidio: La definición de homicidio aplicada por el Instituto Nacional de Medicina Legal y Ciencias Forenses - INMLCF, desde el punto de vista médico legal es “El que matare a otro”; de forma intencional o no intencional. En este punto es importante anotar que, cuando se clasifica un caso como homicidio no se tipifica el delito, tampoco se hacen juicios de responsabilidad, toda vez que estas actividades son competencia de la Fiscalía General de la Nación y los Jueces de la República. La clasificación, de carácter forense, se genera en el contexto de la información aportada por la autoridad y los hallazgos durante el procedimiento de necropsia.",,,,,,,,,,,,,,,,,,,,,,,,,,,,,,,,,,,,,,,,,,,,,,,,,,,,,,,,,,,,,,,,,,,,,,,,,,,,,,,,,,,,,,,,,,,,,,,,,,,,,,,,,,,,,,,,,,,,,,,,,,,,,,,,,,,,,,,,,,,,,,,,,,,,
"Feminicidio: Se define como el homicidio de la mujer por el hecho de ser mujer y que pueda ocurrir dentro de la familia,  unidad doméstica o en cualquier otra relación interpersonal,  en la comunidad o por parte de cualquier persona. Se aclara que no es competencia de la entidad tipificar el delito,  esto corresponde exclusivamente a la Fiscalía General de la Nación; sin embargo,  la variable se cataloga a manera de presunción de acuerdo a los criterios de los peritos que atienden los casos en el INMLCF",,,,,,,,,,,,,,,,,,,,,,,,,,,,,,,,,,,,,,,,,,,,,,,,,,,,,,,,,,,,,,,,,,,,,,,,,,,,,,,,,,,,,,,,,,,,,,,,,,,,,,,,,,,,,,,,,,,,,,,,,,,,,,,,,,,,,,,,,,,,,,,,,,,,
"No aplica ""Estado civil"": Corresponde a los menores de 10 años los cuales por su corta edad no es posible categorizarlos dentro de esta variable",,,,,,,,,,,,,,,,,,,,,,,,,,,,,,,,,,,,,,,,,,,,,,,,,,,,,,,,,,,,,,,,,,,,,,,,,,,,,,,,,,,,,,,,,,,,,,,,,,,,,,,,,,,,,,,,,,,,,,,,,,,,,,,,,,,,,,,,,,,,,,,,,,,,
FUENTE: Instituto Nacional de Medicina Legal y Ciencias Forenses - INMLCF,,,,,,,,,,,,,,,,,,,,,,,,,,,,,,,,,,,,,,,,,,,,,,,,,,,,,,,,,,,,,,,,,,,,,,,,,,,,,,,,,,,,,,,,,,,,,,,,,,,,,,,,,,,,,,,,,,,,,,,,,,,,,,,,,,,,,,,,,,,,,,,,,,,,
Grupo: Centro de Referencia Nacional Sobre la Violencia - GCERN,,,,,,,,,,,,,,,,,,,,,,,,,,,,,,,,,,,,,,,,,,,,,,,,,,,,,,,,,,,,,,,,,,,,,,,,,,,,,,,,,,,,,,,,,,,,,,,,,,,,,,,,,,,,,,,,,,,,,,,,,,,,,,,,,,,,,,,,,,,,,,,,,,,,
Base: Sistema de Información Red de Desaparecidos y Cadáveres - SIRDEC ,,,,,,,,,,,,,,,,,,,,,,,,,,,,,,,,,,,,,,,,,,,,,,,,,,,,,,,,,,,,,,,,,,,,,,,,,,,,,,,,,,,,,,,,,,,,,,,,,,,,,,,,,,,,,,,,,,,,,,,,,,,,,,,,,,,,,,,,,,,,,,,,,,,,
