 DIVIPOLA,"COMPORTAMIENTO DE LAS LESIONES NO FATALES POR VIOLENCIA INTRAFAMILIAR (VIF) EN COLOMBIA AÑO 2021

NÚMERO DE CASOS","VIOLENCIA CONTRA NIÑOS, NIÑAS Y ADOLESCENTES (VIF)","VIOLENCIA CONTRA NIÑOS, NIÑAS Y ADOLESCENTES (VIF).1","VIOLENCIA CONTRA NIÑOS, NIÑAS Y ADOLESCENTES (VIF).2","VIOLENCIA CONTRA NIÑOS, NIÑAS Y ADOLESCENTES (VIF).3","VIOLENCIA CONTRA NIÑOS, NIÑAS Y ADOLESCENTES (VIF).4","VIOLENCIA CONTRA NIÑOS, NIÑAS Y ADOLESCENTES (VIF).5","VIOLENCIA CONTRA NIÑOS, NIÑAS Y ADOLESCENTES (VIF).6",VIOLENCIA ENTRE OTROS FAMILIARES (VIF),VIOLENCIA ENTRE OTROS FAMILIARES (VIF).1,VIOLENCIA ENTRE OTROS FAMILIARES (VIF).2,VIOLENCIA ENTRE OTROS FAMILIARES (VIF).3,VIOLENCIA ENTRE OTROS FAMILIARES (VIF).4,VIOLENCIA ENTRE OTROS FAMILIARES (VIF).5,VIOLENCIA ENTRE OTROS FAMILIARES (VIF).6,VIOLENCIA CONTRA EL ADULTO MAYOR (VIF),VIOLENCIA CONTRA EL ADULTO MAYOR (VIF).1,VIOLENCIA CONTRA EL ADULTO MAYOR (VIF).2,VIOLENCIA CONTRA EL ADULTO MAYOR (VIF).3,VIOLENCIA CONTRA EL ADULTO MAYOR (VIF).4,VIOLENCIA CONTRA EL ADULTO MAYOR (VIF).5,VIOLENCIA CONTRA EL ADULTO MAYOR (VIF).6,TOTAL,TOTAL.1,TOTAL.2,TOTAL.3,TOTAL.4,TOTAL.5,TOTAL.6
CÓDIGOS,SEXO,Hombre,Hombre,HOMBRE,Mujer,Mujer,MUJER,TOTAL,Hombre,Hombre,HOMBRE,Mujer,Mujer,MUJER,TOTAL,Hombre,Hombre,HOMBRE,Mujer,Mujer,MUJER,TOTAL,Hombre,Hombre,HOMBRE,Mujer,Mujer,MUJER,TOTAL
N°,DEPARTAMENTO Y MUNICIPIO DEL HECHO DANE / MAYOR DE EDAD (> 18 AÑOS) O MENOR DE EDAD (< 18 AÑOS),Menores de Edad (<18 años),Mayores de Edad (>18 años),TOTAL,Menores de Edad (<18 años),Mayores de Edad (>18 años),TOTAL,,Menores de Edad (<18 años),Mayores de Edad (>18 años),TOTAL,Menores de Edad (<18 años),Mayores de Edad (>18 años),TOTAL,,Menores de Edad (<18 años),Mayores de Edad (>18 años),TOTAL,Menores de Edad (<18 años),Mayores de Edad (>18 años),TOTAL,,Menores de Edad (<18 años),Mayores de Edad (>18 años),TOTAL,Menores de Edad (<18 años),Mayores de Edad (>18 años),TOTAL,
91,Amazonas,15,-,15,15,-,15,30,-,19,19,-,23,23,42,-,3,3,-,1,1,4,15,22,37,15,24,39,76
91001,Leticia,15,-,15,14,-,14,29,-,18,18,-,23,23,41,-,3,3,-,1,1,4,15,21,36,14,24,38,74
91540,Puerto Nariño,-,-,-,1,-,1,1,-,1,1,-,-,-,1,-,-,-,-,-,-,-,-,1,1,1,-,1,2
5,Antioquia,289,-,289,329,-,329,618,-,513,513,-,990,990,1503,-,124,124,-,153,153,277,289,637,926,329,1143,1472,2398
5002,Abejorral,2,-,2,-,-,-,2,-,3,3,-,2,2,5,-,1,1,-,1,1,2,2,4,6,-,3,3,9
5030,Amagá,3,-,3,3,-,3,6,-,2,2,-,9,9,11,-,-,-,-,-,-,-,3,2,5,3,9,12,17
5031,Amalfi,1,-,1,-,-,-,1,-,-,-,-,2,2,2,-,-,-,-,-,-,-,1,-,1,-,2,2,3
5034,Andes,2,-,2,1,-,1,3,-,5,5,-,12,12,17,-,1,1,-,1,1,2,2,6,8,1,13,14,22
5040,Anorí,1,-,1,3,-,3,4,-,-,-,-,1,1,1,-,1,1,-,1,1,2,1,1,2,3,2,5,7
5045,Apartadó,2,-,2,4,-,4,6,-,5,5,-,6,6,11,-,-,-,-,-,-,-,2,5,7,4,6,10,17
5079,Barbosa,1,-,1,8,-,8,9,-,8,8,-,16,16,24,-,-,-,-,1,1,1,1,8,9,8,17,25,34
5088,Bello,24,-,24,15,-,15,39,-,25,25,-,57,57,82,-,6,6,-,7,7,13,24,31,55,15,64,79,134
5093,Betulia,-,-,-,1,-,1,1,-,-,-,-,4,4,4,-,1,1,-,-,-,1,-,1,1,1,4,5,6
5107,Briceño,1,-,1,-,-,-,1,-,1,1,-,-,-,1,-,-,-,-,-,-,-,1,1,2,-,-,-,2
5129,Caldas,2,-,2,13,-,13,15,-,16,16,-,17,17,33,-,1,1,-,6,6,7,2,17,19,13,23,36,55
5134,Campamento,1,-,1,-,-,-,1,-,-,-,-,1,1,1,-,-,-,-,-,-,-,1,-,1,-,1,1,2
5138,Cañasgordas,1,-,1,1,-,1,2,-,2,2,-,3,3,5,-,-,-,-,-,-,-,1,2,3,1,3,4,7
5150,Carolina,1,-,1,-,-,-,1,-,-,-,-,-,-,-,-,-,-,-,-,-,-,1,-,1,-,-,-,1
5154,Caucasia,2,-,2,4,-,4,6,-,3,3,-,6,6,9,-,1,1,-,-,-,1,2,4,6,4,6,10,16
5172,Chigorodó,2,-,2,2,-,2,4,-,3,3,-,7,7,10,-,1,1,-,-,-,1,2,4,6,2,7,9,15
5190,Cisneros,1,-,1,-,-,-,1,-,-,-,-,1,1,1,-,-,-,-,-,-,-,1,-,1,-,1,1,2
5101,Ciudad Bolívar,2,-,2,1,-,1,3,-,2,2,-,2,2,4,-,1,1,-,-,-,1,2,3,5,1,2,3,8
5197,Cocorná,-,-,-,-,-,-,-,-,-,-,-,1,1,1,-,-,-,-,-,-,-,-,-,-,-,1,1,1
5206,Concepción,1,-,1,-,-,-,1,-,-,-,-,-,-,-,-,-,-,-,-,-,-,1,-,1,-,-,-,1
5209,Concordia,1,-,1,-,-,-,1,-,-,-,-,2,2,2,-,-,-,-,-,-,-,1,-,1,-,2,2,3
5212,Copacabana,8,-,8,5,-,5,13,-,13,13,-,29,29,42,-,1,1,-,3,3,4,8,14,22,5,32,37,59
5234,Dabeiba,1,-,1,1,-,1,2,-,1,1,-,3,3,4,-,-,-,-,-,-,-,1,1,2,1,3,4,6
5237,Donmatías,1,-,1,-,-,-,1,-,-,-,-,2,2,2,-,-,-,-,-,-,-,1,-,1,-,2,2,3
5240,Ebéjico,1,-,1,1,-,1,2,-,-,-,-,2,2,2,-,1,1,-,-,-,1,1,1,2,1,2,3,5
5148,El Carmen de Viboral,5,-,5,4,-,4,9,-,7,7,-,9,9,16,-,1,1,-,-,-,1,5,8,13,4,9,13,26
5697,El Santuario,-,-,-,3,-,3,3,-,4,4,-,4,4,8,-,-,-,-,-,-,-,-,4,4,3,4,7,11
5264,Entrerríos,1,-,1,-,-,-,1,-,-,-,-,-,-,-,-,-,-,-,-,-,-,1,-,1,-,-,-,1
5266,Envigado,2,-,2,9,-,9,11,-,20,20,-,32,32,52,-,7,7,-,7,7,14,2,27,29,9,39,48,77
5282,Fredonia,1,-,1,1,-,1,2,-,-,-,-,1,1,1,-,1,1,-,-,-,1,1,1,2,1,1,2,4
5306,Giraldo,1,-,1,2,-,2,3,-,1,1,-,1,1,2,-,-,-,-,1,1,1,1,1,2,2,2,4,6
5308,Girardota,1,-,1,1,-,1,2,-,7,7,-,4,4,11,-,4,4,-,-,-,4,1,11,12,1,4,5,17
5310,Gómez Plata,1,-,1,1,-,1,2,-,1,1,-,-,-,1,-,-,-,-,1,1,1,1,1,2,1,1,2,4
5313,Granada,-,-,-,-,-,-,-,-,1,1,-,1,1,2,-,-,-,-,-,-,-,-,1,1,-,1,1,2
5315,Guadalupe,1,-,1,-,-,-,1,-,-,-,-,-,-,-,-,1,1,-,-,-,1,1,1,2,-,-,-,2
5318,Guarne,20,-,20,35,-,35,55,-,12,12,-,26,26,38,-,5,5,-,1,1,6,20,17,37,35,27,62,99
5321,Guatapé,1,-,1,1,-,1,2,-,-,-,-,2,2,2,-,-,-,-,-,-,-,1,-,1,1,2,3,4
5353,Hispania,-,-,-,1,-,1,1,-,-,-,-,-,-,-,-,-,-,-,-,-,-,-,-,-,1,-,1,1
5360,Itagüí,17,-,17,13,-,13,30,-,26,26,-,58,58,84,-,4,4,-,9,9,13,17,30,47,13,67,80,127
5361,Ituango,2,-,2,1,-,1,3,-,-,-,-,1,1,1,-,-,-,-,-,-,-,2,-,2,1,1,2,4
5364,Jardín,1,-,1,2,-,2,3,-,4,4,-,4,4,8,-,2,2,-,1,1,3,1,6,7,2,5,7,14
5368,Jericó,2,-,2,1,-,1,3,-,2,2,-,6,6,8,-,-,-,-,-,-,-,2,2,4,1,6,7,11
5376,La Ceja,14,-,14,17,-,17,31,-,6,6,-,20,20,26,-,2,2,-,4,4,6,14,8,22,17,24,41,63
5380,La Estrella,1,-,1,2,-,2,3,-,7,7,-,18,18,25,-,2,2,-,2,2,4,1,9,10,2,20,22,32
5400,La Unión,1,-,1,-,-,-,1,-,-,-,-,-,-,-,-,-,-,-,-,-,-,1,-,1,-,-,-,1
5440,Marinilla,-,-,-,1,-,1,1,-,1,1,-,1,1,2,-,-,-,-,-,-,-,-,1,1,1,1,2,3
5001,Medellín,122,-,122,136,-,136,258,-,245,245,-,496,496,741,-,61,61,-,87,87,148,122,306,428,136,583,719,1147
5467,Montebello,3,-,3,1,-,1,4,-,2,2,-,-,-,2,-,-,-,-,-,-,-,3,2,5,1,-,1,6
5480,Mutatá,1,-,1,-,-,-,1,-,1,1,-,-,-,1,-,-,-,-,-,-,-,1,1,2,-,-,-,2
5483,Nariño,-,-,-,-,-,-,-,-,-,-,-,-,-,-,-,1,1,-,-,-,1,-,1,1,-,-,-,1
5490,Necoclí,-,-,-,-,-,-,-,-,1,1,-,-,-,1,-,-,-,-,-,-,-,-,1,1,-,-,-,1
5541,Peñol,-,-,-,-,-,-,-,-,-,-,-,2,2,2,-,-,-,-,-,-,-,-,-,-,-,2,2,2
5579,Puerto Berrío,-,-,-,-,-,-,-,-,8,8,-,11,11,19,-,-,-,-,-,-,-,-,8,8,-,11,11,19
5591,Puerto Triunfo,-,-,-,2,-,2,2,-,1,1,-,2,2,3,-,-,-,-,-,-,-,-,1,1,2,2,4,5
5607,Retiro,1,-,1,-,-,-,1,-,7,7,-,5,5,12,-,2,2,-,-,-,2,1,9,10,-,5,5,15
5615,Rionegro,3,-,3,-,-,-,3,-,9,9,-,14,14,23,-,2,2,-,3,3,5,3,11,14,-,17,17,31
5631,Sabaneta,4,-,4,-,-,-,4,-,5,5,-,6,6,11,-,1,1,-,2,2,3,4,6,10,-,8,8,18
5642,Salgar,1,-,1,2,-,2,3,-,3,3,-,4,4,7,-,1,1,-,1,1,2,1,4,5,2,5,7,12
5647,San Andrés de Cuerquía,3,-,3,1,-,1,4,-,3,3,-,1,1,4,-,-,-,-,-,-,-,3,3,6,1,1,2,8
5649,San Carlos,1,-,1,-,-,-,1,-,2,2,-,3,3,5,-,-,-,-,-,-,-,1,2,3,-,3,3,6
5656,San Jerónimo,-,-,-,-,-,-,-,-,2,2,-,4,4,6,-,1,1,-,1,1,2,-,3,3,-,5,5,8
5660,San Luis,1,-,1,-,-,-,1,-,1,1,-,-,-,1,-,-,-,-,-,-,-,1,1,2,-,-,-,2
5664,San Pedro de los Milagros,1,-,1,1,-,1,2,-,2,2,-,12,12,14,-,-,-,-,-,-,-,1,2,3,1,12,13,16
5667,San Rafael,-,-,-,-,-,-,-,-,-,-,-,2,2,2,-,-,-,-,-,-,-,-,-,-,-,2,2,2
5670,San Roque,-,-,-,1,-,1,1,-,3,3,-,4,4,7,-,2,2,-,-,-,2,-,5,5,1,4,5,10
5674,San Vicente Ferrer,-,-,-,-,-,-,-,-,-,-,-,3,3,3,-,-,-,-,1,1,1,-,-,-,-,4,4,4
5679,Santa Bárbara,-,-,-,-,-,-,-,-,3,3,-,2,2,5,-,1,1,-,2,2,3,-,4,4,-,4,4,8
5042,Santa Fé de Antioquia,-,-,-,1,-,1,1,-,6,6,-,9,9,15,-,-,-,-,2,2,2,-,6,6,1,11,12,18
5686,Santa Rosa de Osos,-,-,-,-,-,-,-,-,1,1,-,1,1,2,-,-,-,-,-,-,-,-,1,1,-,1,1,2
5736,Segovia,1,-,1,-,-,-,1,-,1,1,-,1,1,2,-,1,1,-,-,-,1,1,2,3,-,1,1,4
5756,Sonsón,2,-,2,4,-,4,6,-,5,5,-,4,4,9,-,1,1,-,1,1,2,2,6,8,4,5,9,17
5761,Sopetrán,-,-,-,-,-,-,-,-,-,-,-,1,1,1,-,-,-,-,1,1,1,-,-,-,-,2,2,2
5790,Tarazá,1,-,1,-,-,-,1,-,1,1,-,1,1,2,-,-,-,-,-,-,-,1,1,2,-,1,1,3
5792,Tarso,-,-,-,-,-,-,-,-,-,-,-,1,1,1,-,-,-,-,-,-,-,-,-,-,-,1,1,1
5809,Titiribí,-,-,-,-,-,-,-,-,1,1,-,1,1,2,-,-,-,-,-,-,-,-,1,1,-,1,1,2
5819,Toledo,-,-,-,1,-,1,1,-,-,-,-,-,-,-,-,-,-,-,-,-,-,-,-,-,1,-,1,1
5837,Turbo,1,-,1,2,-,2,3,-,1,1,-,7,7,8,-,1,1,-,2,2,3,1,2,3,2,9,11,14
5847,Urrao,2,-,2,2,-,2,4,-,2,2,-,4,4,6,-,-,-,-,1,1,1,2,2,4,2,5,7,11
5858,Vegachí,-,-,-,-,-,-,-,-,2,2,-,2,2,4,-,1,1,-,1,1,2,-,3,3,-,3,3,6
5861,Venecia,1,-,1,1,-,1,2,-,4,4,-,5,5,9,-,2,2,-,1,1,3,1,6,7,1,6,7,14
5885,Yalí,-,-,-,1,-,1,1,-,1,1,-,3,3,4,-,-,-,-,-,-,-,-,1,1,1,3,4,5
5887,Yarumal,6,-,6,14,-,14,20,-,2,2,-,3,3,5,-,1,1,-,1,1,2,6,3,9,14,4,18,27
5890,Yolombó,-,-,-,1,-,1,1,-,-,-,-,3,3,3,-,-,-,-,-,-,-,-,-,-,1,3,4,4
81,Arauca,39,-,39,42,-,42,81,-,32,32,-,54,54,86,-,11,11,-,5,5,16,39,43,82,42,59,101,183
81001,Arauca,17,-,17,23,-,23,40,-,16,16,-,31,31,47,-,10,10,-,2,2,12,17,26,43,23,33,56,99
81065,Arauquita,5,-,5,5,-,5,10,-,-,-,-,1,1,1,-,-,-,-,-,-,-,5,-,5,5,1,6,11
81300,Fortul,-,-,-,1,-,1,1,-,-,-,-,1,1,1,-,1,1,-,1,1,2,-,1,1,1,2,3,4
81591,Puerto Rondón,-,-,-,-,-,-,-,-,2,2,-,1,1,3,-,-,-,-,-,-,-,-,2,2,-,1,1,3
81736,Saravena,7,-,7,7,-,7,14,-,5,5,-,13,13,18,-,-,-,-,2,2,2,7,5,12,7,15,22,34
81794,Tame,10,-,10,6,-,6,16,-,9,9,-,7,7,16,-,-,-,-,-,-,-,10,9,19,6,7,13,32
88,"Archipiélago de San Andrés, Providencia y Santa Catalina",4,-,4,9,-,9,13,-,12,12,-,24,24,36,-,1,1,-,3,3,4,4,13,17,9,27,36,53
88001,San Andrés,4,-,4,9,-,9,13,-,12,12,-,24,24,36,-,1,1,-,3,3,4,4,13,17,9,27,36,53
8,Atlántico,76,-,76,65,-,65,141,-,201,201,-,339,339,540,-,66,66,-,53,53,119,76,267,343,65,392,457,800
8078,Baranoa,2,-,2,5,-,5,7,-,8,8,-,9,9,17,-,4,4,-,1,1,5,2,12,14,5,10,15,29
8001,Barranquilla,39,-,39,35,-,35,74,-,122,122,-,204,204,326,-,41,41,-,34,34,75,39,163,202,35,238,273,475
8137,Campo de la Cruz,-,-,-,-,-,-,-,-,2,2,-,-,-,2,-,-,-,-,-,-,-,-,2,2,-,-,-,2
8296,Galapa,3,-,3,-,-,-,3,-,6,6,-,8,8,14,-,1,1,-,1,1,2,3,7,10,-,9,9,19
8372,Juan de Acosta,-,-,-,-,-,-,-,-,1,1,-,1,1,2,-,-,-,-,-,-,-,-,1,1,-,1,1,2
8421,Luruaco,-,-,-,-,-,-,-,-,1,1,-,1,1,2,-,-,-,-,-,-,-,-,1,1,-,1,1,2
8433,Malambo,6,-,6,4,-,4,10,-,13,13,-,20,20,33,-,3,3,-,5,5,8,6,16,22,4,25,29,51
8436,Manatí,1,-,1,-,-,-,1,-,1,1,-,1,1,2,-,-,-,-,-,-,-,1,1,2,-,1,1,3
8520,Palmar de Varela,1,-,1,-,-,-,1,-,3,3,-,8,8,11,-,1,1,-,1,1,2,1,4,5,-,9,9,14
8558,Polonuevo,3,-,3,-,-,-,3,-,1,1,-,-,-,1,-,-,-,-,-,-,-,3,1,4,-,-,-,4
8560,Ponedera,-,-,-,-,-,-,-,-,5,5,-,6,6,11,-,-,-,-,1,1,1,-,5,5,-,7,7,12
8573,Puerto Colombia,-,-,-,-,-,-,-,-,5,5,-,4,4,9,-,1,1,-,-,-,1,-,6,6,-,4,4,10
8634,Sabanagrande,1,-,1,2,-,2,3,-,3,3,-,2,2,5,-,-,-,-,-,-,-,1,3,4,2,2,4,8
8638,Sabanalarga,5,-,5,1,-,1,6,-,6,6,-,8,8,14,-,3,3,-,-,-,3,5,9,14,1,8,9,23
8675,Santa Lucía,-,-,-,-,-,-,-,-,2,2,-,1,1,3,-,-,-,-,-,-,-,-,2,2,-,1,1,3
8685,Santo Tomás,1,-,1,-,-,-,1,-,1,1,-,2,2,3,-,1,1,-,-,-,1,1,2,3,-,2,2,5
8758,Soledad,14,-,14,18,-,18,32,-,18,18,-,63,63,81,-,11,11,-,10,10,21,14,29,43,18,73,91,134
8832,Tubará,-,-,-,-,-,-,-,-,3,3,-,1,1,4,-,-,-,-,-,-,-,-,3,3,-,1,1,4
11,"Bogotá, D.C.",824,-,824,885,-,885,1709,-,1119,1119,-,1803,1803,2922,-,242,242,-,261,261,503,824,1361,2185,885,2064,2949,5134
11001,"Bogotá, D.C.",824,-,824,885,-,885,1709,-,1119,1119,-,1803,1803,2922,-,242,242,-,261,261,503,824,1361,2185,885,2064,2949,5134
13,Bolívar,31,-,31,38,-,38,69,-,70,70,-,147,147,217,-,28,28,-,23,23,51,31,98,129,38,170,208,337
13052,Arjona,-,-,-,-,-,-,-,-,1,1,-,-,-,1,-,-,-,-,-,-,-,-,1,1,-,-,-,1
13140,Calamar,-,-,-,-,-,-,-,-,1,1,-,1,1,2,-,-,-,-,1,1,1,-,1,1,-,2,2,3
13001,Cartagena de Indias,26,-,26,24,-,24,50,-,53,53,-,121,121,174,-,19,19,-,21,21,40,26,72,98,24,142,166,264
13188,Cicuco,-,-,-,-,-,-,-,-,1,1,-,-,-,1,-,1,1,-,-,-,1,-,2,2,-,-,-,2
13222,Clemencia,-,-,-,-,-,-,-,-,-,-,-,1,1,1,-,-,-,-,-,-,-,-,-,-,-,1,1,1
13212,Córdoba,1,-,1,-,-,-,1,-,-,-,-,-,-,-,-,-,-,-,1,1,1,1,-,1,-,1,1,2
13244,El Carmen de Bolívar,-,-,-,4,-,4,4,-,1,1,-,2,2,3,-,2,2,-,-,-,2,-,3,3,4,2,6,9
13268,El Peñón,-,-,-,-,-,-,-,-,-,-,-,2,2,2,-,-,-,-,-,-,-,-,-,-,-,2,2,2
13430,Magangué,3,-,3,5,-,5,8,-,5,5,-,9,9,14,-,4,4,-,-,-,4,3,9,12,5,9,14,26
13433,Mahates,-,-,-,-,-,-,-,-,1,1,-,-,-,1,-,-,-,-,-,-,-,-,1,1,-,-,-,1
13442,María la Baja,-,-,-,1,-,1,1,-,1,1,-,3,3,4,-,-,-,-,-,-,-,-,1,1,1,3,4,5
13468,Mompós,-,-,-,-,-,-,-,-,1,1,-,-,-,1,-,-,-,-,-,-,-,-,1,1,-,-,-,1
13549,Pinillos,1,-,1,-,-,-,1,-,-,-,-,-,-,-,-,-,-,-,-,-,-,1,-,1,-,-,-,1
13654,San Jacinto,-,-,-,1,-,1,1,-,1,1,-,1,1,2,-,-,-,-,-,-,-,-,1,1,1,1,2,3
13657,San Juan Nepomuceno,-,-,-,1,-,1,1,-,-,-,-,1,1,1,-,-,-,-,-,-,-,-,-,-,1,1,2,2
13667,San Martín de Loba,-,-,-,-,-,-,-,-,1,1,-,-,-,1,-,-,-,-,-,-,-,-,1,1,-,-,-,1
13670,San Pablo,-,-,-,-,-,-,-,-,-,-,-,1,1,1,-,-,-,-,-,-,-,-,-,-,-,1,1,1
13688,Santa Rosa del Sur,-,-,-,-,-,-,-,-,1,1,-,-,-,1,-,-,-,-,-,-,-,-,1,1,-,-,-,1
13744,Simití,-,-,-,-,-,-,-,-,-,-,-,1,1,1,-,-,-,-,-,-,-,-,-,-,-,1,1,1
13836,Turbaco,-,-,-,1,-,1,1,-,1,1,-,2,2,3,-,2,2,-,-,-,2,-,3,3,1,2,3,6
13838,Turbaná,-,-,-,-,-,-,-,-,1,1,-,-,-,1,-,-,-,-,-,-,-,-,1,1,-,-,-,1
13873,Villanueva,-,-,-,-,-,-,-,-,-,-,-,2,2,2,-,-,-,-,-,-,-,-,-,-,-,2,2,2
13894,Zambrano,-,-,-,1,-,1,1,-,-,-,-,-,-,-,-,-,-,-,-,-,-,-,-,-,1,-,1,1
15,Boyacá,80,-,80,79,-,79,159,-,162,162,-,228,228,390,-,33,33,-,39,39,72,80,195,275,79,267,346,621
15047,Aquitania,-,-,-,-,-,-,-,-,1,1,-,-,-,1,-,-,-,-,-,-,-,-,1,1,-,-,-,1
15051,Arcabuco,-,-,-,-,-,-,-,-,1,1,-,-,-,1,-,-,-,-,-,-,-,-,1,1,-,-,-,1
15087,Belén,1,-,1,2,-,2,3,-,-,-,-,1,1,1,-,-,-,-,-,-,-,1,-,1,2,1,3,4
15162,Cerinza,-,-,-,-,-,-,-,-,-,-,-,-,-,-,-,-,-,-,1,1,1,-,-,-,-,1,1,1
15172,Chinavita,-,-,-,1,-,1,1,-,3,3,-,1,1,4,-,1,1,-,-,-,1,-,4,4,1,1,2,6
15176,Chiquinquirá,2,-,2,3,-,3,5,-,5,5,-,10,10,15,-,1,1,-,-,-,1,2,6,8,3,10,13,21
15232,Chíquiza,-,-,-,-,-,-,-,-,1,1,-,-,-,1,-,-,-,-,-,-,-,-,1,1,-,-,-,1
15185,Chitaraque,-,-,-,-,-,-,-,-,1,1,-,1,1,2,-,-,-,-,1,1,1,-,1,1,-,2,2,3
15187,Chivatá,2,-,2,2,-,2,4,-,1,1,-,5,5,6,-,-,-,-,-,-,-,2,1,3,2,5,7,10
15204,Cómbita,-,-,-,-,-,-,-,-,3,3,-,2,2,5,-,1,1,-,1,1,2,-,4,4,-,3,3,7
15223,Cubará,-,-,-,1,-,1,1,-,-,-,-,-,-,-,-,-,-,-,-,-,-,-,-,-,1,-,1,1
15224,Cucaita,-,-,-,-,-,-,-,-,1,1,-,1,1,2,-,-,-,-,-,-,-,-,1,1,-,1,1,2
15226,Cuítiva,-,-,-,-,-,-,-,-,-,-,-,1,1,1,-,-,-,-,-,-,-,-,-,-,-,1,1,1
15238,Duitama,12,-,12,13,-,13,25,-,17,17,-,34,34,51,-,6,6,-,2,2,8,12,23,35,13,36,49,84
15296,Gámeza,-,-,-,-,-,-,-,-,-,-,-,1,1,1,-,-,-,-,-,-,-,-,-,-,-,1,1,1
15299,Garagoa,5,-,5,4,-,4,9,-,1,1,-,3,3,4,-,-,-,-,-,-,-,5,1,6,4,3,7,13
15322,Guateque,1,-,1,-,-,-,1,-,-,-,-,1,1,1,-,-,-,-,-,-,-,1,-,1,-,1,1,2
15380,La Capilla,-,-,-,-,-,-,-,-,1,1,-,-,-,1,-,-,-,-,-,-,-,-,1,1,-,-,-,1
15455,Miraflores,-,-,-,-,-,-,-,-,-,-,-,-,-,-,-,-,-,-,1,1,1,-,-,-,-,1,1,1
15469,Moniquirá,-,-,-,-,-,-,-,-,11,11,-,3,3,14,-,2,2,-,1,1,3,-,13,13,-,4,4,17
15476,Motavita,-,-,-,1,-,1,1,-,2,2,-,2,2,4,-,-,-,-,1,1,1,-,2,2,1,3,4,6
15480,Muzo,-,-,-,-,-,-,-,-,1,1,-,-,-,1,-,-,-,-,-,-,-,-,1,1,-,-,-,1
15491,Nobsa,-,-,-,-,-,-,-,-,2,2,-,1,1,3,-,1,1,-,2,2,3,-,3,3,-,3,3,6
15500,Oicatá,-,-,-,-,-,-,-,-,-,-,-,3,3,3,-,-,-,-,-,-,-,-,-,-,-,3,3,3
15507,Otanche,-,-,-,-,-,-,-,-,3,3,-,1,1,4,-,1,1,-,-,-,1,-,4,4,-,1,1,5
15516,Paipa,6,-,6,7,-,7,13,-,4,4,-,6,6,10,-,-,-,-,1,1,1,6,4,10,7,7,14,24
15542,Pesca,-,-,-,-,-,-,-,-,1,1,-,-,-,1,-,1,1,-,1,1,2,-,2,2,-,1,1,3
15572,Puerto Boyacá,2,-,2,6,-,6,8,-,1,1,-,9,9,10,-,1,1,-,1,1,2,2,2,4,6,10,16,20
15580,Quípama,-,-,-,-,-,-,-,-,-,-,-,1,1,1,-,-,-,-,-,-,-,-,-,-,-,1,1,1
15599,Ramiriquí,-,-,-,3,-,3,3,-,5,5,-,2,2,7,-,-,-,-,-,-,-,-,5,5,3,2,5,10
15638,Sáchica,1,-,1,-,-,-,1,-,-,-,-,-,-,-,-,-,-,-,-,-,-,1,-,1,-,-,-,1
15646,Samacá,-,-,-,-,-,-,-,-,-,-,-,-,-,-,-,-,-,-,1,1,1,-,-,-,-,1,1,1
15664,San José de Pare,1,-,1,1,-,1,2,-,4,4,-,1,1,5,-,-,-,-,-,-,-,1,4,5,1,1,2,7
15676,San Miguel de Sema,-,-,-,-,-,-,-,-,1,1,-,-,-,1,-,-,-,-,-,-,-,-,1,1,-,-,-,1
15693,Santa Rosa de Viterbo,1,-,1,1,-,1,2,-,1,1,-,2,2,3,-,-,-,-,-,-,-,1,1,2,1,2,3,5
15686,Santana,-,-,-,-,-,-,-,-,1,1,-,1,1,2,-,-,-,-,-,-,-,-,1,1,-,1,1,2
15740,Siachoque,-,-,-,-,-,-,-,-,1,1,-,-,-,1,-,-,-,-,-,-,-,-,1,1,-,-,-,1
15755,Socotá,-,-,-,-,-,-,-,-,1,1,-,-,-,1,-,-,-,-,1,1,1,-,1,1,-,1,1,2
15759,Sogamoso,12,-,12,8,-,8,20,-,22,22,-,34,34,56,-,9,9,-,11,11,20,12,31,43,8,45,53,96
15762,Sora,-,-,-,-,-,-,-,-,-,-,-,1,1,1,-,-,-,-,-,-,-,-,-,-,-,1,1,1
15764,Soracá,2,-,2,-,-,-,2,-,2,2,-,2,2,4,-,1,1,-,-,-,1,2,3,5,-,2,2,7
15763,Sotaquirá,-,-,-,-,-,-,-,-,4,4,-,1,1,5,-,-,-,-,-,-,-,-,4,4,-,1,1,5
15778,Sutatenza,-,-,-,-,-,-,-,-,1,1,-,-,-,1,-,-,-,-,-,-,-,-,1,1,-,-,-,1
15790,Tasco,-,-,-,-,-,-,-,-,-,-,-,2,2,2,-,-,-,-,-,-,-,-,-,-,-,2,2,2
15806,Tibasosa,-,-,-,1,-,1,1,-,2,2,-,-,-,2,-,-,-,-,1,1,1,-,2,2,1,1,2,4
15810,Tipacoque,-,-,-,1,-,1,1,-,-,-,-,-,-,-,-,-,-,-,-,-,-,-,-,-,1,-,1,1
15814,Toca,-,-,-,1,-,1,1,-,-,-,-,1,1,1,-,-,-,-,-,-,-,-,-,-,1,1,2,2
15816,Togüí,-,-,-,-,-,-,-,-,-,-,-,-,-,-,-,1,1,-,-,-,1,-,1,1,-,-,-,1
15001,Tunja,31,-,31,22,-,22,53,-,52,52,-,87,87,139,-,7,7,-,12,12,19,31,59,90,22,99,121,211
15835,Turmequé,-,-,-,-,-,-,-,-,-,-,-,2,2,2,-,-,-,-,-,-,-,-,-,-,-,2,2,2
15837,Tuta,-,-,-,-,-,-,-,-,-,-,-,1,1,1,-,-,-,-,-,-,-,-,-,-,-,1,1,1
15861,Ventaquemada,1,-,1,1,-,1,2,-,2,2,-,1,1,3,-,-,-,-,-,-,-,1,2,3,1,1,2,5
15407,Villa de Leyva,-,-,-,-,-,-,-,-,1,1,-,2,2,3,-,-,-,-,-,-,-,-,1,1,-,2,2,3
15879,Viracachá,-,-,-,-,-,-,-,-,-,-,-,1,1,1,-,-,-,-,-,-,-,-,-,-,-,1,1,1
15897,Zetaquira,-,-,-,-,-,-,-,-,1,1,-,-,-,1,-,-,-,-,-,-,-,-,1,1,-,-,-,1
17,Caldas,20,-,20,12,-,12,32,-,39,39,-,84,84,123,-,10,10,-,10,10,20,20,49,69,12,94,106,175
17013,Aguadas,-,-,-,-,-,-,-,-,-,-,-,1,1,1,-,-,-,-,-,-,-,-,-,-,-,1,1,1
17042,Anserma,2,-,2,1,-,1,3,-,3,3,-,5,5,8,-,-,-,-,-,-,-,2,3,5,1,5,6,11
17050,Aranzazu,-,-,-,-,-,-,-,-,1,1,-,1,1,2,-,-,-,-,-,-,-,-,1,1,-,1,1,2
17088,Belalcázar,-,-,-,-,-,-,-,-,-,-,-,2,2,2,-,-,-,-,-,-,-,-,-,-,-,2,2,2
17174,Chinchiná,-,-,-,3,-,3,3,-,3,3,-,11,11,14,-,1,1,-,3,3,4,-,4,4,3,14,17,21
17380,La Dorada,2,-,2,2,-,2,4,-,1,1,-,9,9,10,-,-,-,-,-,-,-,2,1,3,2,9,11,14
17001,Manizales,13,-,13,4,-,4,17,-,22,22,-,36,36,58,-,5,5,-,4,4,9,13,27,40,4,40,44,84
17433,Manzanares,1,-,1,-,-,-,1,-,-,-,-,-,-,-,-,-,-,-,-,-,-,1,-,1,-,-,-,1
17442,Marmato,-,-,-,-,-,-,-,-,2,2,-,1,1,3,-,-,-,-,-,-,-,-,2,2,-,1,1,3
17444,Marquetalia,1,-,1,-,-,-,1,-,-,-,-,-,-,-,-,-,-,-,-,-,-,1,-,1,-,-,-,1
17486,Neira,-,-,-,-,-,-,-,-,-,-,-,-,-,-,-,-,-,-,1,1,1,-,-,-,-,1,1,1
17513,Pácora,-,-,-,-,-,-,-,-,-,-,-,1,1,1,-,-,-,-,-,-,-,-,-,-,-,1,1,1
17524,Palestina,-,-,-,-,-,-,-,-,2,2,-,-,-,2,-,-,-,-,-,-,-,-,2,2,-,-,-,2
17614,Riosucio,-,-,-,-,-,-,-,-,2,2,-,3,3,5,-,1,1,-,-,-,1,-,3,3,-,3,3,6
17616,Risaralda,-,-,-,-,-,-,-,-,-,-,-,3,3,3,-,-,-,-,-,-,-,-,-,-,-,3,3,3
17653,Salamina,-,-,-,2,-,2,2,-,-,-,-,-,-,-,-,1,1,-,1,1,2,-,1,1,2,1,3,4
17662,Samaná,-,-,-,-,-,-,-,-,-,-,-,-,-,-,-,1,1,-,-,-,1,-,1,1,-,-,-,1
17777,Supía,1,-,1,-,-,-,1,-,-,-,-,3,3,3,-,-,-,-,-,-,-,1,-,1,-,3,3,4
17873,Villamaría,-,-,-,-,-,-,-,-,3,3,-,8,8,11,-,1,1,-,1,1,2,-,4,4,-,9,9,13
18,Caquetá,11,-,11,14,-,14,25,-,11,11,-,30,30,41,-,6,6,-,1,1,7,11,17,28,14,31,45,73
18150,Cartagena del Chairá,-,-,-,-,-,-,-,-,-,-,-,1,1,1,-,-,-,-,-,-,-,-,-,-,-,1,1,1
18247,El Doncello,-,-,-,-,-,-,-,-,-,-,-,1,1,1,-,-,-,-,-,-,-,-,-,-,-,1,1,1
18001,Florencia,9,-,9,10,-,10,19,-,9,9,-,23,23,32,-,6,6,-,1,1,7,9,15,24,10,24,34,58
18410,La Montañita,-,-,-,-,-,-,-,-,-,-,-,1,1,1,-,-,-,-,-,-,-,-,-,-,-,1,1,1
18460,Milán,-,-,-,1,-,1,1,-,-,-,-,-,-,-,-,-,-,-,-,-,-,-,-,-,1,-,1,1
18592,Puerto Rico,-,-,-,-,-,-,-,-,1,1,-,2,2,3,-,-,-,-,-,-,-,-,1,1,-,2,2,3
18610,San José del Fragua,-,-,-,-,-,-,-,-,1,1,-,-,-,1,-,-,-,-,-,-,-,-,1,1,-,-,-,1
18753,San Vicente del Caguán,-,-,-,-,-,-,-,-,-,-,-,2,2,2,-,-,-,-,-,-,-,-,-,-,-,2,2,2
18756,Solano,1,-,1,2,-,2,3,-,-,-,-,-,-,-,-,-,-,-,-,-,-,1,-,1,2,-,2,3
18785,Solita,1,-,1,1,-,1,2,-,-,-,-,-,-,-,-,-,-,-,-,-,-,1,-,1,1,-,1,2
85,Casanare,56,-,56,61,-,61,117,-,50,50,-,92,92,142,-,6,6,-,6,6,12,56,56,112,61,98,159,271
85010,Aguazul,16,-,16,11,-,11,27,-,7,7,-,15,15,22,-,-,-,-,2,2,2,16,7,23,11,17,28,51
85015,Chámeza,-,-,-,2,-,2,2,-,-,-,-,-,-,-,-,-,-,-,-,-,-,-,-,-,2,-,2,2
85125,Hato Corozal,-,-,-,-,-,-,-,-,-,-,-,2,2,2,-,-,-,-,-,-,-,-,-,-,-,2,2,2
85139,Maní,2,-,2,-,-,-,2,-,2,2,-,3,3,5,-,-,-,-,-,-,-,2,2,4,-,3,3,7
85162,Monterrey,2,-,2,3,-,3,5,-,1,1,-,1,1,2,-,-,-,-,-,-,-,2,1,3,3,1,4,7
85225,Nunchía,-,-,-,-,-,-,-,-,-,-,-,1,1,1,-,-,-,-,-,-,-,-,-,-,-,1,1,1
85230,Orocué,2,-,2,-,-,-,2,-,-,-,-,-,-,-,-,-,-,-,-,-,-,2,-,2,-,-,-,2
85250,Paz de Ariporo,3,-,3,5,-,5,8,-,5,5,-,8,8,13,-,-,-,-,-,-,-,3,5,8,5,8,13,21
85263,Pore,1,-,1,3,-,3,4,-,1,1,-,5,5,6,-,-,-,-,1,1,1,1,1,2,3,6,9,11
85279,Recetor,-,-,-,-,-,-,-,-,1,1,-,-,-,1,-,-,-,-,-,-,-,-,1,1,-,-,-,1
85325,San Luis de Palenque,-,-,-,-,-,-,-,-,-,-,-,1,1,1,-,-,-,-,-,-,-,-,-,-,-,1,1,1
85400,Támara,-,-,-,-,-,-,-,-,1,1,-,-,-,1,-,-,-,-,-,-,-,-,1,1,-,-,-,1
85410,Tauramena,4,-,4,3,-,3,7,-,-,-,-,6,6,6,-,-,-,-,-,-,-,4,-,4,3,6,9,13
85430,Trinidad,-,-,-,1,-,1,1,-,-,-,-,-,-,-,-,-,-,-,-,-,-,-,-,-,1,-,1,1
85440,Villanueva,1,-,1,1,-,1,2,-,-,-,-,1,1,1,-,-,-,-,-,-,-,1,-,1,1,1,2,3
85001,Yopal,25,-,25,32,-,32,57,-,32,32,-,49,49,81,-,6,6,-,3,3,9,25,38,63,32,52,84,147
19,Cauca,11,-,11,25,-,25,36,-,53,53,-,114,114,167,-,15,15,-,15,15,30,11,68,79,25,129,154,233
19050,Argelia,-,-,-,-,-,-,-,-,-,-,-,1,1,1,-,-,-,-,-,-,-,-,-,-,-,1,1,1
19100,Bolívar,-,-,-,1,-,1,1,-,-,-,-,1,1,1,-,1,1,-,-,-,1,-,1,1,1,1,2,3
19130,Cajibío,-,-,-,-,-,-,-,-,2,2,-,5,5,7,-,-,-,-,-,-,-,-,2,2,-,5,5,7
19142,Caloto,1,-,1,5,-,5,6,-,-,-,-,2,2,2,-,1,1,-,-,-,1,1,1,2,5,2,7,9
19212,Corinto,-,-,-,-,-,-,-,-,-,-,-,1,1,1,-,-,-,-,-,-,-,-,-,-,-,1,1,1
19256,El Tambo,1,-,1,-,-,-,1,-,1,1,-,-,-,1,-,1,1,-,-,-,1,1,2,3,-,-,-,3
19290,Florencia,-,-,-,-,-,-,-,-,1,1,-,-,-,1,-,-,-,-,-,-,-,-,1,1,-,-,-,1
19300,Guachené,-,-,-,-,-,-,-,-,3,3,-,1,1,4,-,-,-,-,-,-,-,-,3,3,-,1,1,4
19318,Guapí,-,-,-,1,-,1,1,-,-,-,-,-,-,-,-,-,-,-,-,-,-,-,-,-,1,-,1,1
19355,Inzá,-,-,-,-,-,-,-,-,1,1,-,1,1,2,-,1,1,-,-,-,1,-,2,2,-,1,1,3
19392,La Sierra,-,-,-,-,-,-,-,-,-,-,-,1,1,1,-,-,-,-,-,-,-,-,-,-,-,1,1,1
19450,Mercaderes,-,-,-,2,-,2,2,-,-,-,-,1,1,1,-,-,-,-,-,-,-,-,-,-,2,1,3,3
19455,Miranda,-,-,-,2,-,2,2,-,-,-,-,3,3,3,-,1,1,-,1,1,2,-,1,1,2,4,6,7
19513,Padilla,-,-,-,-,-,-,-,-,-,-,-,1,1,1,-,-,-,-,-,-,-,-,-,-,-,1,1,1
19532,Patía,-,-,-,-,-,-,-,-,-,-,-,2,2,2,-,1,1,-,2,2,3,-,1,1,-,4,4,5
19533,Piamonte,-,-,-,-,-,-,-,-,1,1,-,1,1,2,-,-,-,-,-,-,-,-,1,1,-,1,1,2
19548,Piendamó,-,-,-,-,-,-,-,-,2,2,-,-,-,2,-,-,-,-,-,-,-,-,2,2,-,-,-,2
19001,Popayán,3,-,3,9,-,9,12,-,25,25,-,60,60,85,-,7,7,-,9,9,16,3,32,35,9,69,78,113
19573,Puerto Tejada,-,-,-,1,-,1,1,-,2,2,-,5,5,7,-,-,-,-,1,1,1,-,2,2,1,6,7,9
19622,Rosas,-,-,-,-,-,-,-,-,-,-,-,-,-,-,-,1,1,-,-,-,1,-,1,1,-,-,-,1
19698,Santander de Quilichao,3,-,3,2,-,2,5,-,10,10,-,15,15,25,-,-,-,-,1,1,1,3,10,13,2,16,18,31
19743,Silvia,3,-,3,1,-,1,4,-,-,-,-,6,6,6,-,1,1,-,1,1,2,3,1,4,1,7,8,12
19780,Suárez,-,-,-,-,-,-,-,-,1,1,-,2,2,3,-,-,-,-,-,-,-,-,1,1,-,2,2,3
19807,Timbío,-,-,-,-,-,-,-,-,4,4,-,2,2,6,-,-,-,-,-,-,-,-,4,4,-,2,2,6
19845,Villa Rica,-,-,-,1,-,1,1,-,-,-,-,3,3,3,-,-,-,-,-,-,-,-,-,-,1,3,4,4
20,Cesar,23,-,23,31,-,31,54,-,53,53,-,104,104,157,-,5,5,-,12,12,17,23,58,81,31,116,147,228
20011,Aguachica,3,-,3,6,-,6,9,-,2,2,-,12,12,14,-,-,-,-,3,3,3,3,2,5,6,15,21,26
20013,Agustín Codazzi,2,-,2,2,-,2,4,-,3,3,-,10,10,13,-,-,-,-,-,-,-,2,3,5,2,10,12,17
20032,Astrea,-,-,-,-,-,-,-,-,2,2,-,-,-,2,-,-,-,-,-,-,-,-,2,2,-,-,-,2
20045,Becerril,-,-,-,1,-,1,1,-,-,-,-,1,1,1,-,-,-,-,-,-,-,-,-,-,1,1,2,2
20060,Bosconia,3,-,3,-,-,-,3,-,5,5,-,5,5,10,-,1,1,-,-,-,1,3,6,9,-,5,5,14
20175,Chimichagua,-,-,-,-,-,-,-,-,-,-,-,1,1,1,-,-,-,-,-,-,-,-,-,-,-,1,1,1
20178,Chiriguaná,2,-,2,2,-,2,4,-,3,3,-,4,4,7,-,-,-,-,-,-,-,2,3,5,2,4,6,11
20228,Curumaní,-,-,-,1,-,1,1,-,-,-,-,3,3,3,-,-,-,-,-,-,-,-,-,-,1,3,4,4
20238,El Copey,-,-,-,-,-,-,-,-,1,1,-,-,-,1,-,-,-,-,-,-,-,-,1,1,-,-,-,1
20250,El Paso,-,-,-,1,-,1,1,-,-,-,-,1,1,1,-,-,-,-,-,-,-,-,-,-,1,1,2,2
20295,Gamarra,-,-,-,-,-,-,-,-,1,1,-,1,1,2,-,-,-,-,-,-,-,-,1,1,-,1,1,2
20400,La Jagua de Ibirico,1,-,1,1,-,1,2,-,-,-,-,3,3,3,-,-,-,-,-,-,-,1,-,1,1,3,4,5
20621,La Paz,-,-,-,1,-,1,1,-,1,1,-,-,-,1,-,-,-,-,1,1,1,-,1,1,1,1,2,3
20443,Manaure Balcón del Cesar,-,-,-,-,-,-,-,-,1,1,-,-,-,1,-,-,-,-,-,-,-,-,1,1,-,-,-,1
20517,Pailitas,-,-,-,-,-,-,-,-,-,-,-,1,1,1,-,-,-,-,-,-,-,-,-,-,-,1,1,1
20570,Pueblo Bello,-,-,-,-,-,-,-,-,-,-,-,3,3,3,-,-,-,-,-,-,-,-,-,-,-,3,3,3
20710,San Alberto,-,-,-,1,-,1,1,-,-,-,-,-,-,-,-,-,-,-,-,-,-,-,-,-,1,-,1,1
20750,San Diego,-,-,-,-,-,-,-,-,-,-,-,1,1,1,-,-,-,-,1,1,1,-,-,-,-,2,2,2
20787,Tamalameque,-,-,-,-,-,-,-,-,1,1,-,-,-,1,-,-,-,-,-,-,-,-,1,1,-,-,-,1
20001,Valledupar,12,-,12,15,-,15,27,-,33,33,-,58,58,91,-,4,4,-,7,7,11,12,37,49,15,65,80,129
27,Chocó,3,-,3,4,-,4,7,-,5,5,-,8,8,13,-,-,-,-,1,1,1,3,5,8,4,9,13,21
27077,Bajo Baudó,-,-,-,-,-,-,-,-,1,1,-,-,-,1,-,-,-,-,-,-,-,-,1,1,-,-,-,1
27205,Condoto,-,-,-,-,-,-,-,-,-,-,-,1,1,1,-,-,-,-,-,-,-,-,-,-,-,1,1,1
27001,Quibdó,3,-,3,3,-,3,6,-,4,4,-,5,5,9,-,-,-,-,1,1,1,3,4,7,3,6,9,16
27787,Tadó,-,-,-,1,-,1,1,-,-,-,-,2,2,2,-,-,-,-,-,-,-,-,-,-,1,2,3,3
23,Córdoba,20,-,20,23,-,23,43,-,41,41,-,87,87,128,-,8,8,-,14,14,22,20,49,69,23,101,124,193
23079,Buenavista,-,-,-,1,-,1,1,-,-,-,-,-,-,-,-,-,-,-,-,-,-,-,-,-,1,-,1,1
23090,Canalete,-,-,-,-,-,-,-,-,-,-,-,1,1,1,-,-,-,-,-,-,-,-,-,-,-,1,1,1
23162,Cereté,1,-,1,-,-,-,1,-,4,4,-,7,7,11,-,-,-,-,3,3,3,1,4,5,-,10,10,15
23168,Chimá,-,-,-,-,-,-,-,-,1,1,-,-,-,1,-,-,-,-,-,-,-,-,1,1,-,-,-,1
23182,Chinú,-,-,-,-,-,-,-,-,5,5,-,5,5,10,-,-,-,-,1,1,1,-,5,5,-,6,6,11
23189,Ciénaga de Oro,-,-,-,-,-,-,-,-,-,-,-,1,1,1,-,-,-,-,1,1,1,-,-,-,-,2,2,2
23300,Cotorra,-,-,-,-,-,-,-,-,1,1,-,3,3,4,-,-,-,-,-,-,-,-,1,1,-,3,3,4
23350,La Apartada,1,-,1,-,-,-,1,-,-,-,-,-,-,-,-,-,-,-,-,-,-,1,-,1,-,-,-,1
23417,Lorica,1,-,1,1,-,1,2,-,3,3,-,6,6,9,-,-,-,-,1,1,1,1,3,4,1,7,8,12
23464,Momil,-,-,-,-,-,-,-,-,-,-,-,-,-,-,-,1,1,-,1,1,2,-,1,1,-,1,1,2
23466,Montelíbano,5,-,5,5,-,5,10,-,1,1,-,4,4,5,-,-,-,-,-,-,-,5,1,6,5,4,9,15
23001,Montería,7,-,7,14,-,14,21,-,15,15,-,36,36,51,-,6,6,-,4,4,10,7,21,28,14,40,54,82
23500,Moñitos,-,-,-,-,-,-,-,-,-,-,-,1,1,1,-,-,-,-,-,-,-,-,-,-,-,1,1,1
23555,Planeta Rica,-,-,-,-,-,-,-,-,1,1,-,1,1,2,-,-,-,-,-,-,-,-,1,1,-,1,1,2
23570,Pueblo Nuevo,-,-,-,-,-,-,-,-,2,2,-,-,-,2,-,-,-,-,-,-,-,-,2,2,-,-,-,2
23586,Purísima de la Concepción,-,-,-,-,-,-,-,-,-,-,-,3,3,3,-,-,-,-,-,-,-,-,-,-,-,3,3,3
23660,Sahagún,4,-,4,2,-,2,6,-,4,4,-,14,14,18,-,-,-,-,3,3,3,4,4,8,2,17,19,27
23670,San Andrés de Sotavento,-,-,-,-,-,-,-,-,-,-,-,1,1,1,-,-,-,-,-,-,-,-,-,-,-,1,1,1
23672,San Antero,-,-,-,-,-,-,-,-,2,2,-,-,-,2,-,-,-,-,-,-,-,-,2,2,-,-,-,2
23675,San Bernardo del Viento,-,-,-,-,-,-,-,-,1,1,-,-,-,1,-,-,-,-,-,-,-,-,1,1,-,-,-,1
23678,San Carlos,1,-,1,-,-,-,1,-,-,-,-,2,2,2,-,1,1,-,-,-,1,1,1,2,-,2,2,4
23686,San Pelayo,-,-,-,-,-,-,-,-,-,-,-,1,1,1,-,-,-,-,-,-,-,-,-,-,-,1,1,1
23815,Tuchín,-,-,-,-,-,-,-,-,1,1,-,1,1,2,-,-,-,-,-,-,-,-,1,1,-,1,1,2
25,Cundinamarca,262,-,262,282,-,282,544,-,356,356,-,569,569,925,-,75,75,-,74,74,149,262,431,693,282,643,925,1618
25001,Agua de Dios,-,-,-,1,-,1,1,-,1,1,-,1,1,2,-,-,-,-,1,1,1,-,1,1,1,2,3,4
25019,Albán,-,-,-,1,-,1,1,-,3,3,-,1,1,4,-,1,1,-,1,1,2,-,4,4,1,2,3,7
25035,Anapoima,7,-,7,6,-,6,13,-,4,4,-,3,3,7,-,-,-,-,1,1,1,7,4,11,6,4,10,21
25040,Anolaima,-,-,-,-,-,-,-,-,-,-,-,1,1,1,-,-,-,-,-,-,-,-,-,-,-,1,1,1
25599,Apulo,2,-,2,-,-,-,2,-,-,-,-,1,1,1,-,-,-,-,1,1,1,2,-,2,-,2,2,4
25053,Arbeláez,1,-,1,-,-,-,1,-,2,2,-,-,-,2,-,-,-,-,-,-,-,1,2,3,-,-,-,3
25095,Bituima,-,-,-,-,-,-,-,-,1,1,-,-,-,1,-,-,-,-,-,-,-,-,1,1,-,-,-,1
25099,Bojacá,1,-,1,-,-,-,1,-,1,1,-,3,3,4,-,-,-,-,-,-,-,1,1,2,-,3,3,5
25120,Cabrera,1,-,1,-,-,-,1,-,1,1,-,-,-,1,-,-,-,-,-,-,-,1,1,2,-,-,-,2
25123,Cachipay,4,-,4,-,-,-,4,-,6,6,-,7,7,13,-,-,-,-,1,1,1,4,6,10,-,8,8,18
25126,Cajicá,14,-,14,12,-,12,26,-,19,19,-,21,21,40,-,-,-,-,1,1,1,14,19,33,12,22,34,67
25148,Caparrapí,-,-,-,1,-,1,1,-,1,1,-,2,2,3,-,1,1,-,-,-,1,-,2,2,1,2,3,5
25151,Cáqueza,5,-,5,7,-,7,12,-,3,3,-,8,8,11,-,3,3,-,-,-,3,5,6,11,7,8,15,26
25154,Carmen de Carupa,-,-,-,3,-,3,3,-,-,-,-,4,4,4,-,-,-,-,-,-,-,-,-,-,3,4,7,7
25168,Chaguaní,1,-,1,-,-,-,1,-,1,1,-,2,2,3,-,-,-,-,-,-,-,1,1,2,-,2,2,4
25175,Chía,8,-,8,19,-,19,27,-,9,9,-,15,15,24,-,1,1,-,2,2,3,8,10,18,19,17,36,54
25178,Chipaque,1,-,1,1,-,1,2,-,3,3,-,11,11,14,-,-,-,-,-,-,-,1,3,4,1,11,12,16
25181,Choachí,2,-,2,1,-,1,3,-,3,3,-,9,9,12,-,1,1,-,-,-,1,2,4,6,1,9,10,16
25183,Chocontá,7,-,7,2,-,2,9,-,7,7,-,6,6,13,-,1,1,-,-,-,1,7,8,15,2,6,8,23
25200,Cogua,-,-,-,1,-,1,1,-,2,2,-,2,2,4,-,1,1,-,1,1,2,-,3,3,1,3,4,7
25214,Cota,3,-,3,3,-,3,6,-,6,6,-,-,-,6,-,1,1,-,-,-,1,3,7,10,3,-,3,13
25224,Cucunubá,3,-,3,4,-,4,7,-,3,3,-,4,4,7,-,-,-,-,-,-,-,3,3,6,4,4,8,14
25245,El Colegio,-,-,-,1,-,1,1,-,9,9,-,5,5,14,-,3,3,-,1,1,4,-,12,12,1,6,7,19
25258,El Peñón,1,-,1,-,-,-,1,-,-,-,-,1,1,1,-,-,-,-,-,-,-,1,-,1,-,1,1,2
25260,El Rosal,-,-,-,-,-,-,-,-,2,2,-,-,-,2,-,-,-,-,-,-,-,-,2,2,-,-,-,2
25269,Facatativá,26,-,26,31,-,31,57,-,14,14,-,37,37,51,-,5,5,-,4,4,9,26,19,45,31,41,72,117
25279,Fómeque,-,-,-,-,-,-,-,-,3,3,-,3,3,6,-,-,-,-,-,-,-,-,3,3,-,3,3,6
25281,Fosca,-,-,-,-,-,-,-,-,1,1,-,-,-,1,-,1,1,-,-,-,1,-,2,2,-,-,-,2
25286,Funza,1,-,1,3,-,3,4,-,1,1,-,1,1,2,-,1,1,-,-,-,1,1,2,3,3,1,4,7
25288,Fúquene,2,-,2,-,-,-,2,-,-,-,-,1,1,1,-,-,-,-,-,-,-,2,-,2,-,1,1,3
25290,Fusagasugá,13,-,13,16,-,16,29,-,5,5,-,38,38,43,-,3,3,-,13,13,16,13,8,21,16,51,67,88
25295,Gachancipá,1,-,1,2,-,2,3,-,4,4,-,4,4,8,-,-,-,-,-,-,-,1,4,5,2,4,6,11
25307,Girardot,12,-,12,13,-,13,25,-,24,24,-,49,49,73,-,15,15,-,8,8,23,12,39,51,13,57,70,121
25312,Granada,-,-,-,-,-,-,-,-,1,1,-,-,-,1,-,-,-,-,-,-,-,-,1,1,-,-,-,1
25317,Guachetá,-,-,-,-,-,-,-,-,1,1,-,1,1,2,-,-,-,-,-,-,-,-,1,1,-,1,1,2
25320,Guaduas,4,-,4,9,-,9,13,-,4,4,-,8,8,12,-,1,1,-,1,1,2,4,5,9,9,9,18,27
25322,Guasca,3,-,3,1,-,1,4,-,1,1,-,4,4,5,-,1,1,-,-,-,1,3,2,5,1,4,5,10
25324,Guataquí,-,-,-,-,-,-,-,-,1,1,-,-,-,1,-,-,-,-,-,-,-,-,1,1,-,-,-,1
25326,Guatavita,1,-,1,4,-,4,5,-,3,3,-,3,3,6,-,-,-,-,-,-,-,1,3,4,4,3,7,11
25328,Guayabal de Síquima,-,-,-,-,-,-,-,-,-,-,-,3,3,3,-,1,1,-,-,-,1,-,1,1,-,3,3,4
25335,Guayabetal,-,-,-,4,-,4,4,-,-,-,-,1,1,1,-,-,-,-,-,-,-,-,-,-,4,1,5,5
25339,Gutiérrez,-,-,-,1,-,1,1,-,1,1,-,-,-,1,-,-,-,-,-,-,-,-,1,1,1,-,1,2
25377,La Calera,-,-,-,-,-,-,-,-,1,1,-,2,2,3,-,-,-,-,-,-,-,-,1,1,-,2,2,3
25386,La Mesa,13,-,13,5,-,5,18,-,14,14,-,12,12,26,-,3,3,-,2,2,5,13,17,30,5,14,19,49
25398,La Peña,2,-,2,2,-,2,4,-,1,1,-,-,-,1,-,2,2,-,-,-,2,2,3,5,2,-,2,7
25402,La Vega,9,-,9,12,-,12,21,-,2,2,-,9,9,11,-,-,-,-,-,-,-,9,2,11,12,9,21,32
25407,Lenguazaque,2,-,2,1,-,1,3,-,7,7,-,6,6,13,-,1,1,-,-,-,1,2,8,10,1,6,7,17
25426,Machetá,-,-,-,1,-,1,1,-,-,-,-,2,2,2,-,-,-,-,-,-,-,-,-,-,1,2,3,3
25430,Madrid,3,-,3,-,-,-,3,-,3,3,-,4,4,7,-,-,-,-,1,1,1,3,3,6,-,5,5,11
25436,Manta,-,-,-,-,-,-,-,-,1,1,-,1,1,2,-,-,-,-,-,-,-,-,1,1,-,1,1,2
25438,Medina,2,-,2,1,-,1,3,-,4,4,-,-,-,4,-,-,-,-,-,-,-,2,4,6,1,-,1,7
25473,Mosquera,4,-,4,4,-,4,8,-,5,5,-,2,2,7,-,-,-,-,-,-,-,4,5,9,4,2,6,15
25486,Nemocón,1,-,1,-,-,-,1,-,2,2,-,2,2,4,-,-,-,-,-,-,-,1,2,3,-,2,2,5
25488,Nilo,-,-,-,-,-,-,-,-,-,-,-,4,4,4,-,-,-,-,-,-,-,-,-,-,-,4,4,4
25489,Nimaima,-,-,-,-,-,-,-,-,1,1,-,-,-,1,-,-,-,-,-,-,-,-,1,1,-,-,-,1
25491,Nocaima,-,-,-,1,-,1,1,-,-,-,-,3,3,3,-,-,-,-,-,-,-,-,-,-,1,3,4,4
25513,Pacho,-,-,-,-,-,-,-,-,1,1,-,-,-,1,-,-,-,-,-,-,-,-,1,1,-,-,-,1
25524,Pandi,-,-,-,1,-,1,1,-,1,1,-,-,-,1,-,-,-,-,-,-,-,-,1,1,1,-,1,2
25530,Paratebueno,-,-,-,1,-,1,1,-,-,-,-,-,-,-,-,-,-,-,1,1,1,-,-,-,1,1,2,2
25535,Pasca,2,-,2,5,-,5,7,-,3,3,-,1,1,4,-,-,-,-,-,-,-,2,3,5,5,1,6,11
25580,Pulí,-,-,-,-,-,-,-,-,-,-,-,1,1,1,-,-,-,-,-,-,-,-,-,-,-,1,1,1
25592,Quebradanegra,-,-,-,-,-,-,-,-,-,-,-,3,3,3,-,-,-,-,-,-,-,-,-,-,-,3,3,3
25594,Quetame,2,-,2,-,-,-,2,-,-,-,-,-,-,-,-,-,-,-,-,-,-,2,-,2,-,-,-,2
25612,Ricaurte,2,-,2,1,-,1,3,-,1,1,-,6,6,7,-,1,1,-,-,-,1,2,2,4,1,6,7,11
25645,San Antonio del Tequendama,1,-,1,1,-,1,2,-,3,3,-,2,2,5,-,1,1,-,1,1,2,1,4,5,1,3,4,9
25649,San Bernardo,1,-,1,-,-,-,1,-,-,-,-,-,-,-,-,-,-,-,-,-,-,1,-,1,-,-,-,1
25658,San Francisco,2,-,2,1,-,1,3,-,4,4,-,2,2,6,-,-,-,-,5,5,5,2,4,6,1,7,8,14
25718,Sasaima,1,-,1,1,-,1,2,-,3,3,-,1,1,4,-,-,-,-,-,-,-,1,3,4,1,1,2,6
25736,Sesquilé,4,-,4,2,-,2,6,-,3,3,-,3,3,6,-,-,-,-,-,-,-,4,3,7,2,3,5,12
25740,Sibaté,5,-,5,6,-,6,11,-,2,2,-,16,16,18,-,-,-,-,1,1,1,5,2,7,6,17,23,30
25743,Silvania,1,-,1,1,-,1,2,-,-,-,-,1,1,1,-,-,-,-,-,-,-,1,-,1,1,1,2,3
25745,Simijaca,1,-,1,2,-,2,3,-,1,1,-,-,-,1,-,-,-,-,-,-,-,1,1,2,2,-,2,4
25754,Soacha,45,-,45,47,-,47,92,-,91,91,-,132,132,223,-,16,16,-,12,12,28,45,107,152,47,144,191,343
25772,Suesca,1,-,1,6,-,6,7,-,1,1,-,4,4,5,-,1,1,-,-,-,1,1,2,3,6,4,10,13
25777,Supatá,1,-,1,-,-,-,1,-,-,-,-,-,-,-,-,-,-,-,-,-,-,1,-,1,-,-,-,1
25779,Susa,-,-,-,1,-,1,1,-,1,1,-,-,-,1,-,2,2,-,2,2,4,-,3,3,1,2,3,6
25781,Sutatausa,1,-,1,-,-,-,1,-,-,-,-,1,1,1,-,-,-,-,-,-,-,1,-,1,-,1,1,2
25793,Tausa,-,-,-,-,-,-,-,-,-,-,-,1,1,1,-,-,-,-,-,-,-,-,-,-,-,1,1,1
25797,Tena,3,-,3,4,-,4,7,-,6,6,-,5,5,11,-,-,-,-,2,2,2,3,6,9,4,7,11,20
25799,Tenjo,-,-,-,1,-,1,1,-,-,-,-,-,-,-,-,-,-,-,-,-,-,-,-,-,1,-,1,1
25805,Tibacuy,-,-,-,1,-,1,1,-,-,-,-,-,-,-,-,-,-,-,-,-,-,-,-,-,1,-,1,1
25807,Tibirita,-,-,-,-,-,-,-,-,1,1,-,-,-,1,-,-,-,-,-,-,-,-,1,1,-,-,-,1
25815,Tocaima,1,-,1,-,-,-,1,-,-,-,-,-,-,-,-,-,-,-,-,-,-,1,-,1,-,-,-,1
25817,Tocancipá,-,-,-,1,-,1,1,-,1,1,-,1,1,2,-,-,-,-,-,-,-,-,1,1,1,1,2,3
25841,Ubaque,1,-,1,1,-,1,2,-,1,1,-,3,3,4,-,-,-,-,-,-,-,1,1,2,1,3,4,6
25845,Une,1,-,1,-,-,-,1,-,-,-,-,1,1,1,-,-,-,-,1,1,1,1,-,1,-,2,2,3
25851,Útica,-,-,-,-,-,-,-,-,-,-,-,1,1,1,-,1,1,-,1,1,2,-,1,1,-,2,2,3
25862,Vergara,2,-,2,1,-,1,3,-,1,1,-,1,1,2,-,-,-,-,-,-,-,2,1,3,1,1,2,5
25867,Vianí,-,-,-,-,-,-,-,-,2,2,-,-,-,2,-,-,-,-,-,-,-,-,2,2,-,-,-,2
25843,Villa de San Diego de Ubaté,7,-,7,7,-,7,14,-,14,14,-,29,29,43,-,-,-,-,3,3,3,7,14,21,7,32,39,60
25873,Villapinzón,3,-,3,3,-,3,6,-,3,3,-,6,6,9,-,3,3,-,1,1,4,3,6,9,3,7,10,19
25875,Villeta,1,-,1,7,-,7,8,-,4,4,-,13,13,17,-,2,2,-,2,2,4,1,6,7,7,15,22,29
25878,Viotá,3,-,3,1,-,1,4,-,1,1,-,2,2,3,-,-,-,-,-,-,-,3,1,4,1,2,3,7
25885,Yacopí,-,-,-,-,-,-,-,-,-,-,-,1,1,1,-,-,-,-,-,-,-,-,-,-,-,1,1,1
25898,Zipacón,-,-,-,-,-,-,-,-,2,2,-,-,-,2,-,-,-,-,-,-,-,-,2,2,-,-,-,2
25899,Zipaquirá,10,-,10,5,-,5,15,-,13,13,-,25,25,38,-,1,1,-,3,3,4,10,14,24,5,28,33,57
94,Guainía,3,-,3,3,-,3,6,-,4,4,-,5,5,9,-,2,2,-,1,1,3,3,6,9,3,6,9,18
94343,Barranco Minas,-,-,-,1,-,1,1,-,-,-,-,-,-,-,-,-,-,-,-,-,-,-,-,-,1,-,1,1
94001,Inírida,3,-,3,2,-,2,5,-,4,4,-,5,5,9,-,2,2,-,1,1,3,3,6,9,2,6,8,17
95,Guaviare,2,-,2,4,-,4,6,-,-,-,-,4,4,4,-,1,1,-,-,-,1,2,1,3,4,4,8,11
95001,San José del Guaviare,2,-,2,4,-,4,6,-,-,-,-,4,4,4,-,1,1,-,-,-,1,2,1,3,4,4,8,11
41,Huila,27,-,27,47,-,47,74,-,115,115,-,168,168,283,-,33,33,-,29,29,62,27,148,175,47,197,244,419
41006,Acevedo,1,-,1,1,-,1,2,-,2,2,-,1,1,3,-,-,-,-,-,-,-,1,2,3,1,1,2,5
41013,Agrado,-,-,-,-,-,-,-,-,1,1,-,1,1,2,-,-,-,-,-,-,-,-,1,1,-,1,1,2
41016,Aipe,1,-,1,2,-,2,3,-,-,-,-,2,2,2,-,-,-,-,-,-,-,1,-,1,2,2,4,5
41020,Algeciras,-,-,-,1,-,1,1,-,1,1,-,4,4,5,-,1,1,-,-,-,1,-,2,2,1,4,5,7
41078,Baraya,-,-,-,-,-,-,-,-,2,2,-,1,1,3,-,-,-,-,1,1,1,-,2,2,-,2,2,4
41132,Campoalegre,-,-,-,1,-,1,1,-,2,2,-,2,2,4,-,1,1,-,-,-,1,-,3,3,1,2,3,6
41206,Colombia,1,-,1,-,-,-,1,-,1,1,-,-,-,1,-,-,-,-,-,-,-,1,1,2,-,-,-,2
41298,Garzón,-,-,-,4,-,4,4,-,8,8,-,5,5,13,-,-,-,-,2,2,2,-,8,8,4,7,11,19
41306,Gigante,-,-,-,-,-,-,-,-,1,1,-,1,1,2,-,-,-,-,-,-,-,-,1,1,-,1,1,2
41319,Guadalupe,1,-,1,-,-,-,1,-,2,2,-,-,-,2,-,-,-,-,-,-,-,1,2,3,-,-,-,3
41357,Íquira,-,-,-,-,-,-,-,-,1,1,-,-,-,1,-,-,-,-,-,-,-,-,1,1,-,-,-,1
41359,Isnos,-,-,-,2,-,2,2,-,3,3,-,3,3,6,-,-,-,-,1,1,1,-,3,3,2,4,6,9
41378,La Argentina,-,-,-,-,-,-,-,-,-,-,-,3,3,3,-,1,1,-,-,-,1,-,1,1,-,3,3,4
41396,La Plata,1,-,1,2,-,2,3,-,6,6,-,9,9,15,-,2,2,-,-,-,2,1,8,9,2,9,11,20
41001,Neiva,14,-,14,22,-,22,36,-,44,44,-,85,85,129,-,18,18,-,19,19,37,14,62,76,22,104,126,202
41503,Oporapa,-,-,-,-,-,-,-,-,1,1,-,-,-,1,-,-,-,-,-,-,-,-,1,1,-,-,-,1
41524,Palermo,1,-,1,-,-,-,1,-,3,3,-,3,3,6,-,-,-,-,-,-,-,1,3,4,-,3,3,7
41530,Palestina,-,-,-,-,-,-,-,-,2,2,-,-,-,2,-,1,1,-,-,-,1,-,3,3,-,-,-,3
41548,Pital,-,-,-,-,-,-,-,-,-,-,-,2,2,2,-,-,-,-,-,-,-,-,-,-,-,2,2,2
41551,Pitalito,5,-,5,4,-,4,9,-,18,18,-,27,27,45,-,6,6,-,5,5,11,5,24,29,4,32,36,65
41615,Rivera,1,-,1,3,-,3,4,-,5,5,-,7,7,12,-,2,2,-,-,-,2,1,7,8,3,7,10,18
41660,Saladoblanco,-,-,-,-,-,-,-,-,1,1,-,-,-,1,-,1,1,-,-,-,1,-,2,2,-,-,-,2
41668,San Agustín,-,-,-,-,-,-,-,-,3,3,-,6,6,9,-,-,-,-,-,-,-,-,3,3,-,6,6,9
41676,Santa María,-,-,-,-,-,-,-,-,1,1,-,-,-,1,-,-,-,-,-,-,-,-,1,1,-,-,-,1
41770,Suaza,-,-,-,1,-,1,1,-,-,-,-,-,-,-,-,-,-,-,-,-,-,-,-,-,1,-,1,1
41791,Tarqui,-,-,-,1,-,1,1,-,3,3,-,-,-,3,-,-,-,-,-,-,-,-,3,3,1,-,1,4
41797,Tesalia,-,-,-,-,-,-,-,-,-,-,-,1,1,1,-,-,-,-,-,-,-,-,-,-,-,1,1,1
41807,Timaná,1,-,1,1,-,1,2,-,2,2,-,3,3,5,-,-,-,-,1,1,1,1,2,3,1,4,5,8
41872,Villavieja,-,-,-,-,-,-,-,-,1,1,-,1,1,2,-,-,-,-,-,-,-,-,1,1,-,1,1,2
41885,Yaguará,-,-,-,2,-,2,2,-,1,1,-,1,1,2,-,-,-,-,-,-,-,-,1,1,2,1,3,4
44,La Guajira,25,-,25,22,-,22,47,-,36,36,-,59,59,95,-,8,8,-,5,5,13,25,44,69,22,64,86,155
44078,Barrancas,2,-,2,2,-,2,4,-,1,1,-,1,1,2,-,-,-,-,-,-,-,2,1,3,2,1,3,6
44090,Dibulla,1,-,1,-,-,-,1,-,1,1,-,3,3,4,-,2,2,-,-,-,2,1,3,4,-,3,3,7
44098,Distracción,1,-,1,1,-,1,2,-,1,1,-,3,3,4,-,1,1,-,-,-,1,1,2,3,1,3,4,7
44110,El Molino,-,-,-,-,-,-,-,-,-,-,-,3,3,3,-,-,-,-,-,-,-,-,-,-,-,3,3,3
44279,Fonseca,3,-,3,8,-,8,11,-,-,-,-,4,4,4,-,-,-,-,-,-,-,3,-,3,8,4,12,15
44378,Hatonuevo,1,-,1,-,-,-,1,-,-,-,-,-,-,-,-,-,-,-,-,-,-,1,-,1,-,-,-,1
44430,Maicao,6,-,6,1,-,1,7,-,4,4,-,8,8,12,-,1,1,-,-,-,1,6,5,11,1,8,9,20
44001,Riohacha,9,-,9,7,-,7,16,-,21,21,-,34,34,55,-,4,4,-,5,5,9,9,25,34,7,39,46,80
44650,San Juan del Cesar,2,-,2,2,-,2,4,-,6,6,-,2,2,8,-,-,-,-,-,-,-,2,6,8,2,2,4,12
44874,Villanueva,-,-,-,1,-,1,1,-,2,2,-,1,1,3,-,-,-,-,-,-,-,-,2,2,1,1,2,4
47,Magdalena,43,-,43,47,-,47,90,-,121,121,-,192,192,313,-,22,22,-,21,21,43,43,143,186,47,213,260,446
47053,Aracataca,-,-,-,-,-,-,-,-,2,2,-,5,5,7,-,-,-,-,-,-,-,-,2,2,-,5,5,7
47058,Ariguaní,-,-,-,1,-,1,1,-,5,5,-,1,1,6,-,-,-,-,-,-,-,-,5,5,1,1,2,7
47161,Cerro de San Antonio,-,-,-,-,-,-,-,-,1,1,-,-,-,1,-,-,-,-,-,-,-,-,1,1,-,-,-,1
47189,Ciénaga,9,-,9,12,-,12,21,-,21,21,-,38,38,59,-,1,1,-,2,2,3,9,22,31,12,40,52,83
47245,El Banco,1,-,1,-,-,-,1,-,5,5,-,8,8,13,-,-,-,-,1,1,1,1,5,6,-,9,9,15
47258,El Piñón,-,-,-,-,-,-,-,-,1,1,-,-,-,1,-,-,-,-,-,-,-,-,1,1,-,-,-,1
47268,El Retén,-,-,-,-,-,-,-,-,2,2,-,3,3,5,-,-,-,-,-,-,-,-,2,2,-,3,3,5
47288,Fundación,3,-,3,1,-,1,4,-,1,1,-,14,14,15,-,2,2,-,1,1,3,3,3,6,1,15,16,22
47318,Guamal,-,-,-,-,-,-,-,-,-,-,-,1,1,1,-,-,-,-,-,-,-,-,-,-,-,1,1,1
47460,Nueva Granada,-,-,-,-,-,-,-,-,1,1,-,-,-,1,-,-,-,-,-,-,-,-,1,1,-,-,-,1
47541,Pedraza,1,-,1,-,-,-,1,-,-,-,-,-,-,-,-,-,-,-,-,-,-,1,-,1,-,-,-,1
47551,Pivijay,-,-,-,-,-,-,-,-,1,1,-,-,-,1,-,-,-,-,-,-,-,-,1,1,-,-,-,1
47555,Plato,2,-,2,1,-,1,3,-,6,6,-,8,8,14,-,2,2,-,1,1,3,2,8,10,1,9,10,20
47570,Puebloviejo,-,-,-,2,-,2,2,-,5,5,-,4,4,9,-,-,-,-,-,-,-,-,5,5,2,4,6,11
47707,Santa Ana,-,-,-,-,-,-,-,-,-,-,-,-,-,-,-,1,1,-,-,-,1,-,1,1,-,-,-,1
47001,Santa Marta,26,-,26,28,-,28,54,-,62,62,-,101,101,163,-,16,16,-,16,16,32,26,78,104,28,117,145,249
47745,Sitionuevo,-,-,-,1,-,1,1,-,1,1,-,1,1,2,-,-,-,-,-,-,-,-,1,1,1,1,2,3
47798,Tenerife,-,-,-,1,-,1,1,-,3,3,-,-,-,3,-,-,-,-,-,-,-,-,3,3,1,-,1,4
47980,Zona Bananera,1,-,1,-,-,-,1,-,4,4,-,8,8,12,-,-,-,-,-,-,-,1,4,5,-,8,8,13
50,Meta,121,-,121,126,-,126,247,-,86,86,-,179,179,265,-,13,13,-,21,21,34,121,99,220,126,200,326,546
50006,Acacías,8,-,8,10,-,10,18,-,12,12,-,14,14,26,-,1,1,-,1,1,2,8,13,21,10,15,25,46
50110,Barranca de Upía,4,-,4,2,-,2,6,-,-,-,-,4,4,4,-,-,-,-,-,-,-,4,-,4,2,4,6,10
50124,Cabuyaro,-,-,-,-,-,-,-,-,1,1,-,1,1,2,-,2,2,-,-,-,2,-,3,3,-,1,1,4
50150,Castilla la Nueva,-,-,-,-,-,-,-,-,1,1,-,-,-,1,-,-,-,-,-,-,-,-,1,1,-,-,-,1
50226,Cumaral,-,-,-,-,-,-,-,-,1,1,-,4,4,5,-,-,-,-,-,-,-,-,1,1,-,4,4,5
50245,El Calvario,-,-,-,1,-,1,1,-,-,-,-,-,-,-,-,-,-,-,-,-,-,-,-,-,1,-,1,1
50251,El Castillo,1,-,1,1,-,1,2,-,-,-,-,-,-,-,-,-,-,-,-,-,-,1,-,1,1,-,1,2
50270,El Dorado,-,-,-,2,-,2,2,-,-,-,-,1,1,1,-,-,-,-,-,-,-,-,-,-,2,1,3,3
50287,Fuente de Oro,-,-,-,3,-,3,3,-,-,-,-,2,2,2,-,-,-,-,-,-,-,-,-,-,3,2,5,5
50313,Granada,2,-,2,4,-,4,6,-,1,1,-,5,5,6,-,1,1,-,1,1,2,2,2,4,4,6,10,14
50318,Guamal,-,-,-,-,-,-,-,-,-,-,-,1,1,1,-,-,-,-,-,-,-,-,-,-,-,1,1,1
50350,La Macarena,-,-,-,1,-,1,1,-,-,-,-,-,-,-,-,-,-,-,-,-,-,-,-,-,1,-,1,1
50325,Mapiripán,-,-,-,-,-,-,-,-,-,-,-,1,1,1,-,-,-,-,-,-,-,-,-,-,-,1,1,1
50330,Mesetas,-,-,-,-,-,-,-,-,-,-,-,4,4,4,-,-,-,-,-,-,-,-,-,-,-,4,4,4
50450,Puerto Concordia,1,-,1,1,-,1,2,-,-,-,-,-,-,-,-,-,-,-,-,-,-,1,-,1,1,-,1,2
50568,Puerto Gaitán,-,-,-,1,-,1,1,-,1,1,-,1,1,2,-,-,-,-,-,-,-,-,1,1,1,1,2,3
50577,Puerto Lleras,3,-,3,1,-,1,4,-,-,-,-,2,2,2,-,-,-,-,-,-,-,3,-,3,1,2,3,6
50573,Puerto López,8,-,8,12,-,12,20,-,1,1,-,11,11,12,-,-,-,-,1,1,1,8,1,9,12,12,24,33
50606,Restrepo,3,-,3,1,-,1,4,-,2,2,-,6,6,8,-,1,1,-,2,2,3,3,3,6,1,8,9,15
50683,San Juan de Arama,-,-,-,-,-,-,-,-,-,-,-,1,1,1,-,-,-,-,1,1,1,-,-,-,-,2,2,2
50370,Uribe,-,-,-,1,-,1,1,-,2,2,-,3,3,5,-,-,-,-,-,-,-,-,2,2,1,3,4,6
50001,Villavicencio,91,-,91,85,-,85,176,-,63,63,-,116,116,179,-,8,8,-,15,15,23,91,71,162,85,131,216,378
50711,Vistahermosa,-,-,-,-,-,-,-,-,1,1,-,2,2,3,-,-,-,-,-,-,-,-,1,1,-,2,2,3
52,Nariño,20,-,20,30,-,30,50,-,52,52,-,134,134,186,-,16,16,-,22,22,38,20,68,88,30,156,186,274
52022,Aldana,-,-,-,-,-,-,-,-,-,-,-,1,1,1,-,-,-,-,-,-,-,-,-,-,-,1,1,1
52240,Chachagüí,-,-,-,-,-,-,-,-,1,1,-,5,5,6,-,-,-,-,-,-,-,-,1,1,-,5,5,6
52207,Consacá,1,-,1,-,-,-,1,-,-,-,-,-,-,-,-,-,-,-,-,-,-,1,-,1,-,-,-,1
52227,Cumbal,-,-,-,-,-,-,-,-,1,1,-,-,-,1,-,-,-,-,-,-,-,-,1,1,-,-,-,1
52254,El Peñol,-,-,-,-,-,-,-,-,-,-,-,1,1,1,-,-,-,-,-,-,-,-,-,-,-,1,1,1
52258,El Tablón de Gómez,-,-,-,-,-,-,-,-,-,-,-,1,1,1,-,-,-,-,-,-,-,-,-,-,-,1,1,1
52260,El Tambo,-,-,-,-,-,-,-,-,-,-,-,-,-,-,-,-,-,-,1,1,1,-,-,-,-,1,1,1
52520,Francisco Pizarro,1,-,1,-,-,-,1,-,-,-,-,-,-,-,-,-,-,-,-,-,-,1,-,1,-,-,-,1
52287,Funes,-,-,-,-,-,-,-,-,-,-,-,1,1,1,-,-,-,-,-,-,-,-,-,-,-,1,1,1
52317,Guachucal,-,-,-,-,-,-,-,-,-,-,-,1,1,1,-,-,-,-,-,-,-,-,-,-,-,1,1,1
52352,Iles,-,-,-,1,-,1,1,-,-,-,-,-,-,-,-,-,-,-,-,-,-,-,-,-,1,-,1,1
52356,Ipiales,5,-,5,4,-,4,9,-,9,9,-,10,10,19,-,1,1,-,3,3,4,5,10,15,4,13,17,32
52381,La Florida,3,-,3,-,-,-,3,-,-,-,-,-,-,-,-,-,-,-,1,1,1,3,-,3,-,1,1,4
52418,Los Andes,-,-,-,-,-,-,-,-,1,1,-,-,-,1,-,-,-,-,-,-,-,-,1,1,-,-,-,1
52480,Nariño,-,-,-,-,-,-,-,-,-,-,-,1,1,1,-,1,1,-,-,-,1,-,1,1,-,1,1,2
52001,Pasto,4,-,4,15,-,15,19,-,28,28,-,75,75,103,-,11,11,-,13,13,24,4,39,43,15,88,103,146
52540,Policarpa,-,-,-,-,-,-,-,-,-,-,-,1,1,1,-,-,-,-,-,-,-,-,-,-,-,1,1,1
52560,Potosí,-,-,-,-,-,-,-,-,1,1,-,2,2,3,-,-,-,-,-,-,-,-,1,1,-,2,2,3
52585,Pupiales,-,-,-,1,-,1,1,-,1,1,-,3,3,4,-,1,1,-,-,-,1,-,2,2,1,3,4,6
52612,Ricaurte,-,-,-,1,-,1,1,-,-,-,-,1,1,1,-,-,-,-,-,-,-,-,-,-,1,1,2,2
52835,San Andrés de Tumaco,3,-,3,8,-,8,11,-,5,5,-,22,22,27,-,2,2,-,4,4,6,3,7,10,8,26,34,44
52685,San Bernardo,-,-,-,-,-,-,-,-,1,1,-,-,-,1,-,-,-,-,-,-,-,-,1,1,-,-,-,1
52687,San Lorenzo,-,-,-,-,-,-,-,-,-,-,-,1,1,1,-,-,-,-,-,-,-,-,-,-,-,1,1,1
52693,San Pablo,1,-,1,-,-,-,1,-,-,-,-,-,-,-,-,-,-,-,-,-,-,1,-,1,-,-,-,1
52683,Sandoná,-,-,-,-,-,-,-,-,-,-,-,1,1,1,-,-,-,-,-,-,-,-,-,-,-,1,1,1
52699,Santacruz,-,-,-,-,-,-,-,-,1,1,-,-,-,1,-,-,-,-,-,-,-,-,1,1,-,-,-,1
52786,Taminango,-,-,-,-,-,-,-,-,1,1,-,-,-,1,-,-,-,-,-,-,-,-,1,1,-,-,-,1
52788,Tangua,-,-,-,-,-,-,-,-,-,-,-,1,1,1,-,-,-,-,-,-,-,-,-,-,-,1,1,1
52838,Túquerres,1,-,1,-,-,-,1,-,1,1,-,4,4,5,-,-,-,-,-,-,-,1,1,2,-,4,4,6
52885,Yacuanquer,1,-,1,-,-,-,1,-,1,1,-,2,2,3,-,-,-,-,-,-,-,1,1,2,-,2,2,4
54,Norte de Santander,37,-,37,54,-,54,91,-,120,120,-,195,195,315,-,20,20,-,30,30,50,37,140,177,54,225,279,456
54003,Ábrego,1,-,1,3,-,3,4,-,1,1,-,8,8,9,-,-,-,-,-,-,-,1,1,2,3,8,11,13
54051,Arboledas,-,-,-,-,-,-,-,-,-,-,-,1,1,1,-,-,-,-,-,-,-,-,-,-,-,1,1,1
54099,Bochalema,-,-,-,-,-,-,-,-,3,3,-,2,2,5,-,1,1,-,-,-,1,-,4,4,-,2,2,6
54128,Cáchira,-,-,-,-,-,-,-,-,2,2,-,2,2,4,-,-,-,-,1,1,1,-,2,2,-,3,3,5
54125,Cácota,-,-,-,-,-,-,-,-,1,1,-,-,-,1,-,-,-,-,-,-,-,-,1,1,-,-,-,1
54172,Chinácota,-,-,-,-,-,-,-,-,2,2,-,1,1,3,-,1,1,-,-,-,1,-,3,3,-,1,1,4
54174,Chitagá,-,-,-,-,-,-,-,-,1,1,-,-,-,1,-,-,-,-,-,-,-,-,1,1,-,-,-,1
54206,Convención,-,-,-,-,-,-,-,-,1,1,-,-,-,1,-,-,-,-,-,-,-,-,1,1,-,-,-,1
54001,Cúcuta,16,-,16,37,-,37,53,-,59,59,-,100,100,159,-,11,11,-,17,17,28,16,70,86,37,117,154,240
54223,Cucutilla,1,-,1,-,-,-,1,-,-,-,-,2,2,2,-,-,-,-,-,-,-,1,-,1,-,2,2,3
54261,El Zulia,-,-,-,-,-,-,-,-,1,1,-,4,4,5,-,-,-,-,-,-,-,-,1,1,-,4,4,5
54385,La Esperanza,1,-,1,-,-,-,1,-,2,2,-,2,2,4,-,-,-,-,-,-,-,1,2,3,-,2,2,5
54377,Labateca,-,-,-,-,-,-,-,-,1,1,-,1,1,2,-,1,1,-,-,-,1,-,2,2,-,1,1,3
54405,Los Patios,2,-,2,1,-,1,3,-,15,15,-,15,15,30,-,1,1,-,1,1,2,2,16,18,1,16,17,35
54418,Lourdes,-,-,-,-,-,-,-,-,1,1,-,1,1,2,-,-,-,-,1,1,1,-,1,1,-,2,2,3
54480,Mutiscua,-,-,-,-,-,-,-,-,-,-,-,3,3,3,-,-,-,-,-,-,-,-,-,-,-,3,3,3
54498,Ocaña,3,-,3,4,-,4,7,-,8,8,-,16,16,24,-,-,-,-,4,4,4,3,8,11,4,20,24,35
54518,Pamplona,7,-,7,5,-,5,12,-,9,9,-,23,23,32,-,2,2,-,4,4,6,7,11,18,5,27,32,50
54520,Pamplonita,-,-,-,1,-,1,1,-,2,2,-,-,-,2,-,-,-,-,1,1,1,-,2,2,1,1,2,4
54599,Ragonvalia,1,-,1,1,-,1,2,-,-,-,-,3,3,3,-,1,1,-,-,-,1,1,1,2,1,3,4,6
54673,San Cayetano,-,-,-,-,-,-,-,-,2,2,-,1,1,3,-,-,-,-,-,-,-,-,2,2,-,1,1,3
54720,Sardinata,-,-,-,-,-,-,-,-,1,1,-,1,1,2,-,-,-,-,-,-,-,-,1,1,-,1,1,2
54743,Silos,1,-,1,1,-,1,2,-,2,2,-,1,1,3,-,-,-,-,-,-,-,1,2,3,1,1,2,5
54800,Teorama,-,-,-,-,-,-,-,-,1,1,-,-,-,1,-,-,-,-,-,-,-,-,1,1,-,-,-,1
54820,Toledo,-,-,-,-,-,-,-,-,2,2,-,3,3,5,-,1,1,-,-,-,1,-,3,3,-,3,3,6
54874,Villa del Rosario,4,-,4,1,-,1,5,-,3,3,-,5,5,8,-,1,1,-,1,1,2,4,4,8,1,6,7,15
86,Putumayo,15,-,15,14,-,14,29,-,13,13,-,46,46,59,-,2,2,-,4,4,6,15,15,30,14,50,64,94
86001,Mocoa,3,-,3,6,-,6,9,-,2,2,-,15,15,17,-,1,1,-,1,1,2,3,3,6,6,16,22,28
86320,Orito,-,-,-,-,-,-,-,-,1,1,-,2,2,3,-,1,1,-,-,-,1,-,2,2,-,2,2,4
86568,Puerto Asís,7,-,7,3,-,3,10,-,6,6,-,18,18,24,-,-,-,-,-,-,-,7,6,13,3,18,21,34
86569,Puerto Caicedo,1,-,1,-,-,-,1,-,-,-,-,-,-,-,-,-,-,-,1,1,1,1,-,1,-,1,1,2
86573,Puerto Leguízamo,-,-,-,2,-,2,2,-,-,-,-,1,1,1,-,-,-,-,-,-,-,-,-,-,2,1,3,3
86755,San Francisco,-,-,-,1,-,1,1,-,-,-,-,1,1,1,-,-,-,-,-,-,-,-,-,-,1,1,2,2
86760,Santiago,-,-,-,-,-,-,-,-,1,1,-,2,2,3,-,-,-,-,-,-,-,-,1,1,-,2,2,3
86749,Sibundoy,-,-,-,-,-,-,-,-,1,1,-,-,-,1,-,-,-,-,-,-,-,-,1,1,-,-,-,1
86865,Valle del Guamuez,2,-,2,1,-,1,3,-,1,1,-,7,7,8,-,-,-,-,2,2,2,2,1,3,1,9,10,13
86885,Villagarzón,2,-,2,1,-,1,3,-,1,1,-,-,-,1,-,-,-,-,-,-,-,2,1,3,1,-,1,4
63,Quindío,18,-,18,52,-,52,70,-,39,39,-,80,80,119,-,12,12,-,17,17,29,18,51,69,52,97,149,218
63001,Armenia,14,-,14,30,-,30,44,-,22,22,-,53,53,75,-,3,3,-,10,10,13,14,25,39,30,63,93,132
63130,Calarcá,2,-,2,6,-,6,8,-,11,11,-,9,9,20,-,2,2,-,1,1,3,2,13,15,6,10,16,31
63190,Circasia,-,-,-,3,-,3,3,-,-,-,-,5,5,5,-,-,-,-,1,1,1,-,-,-,3,6,9,9
63212,Córdoba,-,-,-,-,-,-,-,-,1,1,-,1,1,2,-,-,-,-,1,1,1,-,1,1,-,2,2,3
63272,Filandia,-,-,-,4,-,4,4,-,-,-,-,1,1,1,-,-,-,-,-,-,-,-,-,-,4,1,5,5
63401,La Tebaida,-,-,-,3,-,3,3,-,2,2,-,2,2,4,-,4,4,-,2,2,6,-,6,6,3,4,7,13
63470,Montenegro,-,-,-,4,-,4,4,-,2,2,-,4,4,6,-,-,-,-,1,1,1,-,2,2,4,5,9,11
63548,Pijao,-,-,-,-,-,-,-,-,-,-,-,1,1,1,-,-,-,-,-,-,-,-,-,-,-,1,1,1
63594,Quimbaya,2,-,2,2,-,2,4,-,1,1,-,1,1,2,-,1,1,-,-,-,1,2,2,4,2,1,3,7
63690,Salento,-,-,-,-,-,-,-,-,-,-,-,3,3,3,-,2,2,-,1,1,3,-,2,2,-,4,4,6
66,Risaralda,37,-,37,46,-,46,83,-,40,40,-,112,112,152,-,18,18,-,21,21,39,37,58,95,46,133,179,274
66045,Apía,3,-,3,4,-,4,7,-,2,2,-,4,4,6,-,1,1,-,1,1,2,3,3,6,4,5,9,15
66088,Belén de Umbría,2,-,2,2,-,2,4,-,-,-,-,4,4,4,-,-,-,-,-,-,-,2,-,2,2,4,6,8
66170,Dosquebradas,5,-,5,11,-,11,16,-,8,8,-,22,22,30,-,3,3,-,4,4,7,5,11,16,11,26,37,53
66400,La Virginia,1,-,1,-,-,-,1,-,1,1,-,4,4,5,-,-,-,-,-,-,-,1,1,2,-,4,4,6
66440,Marsella,-,-,-,-,-,-,-,-,-,-,-,1,1,1,-,-,-,-,-,-,-,-,-,-,-,1,1,1
66456,Mistrató,-,-,-,-,-,-,-,-,1,1,-,4,4,5,-,-,-,-,-,-,-,-,1,1,-,4,4,5
66001,Pereira,25,-,25,28,-,28,53,-,23,23,-,60,60,83,-,11,11,-,16,16,27,25,34,59,28,76,104,163
66572,Pueblo Rico,-,-,-,-,-,-,-,-,2,2,-,7,7,9,-,1,1,-,-,-,1,-,3,3,-,7,7,10
66594,Quinchía,-,-,-,-,-,-,-,-,1,1,-,-,-,1,-,1,1,-,-,-,1,-,2,2,-,-,-,2
66682,Santa Rosa de Cabal,-,-,-,1,-,1,1,-,2,2,-,5,5,7,-,-,-,-,-,-,-,-,2,2,1,5,6,8
66687,Santuario,1,-,1,-,-,-,1,-,-,-,-,1,1,1,-,1,1,-,-,-,1,1,1,2,-,1,1,3
68,Santander,114,-,114,119,-,119,233,-,216,216,-,347,347,563,-,34,34,-,55,55,89,114,250,364,119,402,521,885
68013,Aguada,-,-,-,1,-,1,1,-,-,-,-,-,-,-,-,-,-,-,-,-,-,-,-,-,1,-,1,1
68020,Albania,3,-,3,1,-,1,4,-,-,-,-,-,-,-,-,-,-,-,-,-,-,3,-,3,1,-,1,4
68051,Aratoca,-,-,-,-,-,-,-,-,-,-,-,1,1,1,-,-,-,-,-,-,-,-,-,-,-,1,1,1
68077,Barbosa,3,-,3,4,-,4,7,-,6,6,-,8,8,14,-,-,-,-,4,4,4,3,6,9,4,12,16,25
68079,Barichara,-,-,-,-,-,-,-,-,-,-,-,2,2,2,-,-,-,-,-,-,-,-,-,-,-,2,2,2
68081,Barrancabermeja,13,-,13,11,-,11,24,-,18,18,-,50,50,68,-,3,3,-,8,8,11,13,21,34,11,58,69,103
68092,Betulia,-,-,-,1,-,1,1,-,-,-,-,1,1,1,-,-,-,-,-,-,-,-,-,-,1,1,2,2
68101,Bolívar,-,-,-,1,-,1,1,-,-,-,-,1,1,1,-,-,-,-,-,-,-,-,-,-,1,1,2,2
68001,Bucaramanga,30,-,30,29,-,29,59,-,48,48,-,85,85,133,-,10,10,-,10,10,20,30,58,88,29,95,124,212
68132,California,-,-,-,-,-,-,-,-,-,-,-,-,-,-,-,1,1,-,-,-,1,-,1,1,-,-,-,1
68147,Capitanejo,5,-,5,2,-,2,7,-,2,2,-,-,-,2,-,-,-,-,-,-,-,5,2,7,2,-,2,9
68152,Carcasí,-,-,-,1,-,1,1,-,1,1,-,-,-,1,-,-,-,-,-,-,-,-,1,1,1,-,1,2
68162,Cerrito,1,-,1,3,-,3,4,-,1,1,-,1,1,2,-,-,-,-,1,1,1,1,1,2,3,2,5,7
68167,Charalá,-,-,-,-,-,-,-,-,3,3,-,1,1,4,-,1,1,-,-,-,1,-,4,4,-,1,1,5
68190,Cimitarra,2,-,2,5,-,5,7,-,3,3,-,7,7,10,-,-,-,-,1,1,1,2,3,5,5,8,13,18
68209,Confines,-,-,-,-,-,-,-,-,-,-,-,1,1,1,-,-,-,-,-,-,-,-,-,-,-,1,1,1
68217,Coromoro,-,-,-,-,-,-,-,-,1,1,-,-,-,1,-,1,1,-,-,-,1,-,2,2,-,-,-,2
68229,Curití,-,-,-,1,-,1,1,-,1,1,-,1,1,2,-,-,-,-,-,-,-,-,1,1,1,1,2,3
68235,El Carmen de Chucurí,3,-,3,2,-,2,5,-,3,3,-,4,4,7,-,-,-,-,-,-,-,3,3,6,2,4,6,12
68245,El Guacamayo,1,-,1,1,-,1,2,-,-,-,-,-,-,-,-,-,-,-,-,-,-,1,-,1,1,-,1,2
68250,El Peñón,-,-,-,-,-,-,-,-,1,1,-,1,1,2,-,-,-,-,-,-,-,-,1,1,-,1,1,2
68255,El Playón,2,-,2,-,-,-,2,-,4,4,-,2,2,6,-,1,1,-,1,1,2,2,5,7,-,3,3,10
68266,Enciso,-,-,-,-,-,-,-,-,-,-,-,2,2,2,-,-,-,-,-,-,-,-,-,-,-,2,2,2
68276,Floridablanca,14,-,14,14,-,14,28,-,28,28,-,56,56,84,-,3,3,-,5,5,8,14,31,45,14,61,75,120
68298,Gámbita,1,-,1,-,-,-,1,-,8,8,-,4,4,12,-,-,-,-,1,1,1,1,8,9,-,5,5,14
68307,Girón,10,-,10,12,-,12,22,-,32,32,-,40,40,72,-,5,5,-,11,11,16,10,37,47,12,51,63,110
68320,Guadalupe,1,-,1,1,-,1,2,-,1,1,-,3,3,4,-,-,-,-,-,-,-,1,1,2,1,3,4,6
68322,Guapotá,-,-,-,-,-,-,-,-,2,2,-,-,-,2,-,-,-,-,-,-,-,-,2,2,-,-,-,2
68324,Guavatá,-,-,-,1,-,1,1,-,2,2,-,1,1,3,-,-,-,-,-,-,-,-,2,2,1,1,2,4
68327,Güepsa,3,-,3,-,-,-,3,-,7,7,-,1,1,8,-,-,-,-,-,-,-,3,7,10,-,1,1,11
68377,La Belleza,-,-,-,1,-,1,1,-,-,-,-,1,1,1,-,-,-,-,-,-,-,-,-,-,1,1,2,2
68397,La Paz,-,-,-,-,-,-,-,-,-,-,-,2,2,2,-,-,-,-,-,-,-,-,-,-,-,2,2,2
68385,Landázuri,1,-,1,-,-,-,1,-,1,1,-,1,1,2,-,-,-,-,-,-,-,1,1,2,-,1,1,3
68406,Lebrija,1,-,1,-,-,-,1,-,4,4,-,2,2,6,-,-,-,-,2,2,2,1,4,5,-,4,4,9
68432,Málaga,1,-,1,1,-,1,2,-,1,1,-,-,-,1,-,-,-,-,1,1,1,1,1,2,1,1,2,4
68444,Matanza,-,-,-,-,-,-,-,-,1,1,-,-,-,1,-,-,-,-,-,-,-,-,1,1,-,-,-,1
68464,Mogotes,-,-,-,-,-,-,-,-,1,1,-,-,-,1,-,-,-,-,-,-,-,-,1,1,-,-,-,1
68498,Ocamonte,-,-,-,2,-,2,2,-,1,1,-,1,1,2,-,-,-,-,1,1,1,-,1,1,2,2,4,5
68500,Oiba,4,-,4,-,-,-,4,-,2,2,-,3,3,5,-,-,-,-,-,-,-,4,2,6,-,3,3,9
68502,Onzaga,-,-,-,-,-,-,-,-,-,-,-,1,1,1,-,-,-,-,-,-,-,-,-,-,-,1,1,1
68522,Palmar,-,-,-,1,-,1,1,-,-,-,-,1,1,1,-,-,-,-,-,-,-,-,-,-,1,1,2,2
68547,Piedecuesta,4,-,4,4,-,4,8,-,5,5,-,17,17,22,-,2,2,-,3,3,5,4,7,11,4,20,24,35
68549,Pinchote,-,-,-,-,-,-,-,-,2,2,-,-,-,2,-,-,-,-,-,-,-,-,2,2,-,-,-,2
68572,Puente Nacional,-,-,-,3,-,3,3,-,-,-,-,4,4,4,-,-,-,-,-,-,-,-,-,-,3,4,7,7
68573,Puerto Parra,1,-,1,-,-,-,1,-,-,-,-,2,2,2,-,-,-,-,-,-,-,1,-,1,-,2,2,3
68575,Puerto Wilches,1,-,1,2,-,2,3,-,-,-,-,4,4,4,-,2,2,-,-,-,2,1,2,3,2,4,6,9
68615,Rionegro,-,-,-,1,-,1,1,-,1,1,-,5,5,6,-,-,-,-,1,1,1,-,1,1,1,6,7,8
68655,Sabana de Torres,-,-,-,-,-,-,-,-,1,1,-,1,1,2,-,1,1,-,-,-,1,-,2,2,-,1,1,3
68669,San Andrés,-,-,-,1,-,1,1,-,-,-,-,-,-,-,-,-,-,-,-,-,-,-,-,-,1,-,1,1
68679,San Gil,1,-,1,2,-,2,3,-,4,4,-,10,10,14,-,1,1,-,1,1,2,1,5,6,2,11,13,19
68689,San Vicente de Chucurí,1,-,1,5,-,5,6,-,6,6,-,8,8,14,-,-,-,-,2,2,2,1,6,7,5,10,15,22
68745,Simacota,2,-,2,-,-,-,2,-,4,4,-,-,-,4,-,-,-,-,-,-,-,2,4,6,-,-,-,6
68770,Suaita,2,-,2,3,-,3,5,-,1,1,-,5,5,6,-,-,-,-,-,-,-,2,1,3,3,5,8,11
68780,Suratá,1,-,1,-,-,-,1,-,-,-,-,-,-,-,-,-,-,-,-,-,-,1,-,1,-,-,-,1
68820,Tona,1,-,1,-,-,-,1,-,-,-,-,1,1,1,-,-,-,-,-,-,-,1,-,1,-,1,1,2
68855,Valle de San José,-,-,-,1,-,1,1,-,1,1,-,-,-,1,-,-,-,-,1,1,1,-,1,1,1,1,2,3
68861,Vélez,1,-,1,1,-,1,2,-,7,7,-,4,4,11,-,3,3,-,1,1,4,1,10,11,1,5,6,17
68872,Villanueva,-,-,-,-,-,-,-,-,1,1,-,1,1,2,-,-,-,-,-,-,-,-,1,1,-,1,1,2
70,Sucre,17,-,17,26,-,26,43,-,36,36,-,69,69,105,-,8,8,-,7,7,15,17,44,61,26,76,102,163
70110,Buenavista,1,-,1,1,-,1,2,-,-,-,-,-,-,-,-,-,-,-,-,-,-,1,-,1,1,-,1,2
70204,Coloso,-,-,-,1,-,1,1,-,-,-,-,1,1,1,-,-,-,-,-,-,-,-,-,-,1,1,2,2
70215,Corozal,1,-,1,4,-,4,5,-,4,4,-,5,5,9,-,2,2,-,2,2,4,1,6,7,4,7,11,18
70221,Coveñas,-,-,-,-,-,-,-,-,2,2,-,1,1,3,-,-,-,-,1,1,1,-,2,2,-,2,2,4
70233,El Roble,-,-,-,-,-,-,-,-,1,1,-,-,-,1,-,-,-,-,1,1,1,-,1,1,-,1,1,2
70235,Galeras,-,-,-,1,-,1,1,-,-,-,-,2,2,2,-,-,-,-,-,-,-,-,-,-,1,2,3,3
70418,Los Palmitos,-,-,-,-,-,-,-,-,1,1,-,5,5,6,-,-,-,-,1,1,1,-,1,1,-,6,6,7
70429,Majagual,-,-,-,-,-,-,-,-,1,1,-,-,-,1,-,-,-,-,-,-,-,-,1,1,-,-,-,1
70473,Morroa,1,-,1,-,-,-,1,-,-,-,-,2,2,2,-,-,-,-,-,-,-,1,-,1,-,2,2,3
70508,Ovejas,1,-,1,4,-,4,5,-,-,-,-,-,-,-,-,-,-,-,-,-,-,1,-,1,4,-,4,5
70523,Palmito,-,-,-,-,-,-,-,-,-,-,-,1,1,1,-,-,-,-,-,-,-,-,-,-,-,1,1,1
70670,Sampués,-,-,-,2,-,2,2,-,1,1,-,-,-,1,-,1,1,-,-,-,1,-,2,2,2,-,2,4
70678,San Benito Abad,-,-,-,-,-,-,-,-,2,2,-,1,1,3,-,-,-,-,-,-,-,-,2,2,-,1,1,3
70702,San Juan de Betulia,-,-,-,-,-,-,-,-,-,-,-,3,3,3,-,-,-,-,-,-,-,-,-,-,-,3,3,3
70742,San Luis de Sincé,1,-,1,-,-,-,1,-,-,-,-,2,2,2,-,-,-,-,-,-,-,1,-,1,-,2,2,3
70713,San Onofre,1,-,1,-,-,-,1,-,-,-,-,1,1,1,-,-,-,-,-,-,-,1,-,1,-,1,1,2
70820,Santiago de Tolú,1,-,1,1,-,1,2,-,8,8,-,6,6,14,-,1,1,-,-,-,1,1,9,10,1,6,7,17
70001,Sincelejo,10,-,10,11,-,11,21,-,15,15,-,37,37,52,-,4,4,-,2,2,6,10,19,29,11,39,50,79
70823,Tolú Viejo,-,-,-,1,-,1,1,-,1,1,-,2,2,3,-,-,-,-,-,-,-,-,1,1,1,2,3,4
73,Tolima,84,-,84,96,-,96,180,-,151,151,-,258,258,409,-,35,35,-,36,36,71,84,186,270,96,294,390,660
73024,Alpujarra,-,-,-,2,-,2,2,-,-,-,-,1,1,1,-,-,-,-,-,-,-,-,-,-,2,1,3,3
73026,Alvarado,3,-,3,4,-,4,7,-,-,-,-,1,1,1,-,-,-,-,-,-,-,3,-,3,4,1,5,8
73030,Ambalema,2,-,2,2,-,2,4,-,1,1,-,3,3,4,-,-,-,-,-,-,-,2,1,3,2,3,5,8
73043,Anzoátegui,1,-,1,-,-,-,1,-,1,1,-,1,1,2,-,-,-,-,-,-,-,1,1,2,-,1,1,3
73055,Armero Guayabal,3,-,3,2,-,2,5,-,-,-,-,2,2,2,-,-,-,-,-,-,-,3,-,3,2,2,4,7
73067,Ataco,-,-,-,1,-,1,1,-,-,-,-,2,2,2,-,-,-,-,-,-,-,-,-,-,1,2,3,3
73124,Cajamarca,1,-,1,1,-,1,2,-,-,-,-,-,-,-,-,-,-,-,-,-,-,1,-,1,1,-,1,2
73148,Carmen de Apicalá,1,-,1,1,-,1,2,-,1,1,-,2,2,3,-,1,1,-,-,-,1,1,2,3,1,2,3,6
73168,Chaparral,6,-,6,4,-,4,10,-,9,9,-,15,15,24,-,3,3,-,2,2,5,6,12,18,4,17,21,39
73200,Coello,1,-,1,2,-,2,3,-,3,3,-,2,2,5,-,-,-,-,-,-,-,1,3,4,2,2,4,8
73217,Coyaima,1,-,1,4,-,4,5,-,7,7,-,13,13,20,-,3,3,-,1,1,4,1,10,11,4,14,18,29
73226,Cunday,1,-,1,-,-,-,1,-,1,1,-,1,1,2,-,-,-,-,-,-,-,1,1,2,-,1,1,3
73236,Dolores,1,-,1,2,-,2,3,-,-,-,-,3,3,3,-,-,-,-,-,-,-,1,-,1,2,3,5,6
73268,Espinal,2,-,2,6,-,6,8,-,4,4,-,10,10,14,-,1,1,-,-,-,1,2,5,7,6,10,16,23
73270,Falan,2,-,2,1,-,1,3,-,-,-,-,-,-,-,-,-,-,-,-,-,-,2,-,2,1,-,1,3
73275,Flandes,1,-,1,-,-,-,1,-,4,4,-,7,7,11,-,1,1,-,-,-,1,1,5,6,-,7,7,13
73283,Fresno,4,-,4,-,-,-,4,-,2,2,-,3,3,5,-,1,1,-,-,-,1,4,3,7,-,3,3,10
73319,Guamo,2,-,2,1,-,1,3,-,7,7,-,14,14,21,-,1,1,-,1,1,2,2,8,10,1,15,16,26
73347,Herveo,-,-,-,-,-,-,-,-,-,-,-,1,1,1,-,-,-,-,-,-,-,-,-,-,-,1,1,1
73349,Honda,-,-,-,-,-,-,-,-,1,1,-,3,3,4,-,2,2,-,3,3,5,-,3,3,-,6,6,9
73001,Ibagué,34,-,34,42,-,42,76,-,71,71,-,110,110,181,-,13,13,-,21,21,34,34,84,118,42,131,173,291
73352,Icononzo,2,-,2,-,-,-,2,-,1,1,-,2,2,3,-,-,-,-,-,-,-,2,1,3,-,2,2,5
73408,Lérida,2,-,2,3,-,3,5,-,2,2,-,3,3,5,-,1,1,-,-,-,1,2,3,5,3,3,6,11
73411,Líbano,1,-,1,2,-,2,3,-,-,-,-,5,5,5,-,1,1,-,2,2,3,1,1,2,2,7,9,11
73449,Melgar,-,-,-,1,-,1,1,-,1,1,-,5,5,6,-,1,1,-,1,1,2,-,2,2,1,6,7,9
73461,Murillo,-,-,-,1,-,1,1,-,-,-,-,-,-,-,-,-,-,-,-,-,-,-,-,-,1,-,1,1
73483,Natagaima,-,-,-,1,-,1,1,-,1,1,-,2,2,3,-,-,-,-,1,1,1,-,1,1,1,3,4,5
73504,Ortega,2,-,2,4,-,4,6,-,-,-,-,6,6,6,-,3,3,-,1,1,4,2,3,5,4,7,11,16
73520,Palocabildo,-,-,-,-,-,-,-,-,1,1,-,1,1,2,-,-,-,-,-,-,-,-,1,1,-,1,1,2
73555,Planadas,1,-,1,1,-,1,2,-,4,4,-,4,4,8,-,-,-,-,-,-,-,1,4,5,1,4,5,10
73563,Prado,-,-,-,-,-,-,-,-,1,1,-,1,1,2,-,1,1,-,-,-,1,-,2,2,-,1,1,3
73585,Purificación,1,-,1,-,-,-,1,-,2,2,-,1,1,3,-,-,-,-,-,-,-,1,2,3,-,1,1,4
73616,Rioblanco,-,-,-,-,-,-,-,-,1,1,-,5,5,6,-,-,-,-,-,-,-,-,1,1,-,5,5,6
73622,Roncesvalles,-,-,-,-,-,-,-,-,1,1,-,-,-,1,-,-,-,-,-,-,-,-,1,1,-,-,-,1
73624,Rovira,4,-,4,4,-,4,8,-,7,7,-,4,4,11,-,-,-,-,-,-,-,4,7,11,4,4,8,19
73671,Saldaña,2,-,2,-,-,-,2,-,4,4,-,9,9,13,-,-,-,-,2,2,2,2,4,6,-,11,11,17
73675,San Antonio,-,-,-,1,-,1,1,-,-,-,-,1,1,1,-,1,1,-,-,-,1,-,1,1,1,1,2,3
73678,San Luis,1,-,1,-,-,-,1,-,2,2,-,3,3,5,-,1,1,-,-,-,1,1,3,4,-,3,3,7
73443,San Sebastián de Mariquita,1,-,1,1,-,1,2,-,7,7,-,9,9,16,-,-,-,-,1,1,1,1,7,8,1,10,11,19
73686,Santa Isabel,-,-,-,-,-,-,-,-,1,1,-,-,-,1,-,-,-,-,-,-,-,-,1,1,-,-,-,1
73854,Valle de San Juan,-,-,-,2,-,2,2,-,2,2,-,1,1,3,-,-,-,-,-,-,-,-,2,2,2,1,3,5
73861,Venadillo,-,-,-,-,-,-,-,-,1,1,-,1,1,2,-,-,-,-,-,-,-,-,1,1,-,1,1,2
73870,Villahermosa,1,-,1,-,-,-,1,-,-,-,-,-,-,-,-,-,-,-,-,-,-,1,-,1,-,-,-,1
73873,Villarrica,-,-,-,-,-,-,-,-,-,-,-,1,1,1,-,-,-,-,-,-,-,-,-,-,-,1,1,1
76,Valle del Cauca,105,-,105,96,-,96,201,-,181,181,-,420,420,601,-,59,59,-,81,81,140,105,240,345,96,501,597,942
76020,Alcalá,-,-,-,-,-,-,-,-,-,-,-,1,1,1,-,-,-,-,-,-,-,-,-,-,-,1,1,1
76036,Andalucía,1,-,1,1,-,1,2,-,1,1,-,1,1,2,-,-,-,-,1,1,1,1,1,2,1,2,3,5
76041,Ansermanuevo,-,-,-,-,-,-,-,-,1,1,-,-,-,1,-,-,-,-,-,-,-,-,1,1,-,-,-,1
76054,Argelia,-,-,-,1,-,1,1,-,-,-,-,2,2,2,-,-,-,-,-,-,-,-,-,-,1,2,3,3
76100,Bolívar,-,-,-,-,-,-,-,-,-,-,-,1,1,1,-,-,-,-,-,-,-,-,-,-,-,1,1,1
76109,Buenaventura,3,-,3,4,-,4,7,-,4,4,-,14,14,18,-,2,2,-,5,5,7,3,6,9,4,19,23,32
76113,Bugalagrande,-,-,-,-,-,-,-,-,-,-,-,-,-,-,-,-,-,-,1,1,1,-,-,-,-,1,1,1
76122,Caicedonia,1,-,1,1,-,1,2,-,-,-,-,6,6,6,-,1,1,-,2,2,3,1,1,2,1,8,9,11
76001,Cali,40,-,40,39,-,39,79,-,104,104,-,230,230,334,-,26,26,-,46,46,72,40,130,170,39,276,315,485
76126,Calima,1,-,1,-,-,-,1,-,2,2,-,3,3,5,-,1,1,-,-,-,1,1,3,4,-,3,3,7
76130,Candelaria,1,-,1,4,-,4,5,-,3,3,-,7,7,10,-,2,2,-,5,5,7,1,5,6,4,12,16,22
76147,Cartago,8,-,8,11,-,11,19,-,2,2,-,21,21,23,-,4,4,-,1,1,5,8,6,14,11,22,33,47
76233,Dagua,-,-,-,2,-,2,2,-,2,2,-,4,4,6,-,2,2,-,-,-,2,-,4,4,2,4,6,10
76243,El Águila,-,-,-,-,-,-,-,-,-,-,-,1,1,1,-,-,-,-,-,-,-,-,-,-,-,1,1,1
76246,El Cairo,1,-,1,-,-,-,1,-,-,-,-,-,-,-,-,-,-,-,-,-,-,1,-,1,-,-,-,1
76248,El Cerrito,-,-,-,1,-,1,1,-,3,3,-,3,3,6,-,1,1,-,1,1,2,-,4,4,1,4,5,9
76250,El Dovio,-,-,-,1,-,1,1,-,-,-,-,-,-,-,-,-,-,-,-,-,-,-,-,-,1,-,1,1
76275,Florida,-,-,-,1,-,1,1,-,1,1,-,1,1,2,-,-,-,-,-,-,-,-,1,1,1,1,2,3
76318,Guacarí,-,-,-,1,-,1,1,-,3,3,-,3,3,6,-,-,-,-,-,-,-,-,3,3,1,3,4,7
76111,Guadalajara de Buga,9,-,9,4,-,4,13,-,7,7,-,20,20,27,-,5,5,-,5,5,10,9,12,21,4,25,29,50
76364,Jamundí,4,-,4,2,-,2,6,-,8,8,-,13,13,21,-,1,1,-,-,-,1,4,9,13,2,13,15,28
76377,La Cumbre,-,-,-,-,-,-,-,-,-,-,-,1,1,1,-,-,-,-,-,-,-,-,-,-,-,1,1,1
76400,La Unión,2,-,2,2,-,2,4,-,1,1,-,1,1,2,-,-,-,-,-,-,-,2,1,3,2,1,3,6
76497,Obando,2,-,2,1,-,1,3,-,-,-,-,1,1,1,-,1,1,-,-,-,1,2,1,3,1,1,2,5
76520,Palmira,26,-,26,9,-,9,35,-,13,13,-,33,33,46,-,6,6,-,12,12,18,26,19,45,9,45,54,99
76563,Pradera,-,-,-,-,-,-,-,-,3,3,-,2,2,5,-,3,3,-,1,1,4,-,6,6,-,3,3,9
76606,Restrepo,-,-,-,-,-,-,-,-,-,-,-,1,1,1,-,-,-,-,-,-,-,-,-,-,-,1,1,1
76616,Riofrío,-,-,-,1,-,1,1,-,1,1,-,-,-,1,-,-,-,-,-,-,-,-,1,1,1,-,1,2
76622,Roldanillo,-,-,-,-,-,-,-,-,2,2,-,12,12,14,-,-,-,-,-,-,-,-,2,2,-,12,12,14
76670,San Pedro,-,-,-,-,-,-,-,-,-,-,-,1,1,1,-,-,-,-,-,-,-,-,-,-,-,1,1,1
76736,Sevilla,1,-,1,3,-,3,4,-,2,2,-,4,4,6,-,-,-,-,1,1,1,1,2,3,3,5,8,11
76834,Tuluá,1,-,1,1,-,1,2,-,6,6,-,12,12,18,-,1,1,-,-,-,1,1,7,8,1,12,13,21
76869,Vijes,2,-,2,-,-,-,2,-,1,1,-,-,-,1,-,-,-,-,-,-,-,2,1,3,-,-,-,3
76890,Yotoco,1,-,1,-,-,-,1,-,1,1,-,3,3,4,-,-,-,-,-,-,-,1,1,2,-,3,3,5
76892,Yumbo,-,-,-,6,-,6,6,-,7,7,-,10,10,17,-,3,3,-,-,-,3,-,10,10,6,10,16,26
76895,Zarzal,1,-,1,-,-,-,1,-,3,3,-,8,8,11,-,-,-,-,-,-,-,1,3,4,-,8,8,12
97,Vaupés,4,-,4,7,-,7,11,-,27,27,-,18,18,45,-,-,-,-,1,1,1,4,27,31,7,19,26,57
97161,Carurú,-,-,-,-,-,-,-,-,1,1,-,-,-,1,-,-,-,-,-,-,-,-,1,1,-,-,-,1
97001,Mitú,3,-,3,3,-,3,6,-,25,25,-,17,17,42,-,-,-,-,1,1,1,3,25,28,3,18,21,49
97666,Taraira,1,-,1,4,-,4,5,-,1,1,-,1,1,2,-,-,-,-,-,-,-,1,1,2,4,1,5,7
99,Vichada,1,-,1,5,-,5,6,-,1,1,-,4,4,5,-,-,-,-,-,-,-,1,1,2,5,4,9,11
99001,Puerto Carreño,1,-,1,5,-,5,6,-,1,1,-,4,4,5,-,-,-,-,-,-,-,1,1,2,5,4,9,11
0,TOTAL,2437,-,2437,2708,-,2708,5145,-,3974,3974,-,6986,6986,10960,-,916,916,-,1022,1022,1938,2437,4890,7327,2708,8008,10716,18043
VIF: Violencia Intrafamiliar,,,,,,,,,,,,,,,,,,,,,,,,,,,,,
"Violencia contra niños, niñas y adolescentes: se incluyen los grupos de edad comprendidos entre los 00 a 17 años",,,,,,,,,,,,,,,,,,,,,,,,,,,,,
Violencia entre otros familiares: se incluyen los grupos de edad comprendidos entre los 18 a 59 años,,,,,,,,,,,,,,,,,,,,,,,,,,,,,
Violencia contra el adulto mayor: se incluyen los grupos de edad mayores de 60 años,,,,,,,,,,,,,,,,,,,,,,,,,,,,,
FUENTE: Instituto Nacional de Medicina Legal y Ciencias Forenses - INMLCF,,,,,,,,,,,,,,,,,,,,,,,,,,,,,
Grupo: Centro de Referencia Nacional Sobre la Violencia - GCERN,,,,,,,,,,,,,,,,,,,,,,,,,,,,,
Base: Sistema de Información de Clínica y Odontología Forense - SICLICO ,,,,,,,,,,,,,,,,,,,,,,,,,,,,,
