COMPORTAMIENTO DE LAS LESIONES NO FATALES POR VIOLENCIA INTRAFAMILIAR (VIF) EN COLOMBIA AÑO 2021,"VIOLENCIA CONTRA NIÑOS, NIÑAS Y ADOLESCENTES (VIF)","VIOLENCIA CONTRA NIÑOS, NIÑAS Y ADOLESCENTES (VIF).1","VIOLENCIA CONTRA NIÑOS, NIÑAS Y ADOLESCENTES (VIF).2","VIOLENCIA CONTRA NIÑOS, NIÑAS Y ADOLESCENTES (VIF).3","VIOLENCIA CONTRA NIÑOS, NIÑAS Y ADOLESCENTES (VIF).4","VIOLENCIA CONTRA NIÑOS, NIÑAS Y ADOLESCENTES (VIF).5","VIOLENCIA CONTRA NIÑOS, NIÑAS Y ADOLESCENTES (VIF).6",VIOLENCIA ENTRE OTROS FAMILIARES (VIF),VIOLENCIA ENTRE OTROS FAMILIARES (VIF).1,VIOLENCIA ENTRE OTROS FAMILIARES (VIF).2,VIOLENCIA ENTRE OTROS FAMILIARES (VIF).3,VIOLENCIA ENTRE OTROS FAMILIARES (VIF).4,VIOLENCIA ENTRE OTROS FAMILIARES (VIF).5,VIOLENCIA ENTRE OTROS FAMILIARES (VIF).6,VIOLENCIA CONTRA EL ADULTO MAYOR (VIF),VIOLENCIA CONTRA EL ADULTO MAYOR (VIF).1,VIOLENCIA CONTRA EL ADULTO MAYOR (VIF).2,VIOLENCIA CONTRA EL ADULTO MAYOR (VIF).3,VIOLENCIA CONTRA EL ADULTO MAYOR (VIF).4,VIOLENCIA CONTRA EL ADULTO MAYOR (VIF).5,VIOLENCIA CONTRA EL ADULTO MAYOR (VIF).6,TOTAL,TOTAL.1,TOTAL.2,TOTAL.3,TOTAL.4,TOTAL.5,TOTAL.6
SEXO,Hombre,Hombre,HOMBRE,Mujer,Mujer,MUJER,TOTAL,Hombre,Hombre,HOMBRE,Mujer,Mujer,MUJER,TOTAL,Hombre,Hombre,HOMBRE,Mujer,Mujer,MUJER,TOTAL,Hombre,Hombre,HOMBRE,Mujer,Mujer,MUJER,TOTAL
CONTEXTO DE VIOLENCIA - VARIABLE / MAYOR DE EDAD (> 18 AÑOS) O MENOR DE EDAD (< 18 AÑOS),Menores de Edad (<18 años),Mayores de Edad (>18 años),TOTAL,Menores de Edad (<18 años),Mayores de Edad (>18 años),TOTAL,,Menores de Edad (<18 años),Mayores de Edad (>18 años),TOTAL,Menores de Edad (<18 años),Mayores de Edad (>18 años),TOTAL,,Menores de Edad (<18 años),Mayores de Edad (>18 años),TOTAL,Menores de Edad (<18 años),Mayores de Edad (>18 años),TOTAL,,Menores de Edad (<18 años),Mayores de Edad (>18 años),TOTAL,Menores de Edad (<18 años),Mayores de Edad (>18 años),TOTAL,
VARIABLE: GRUPO DE EDAD,,,,,,,,,,,,,,,,,,,,,,,,,,,,
(00 a 04),422,-,422,359,-,359,781,-,-,-,-,-,-,-,-,-,-,-,-,-,-,422,0,422,359,0,359,781
(05 a 09),619,-,619,544,-,544,1163,-,-,-,-,-,-,-,-,-,-,-,-,-,-,619,0,619,544,0,544,1163
(10 a 14),868,-,868,980,-,980,1848,-,-,-,-,-,-,-,-,-,-,-,-,-,-,868,0,868,980,0,980,1848
(15 a 17),528,-,528,825,-,825,1353,-,-,-,-,-,-,-,-,-,-,-,-,-,-,528,0,528,825,0,825,1353
(18 a 19),-,-,-,-,-,-,-,-,206,206,-,405,405,611,-,-,-,-,-,-,-,0,206,206,0,405,405,611
(20 a 24),-,-,-,-,-,-,-,-,603,603,-,1068,1068,1671,-,-,-,-,-,-,-,0,603,603,0,1068,1068,1671
(25 a 29),-,-,-,-,-,-,-,-,529,529,-,1025,1025,1554,-,-,-,-,-,-,-,0,529,529,0,1025,1025,1554
(30 a 34),-,-,-,-,-,-,-,-,527,527,-,877,877,1404,-,-,-,-,-,-,-,0,527,527,0,877,877,1404
(35 a 39),-,-,-,-,-,-,-,-,476,476,-,826,826,1302,-,-,-,-,-,-,-,0,476,476,0,826,826,1302
(40 a 44),-,-,-,-,-,-,-,-,435,435,-,730,730,1165,-,-,-,-,-,-,-,0,435,435,0,730,730,1165
(45 a 49),-,-,-,-,-,-,-,-,372,372,-,675,675,1047,-,-,-,-,-,-,-,0,372,372,0,675,675,1047
(50 a 54),-,-,-,-,-,-,-,-,416,416,-,729,729,1145,-,-,-,-,-,-,-,0,416,416,0,729,729,1145
(55 a 59),-,-,-,-,-,-,-,-,410,410,-,651,651,1061,-,-,-,-,-,-,-,0,410,410,0,651,651,1061
(60 a 64),-,-,-,-,-,-,-,-,-,-,-,-,-,-,-,308,308,-,366,366,674,0,308,308,0,366,366,674
(65 a 69),-,-,-,-,-,-,-,-,-,-,-,-,-,-,-,252,252,-,254,254,506,0,252,252,0,254,254,506
(70 a 74),-,-,-,-,-,-,-,-,-,-,-,-,-,-,-,180,180,-,192,192,372,0,180,180,0,192,192,372
(75 a 79),-,-,-,-,-,-,-,-,-,-,-,-,-,-,-,86,86,-,91,91,177,0,86,86,0,91,91,177
(80 y más),-,-,-,-,-,-,-,-,-,-,-,-,-,-,-,90,90,-,119,119,209,0,90,90,0,119,119,209
TOTAL,2437,-,2437,2708,-,2708,5145,-,3974,3974,-,6986,6986,10960,-,916,916,-,1022,1022,1938,2437,4890,7327,2708,8008,10716,18043
VARIABLE: GRUPO EDAD JUDICIAL,,,,,,,,,,,,,,,,,,,,,,,,,,,,
(00 a 04),422,-,422,359,-,359,781,-,-,-,-,-,-,-,-,-,-,-,-,-,-,422,0,422,359,0,359,781
(05 a 09),619,-,619,544,-,544,1163,-,-,-,-,-,-,-,-,-,-,-,-,-,-,619,0,619,544,0,544,1163
(10 a 13),680,-,680,720,-,720,1400,-,-,-,-,-,-,-,-,-,-,-,-,-,-,680,0,680,720,0,720,1400
(14 a 17),716,-,716,1085,-,1085,1801,-,-,-,-,-,-,-,-,-,-,-,-,-,-,716,0,716,1085,0,1085,1801
(18 a 19),-,-,-,-,-,-,-,-,206,206,-,405,405,611,-,-,-,-,-,-,-,0,206,206,0,405,405,611
(20 a 24),-,-,-,-,-,-,-,-,603,603,-,1068,1068,1671,-,-,-,-,-,-,-,0,603,603,0,1068,1068,1671
(25 a 28),-,-,-,-,-,-,-,-,430,430,-,847,847,1277,-,-,-,-,-,-,-,0,430,430,0,847,847,1277
(29 a 34),-,-,-,-,-,-,-,-,626,626,-,1055,1055,1681,-,-,-,-,-,-,-,0,626,626,0,1055,1055,1681
(35 a 39),-,-,-,-,-,-,-,-,476,476,-,826,826,1302,-,-,-,-,-,-,-,0,476,476,0,826,826,1302
(40 a 44),-,-,-,-,-,-,-,-,435,435,-,730,730,1165,-,-,-,-,-,-,-,0,435,435,0,730,730,1165
(45 a 49),-,-,-,-,-,-,-,-,372,372,-,675,675,1047,-,-,-,-,-,-,-,0,372,372,0,675,675,1047
(50 a 54),-,-,-,-,-,-,-,-,416,416,-,729,729,1145,-,-,-,-,-,-,-,0,416,416,0,729,729,1145
(55 a 59),-,-,-,-,-,-,-,-,410,410,-,651,651,1061,-,-,-,-,-,-,-,0,410,410,0,651,651,1061
(60 a 64),-,-,-,-,-,-,-,-,-,-,-,-,-,-,-,308,308,-,366,366,674,0,308,308,0,366,366,674
(65 a 69),-,-,-,-,-,-,-,-,-,-,-,-,-,-,-,252,252,-,254,254,506,0,252,252,0,254,254,506
(70 a 74),-,-,-,-,-,-,-,-,-,-,-,-,-,-,-,180,180,-,192,192,372,0,180,180,0,192,192,372
(75 a 79),-,-,-,-,-,-,-,-,-,-,-,-,-,-,-,86,86,-,91,91,177,0,86,86,0,91,91,177
(80 y más),-,-,-,-,-,-,-,-,-,-,-,-,-,-,-,90,90,-,119,119,209,0,90,90,0,119,119,209
TOTAL,2437,-,2437,2708,-,2708,5145,-,3974,3974,-,6986,6986,10960,-,916,916,-,1022,1022,1938,2437,4890,7327,2708,8008,10716,18043
VARIABLE: CICLO VITAL,,,,,,,,,,,,,,,,,,,,,,,,,,,,
(00 a 05) Primera Infancia,521,-,521,460,-,460,981,-,-,-,-,-,-,-,-,-,-,-,-,-,-,521,0,521,460,0,460,981
(06 a 11) Infancia,859,-,859,719,-,719,1578,-,-,-,-,-,-,-,-,-,-,-,-,-,-,859,0,859,719,0,719,1578
(12 a 17) Adolescencia,1057,-,1057,1529,-,1529,2586,-,-,-,-,-,-,-,-,-,-,-,-,-,-,1057,0,1057,1529,0,1529,2586
(18 a 28) Juventud,-,-,-,-,-,-,-,-,1239,1239,-,2320,2320,3559,-,-,-,-,-,-,-,0,1239,1239,0,2320,2320,3559
(29 a 59) Adultez,-,-,-,-,-,-,-,-,2735,2735,-,4666,4666,7401,-,-,-,-,-,-,-,0,2735,2735,0,4666,4666,7401
(Más de 60) Adulto Mayor,-,-,-,-,-,-,-,-,-,-,-,-,-,-,-,916,916,-,1022,1022,1938,0,916,916,0,1022,1022,1938
TOTAL,2437,-,2437,2708,-,2708,5145,-,3974,3974,-,6986,6986,10960,-,916,916,-,1022,1022,1938,2437,4890,7327,2708,8008,10716,18043
VARIABLE: ESCOLARIDAD,,,,,,,,,,,,,,,,,,,,,,,,,,,,
Educación inicial y educación preescolar,806,-,806,668,-,668,1474,-,326,326,-,426,426,752,-,217,217,-,248,248,465,806,543,1349,668,674,1342,2691
Educación básica primaria,862,-,862,1018,-,1018,1880,-,880,880,-,1216,1216,2096,-,313,313,-,358,358,671,862,1193,2055,1018,1574,2592,4647
Educación básica secundaria o secundaria baja,222,-,222,429,-,429,651,-,283,283,-,404,404,687,-,37,37,-,41,41,78,222,320,542,429,445,874,1416
Educación media o secundaria alta,97,-,97,190,-,190,287,-,1786,1786,-,3238,3238,5024,-,199,199,-,191,191,390,97,1985,2082,190,3429,3619,5701
Educación técnica profesional y tecnológica,-,-,-,9,-,9,9,-,559,559,-,1452,1452,2011,-,61,61,-,73,73,134,0,620,620,9,1525,1534,2154
Universitario,-,-,-,-,-,-,-,-,15,15,-,47,47,62,-,2,2,-,4,4,6,0,17,17,0,51,51,68
"Especialización, Maestría o equivalente",-,-,-,-,-,-,-,-,8,8,-,13,13,21,-,2,2,-,1,1,3,0,10,10,0,14,14,24
Doctorado o equivalente,-,-,-,-,-,-,-,-,1,1,-,5,5,6,-,-,-,-,-,-,-,0,1,1,0,5,5,6
Sin escolaridad,395,-,395,344,-,344,739,-,56,56,-,90,90,146,-,62,62,-,82,82,144,395,118,513,344,172,516,1029
Sin información,55,-,55,50,-,50,105,-,60,60,-,95,95,155,-,23,23,-,24,24,47,55,83,138,50,119,169,307
TOTAL,2437,-,2437,2708,-,2708,5145,-,3974,3974,-,6986,6986,10960,-,916,916,-,1022,1022,1938,2437,4890,7327,2708,8008,10716,18043
VARIABLE: ESTADO CIVIL,,,,,,,,,,,,,,,,,,,,,,,,,,,,
Soltero (a),1349,-,1349,1747,-,1747,3096,-,1874,1874,-,3395,3395,5269,-,197,197,-,329,329,526,1349,2071,3420,1747,3724,5471,8891
Unión libre,11,-,11,24,-,24,35,-,1386,1386,-,2207,2207,3593,-,233,233,-,104,104,337,11,1619,1630,24,2311,2335,3965
Casado (a),1,-,1,2,-,2,3,-,492,492,-,755,755,1247,-,308,308,-,150,150,458,1,800,801,2,905,907,1708
"Separado (a), Divorciado (a)",1,-,1,-,-,-,1,-,159,159,-,409,409,568,-,85,85,-,118,118,203,1,244,245,0,527,527,772
Viudo (a),-,-,-,1,-,1,1,-,23,23,-,159,159,182,-,84,84,-,314,314,398,0,107,107,1,473,474,581
No aplica,1041,-,1041,903,-,903,1944,-,-,-,-,-,-,-,-,-,-,-,-,-,-,1041,0,1041,903,0,903,1944
Sin información,34,-,34,31,-,31,65,-,40,40,-,61,61,101,-,9,9,-,7,7,16,34,49,83,31,68,99,182
TOTAL,2437,-,2437,2708,-,2708,5145,-,3974,3974,-,6986,6986,10960,-,916,916,-,1022,1022,1938,2437,4890,7327,2708,8008,10716,18043
VARIABLE: FACTOR DE VULNERABILIDAD,,,,,,,,,,,,,,,,,,,,,,,,,,,,
Campesinos (as) y/o trabajadores (as) del campo,15,-,15,16,-,16,31,-,66,66,-,48,48,114,-,35,35,-,15,15,50,15,101,116,16,63,79,195
Comunidad LGBT,7,-,7,16,-,16,23,-,51,51,-,64,64,115,-,5,5,-,2,2,7,7,56,63,16,66,82,145
Grupos étnicos,56,-,56,74,-,74,130,-,110,110,-,227,227,337,-,20,20,-,21,21,41,56,130,186,74,248,322,508
Maestro/Educador,-,-,-,-,-,-,-,-,1,1,-,4,4,5,-,-,-,-,-,-,-,0,1,1,0,4,4,5
Mujer cabeza de hogar o de familia ,-,-,-,-,-,-,-,-,-,-,-,161,161,161,-,-,-,-,35,35,35,0,0,0,0,196,196,196
"Niños, niñas, adolescentes bajo la protección del ICBF",48,-,48,47,-,47,95,-,-,-,-,-,-,-,-,-,-,-,-,-,-,48,0,48,47,0,47,95
"Niños, niñas, adolescentes en condición de abandono",36,-,36,34,-,34,70,-,-,-,-,-,-,-,-,-,-,-,-,-,-,36,0,36,34,0,34,70
Persona adicta a una droga natural o sintética,53,-,53,54,-,54,107,-,268,268,-,290,290,558,-,48,48,-,39,39,87,53,316,369,54,329,383,752
Persona en situación de calle,-,-,-,-,-,-,-,-,1,1,-,1,1,2,-,-,-,-,-,-,-,0,1,1,0,1,1,2
Persona en situación de prostitución,-,-,-,-,-,-,-,-,-,-,-,1,1,1,-,-,-,-,-,-,-,0,0,0,0,1,1,1
Persona recluida en establecimiento de rehabilitación y pabellones psiquiátricos,1,-,1,-,-,-,1,-,-,-,-,2,2,2,-,-,-,-,-,-,-,1,0,1,0,2,2,3
Personas bajo custodia,2,-,2,-,-,-,2,-,7,7,-,3,3,10,-,-,-,-,-,-,-,2,7,9,0,3,3,12
Personas desmovilizadas o reinsertadas,-,-,-,1,-,1,1,-,-,-,-,-,-,-,-,-,-,-,-,-,-,0,0,0,1,0,1,1
Personas mayores en hogares de cuidado,-,-,-,-,-,-,-,-,-,-,-,-,-,-,-,4,4,-,3,3,7,0,4,4,0,3,3,7
Religiosos,-,-,-,-,-,-,-,-,-,-,-,-,-,-,-,1,1,-,1,1,2,0,1,1,0,1,1,2
Tribus urbanas,-,-,-,2,-,2,2,-,-,-,-,-,-,-,-,-,-,-,-,-,-,0,0,0,2,0,2,2
Ninguno ,2218,-,2218,2464,-,2464,4682,-,3470,3470,-,6184,6184,9654,-,803,803,-,906,906,1709,2218,4273,6491,2464,7090,9554,16045
Sin información,1,-,1,-,-,-,1,-,-,-,-,1,1,1,-,-,-,-,-,-,-,1,0,1,0,1,1,2
TOTAL,2437,-,2437,2708,-,2708,5145,-,3974,3974,-,6986,6986,10960,-,916,916,-,1022,1022,1938,2437,4890,7327,2708,8008,10716,18043
VARIABLE: TIPO DE DISCAPACIDAD,,,,,,,,,,,,,,,,,,,,,,,,,,,,
Auditiva,1,-,1,1,-,1,2,-,4,4,-,12,12,16,-,6,6,-,7,7,13,1,10,11,1,19,20,31
Física,1,-,1,2,-,2,3,-,12,12,-,6,6,18,-,7,7,-,2,2,9,1,19,20,2,8,10,30
Mental,4,-,4,-,-,-,4,-,10,10,-,11,11,21,-,1,1,-,3,3,4,4,11,15,0,14,14,29
Siquica,1,-,1,5,-,5,6,-,1,1,-,2,2,3,-,-,-,-,2,2,2,1,1,2,5,4,9,11
Visual,1,-,1,-,-,-,1,-,9,9,-,2,2,11,-,1,1,-,4,4,5,1,10,11,0,6,6,17
Discapacidad múltiple,4,-,4,1,-,1,5,-,8,8,-,6,6,14,-,2,2,-,5,5,7,4,10,14,1,11,12,26
Ninguna,2425,-,2425,2699,-,2699,5124,-,3930,3930,-,6947,6947,10877,-,899,899,-,999,999,1898,2425,4829,7254,2699,7946,10645,17899
TOTAL,2437,-,2437,2708,-,2708,5145,-,3974,3974,-,6986,6986,10960,-,916,916,-,1022,1022,1938,2437,4890,7327,2708,8008,10716,18043
VARIABLE: PERTENENCIA ÉTNICA,,,,,,,,,,,,,,,,,,,,,,,,,,,,
Indígena,18,-,18,30,-,30,48,-,58,58,-,100,100,158,-,7,7,-,6,6,13,18,65,83,30,106,136,219
Negro/Afrodescendiente,43,-,43,43,-,43,86,-,68,68,-,146,146,214,-,15,15,-,17,17,32,43,83,126,43,163,206,332
Raizal,-,-,-,5,-,5,5,-,10,10,-,20,20,30,-,1,1,-,1,1,2,0,11,11,5,21,26,37
Sin Pertenencia Étnica,2161,-,2161,2394,-,2394,4555,-,3461,3461,-,6122,6122,9583,-,823,823,-,929,929,1752,2161,4284,6445,2394,7051,9445,15890
Sin información,215,-,215,236,-,236,451,-,377,377,-,598,598,975,-,70,70,-,69,69,139,215,447,662,236,667,903,1565
TOTAL,2437,-,2437,2708,-,2708,5145,-,3974,3974,-,6986,6986,10960,-,916,916,-,1022,1022,1938,2437,4890,7327,2708,8008,10716,18043
VARIABLE: PRESUNTO AGRESOR,,,,,,,,,,,,,,,,,,,,,,,,,,,,
Encargado del cuidado,31,-,31,33,-,33,64,-,-,-,-,-,-,-,-,6,6,-,5,5,11,31,6,37,33,5,38,75
Encargado del cuidado,31,-,31,33,-,33,64,-,-,-,-,-,-,-,-,6,6,-,5,5,11,31,6,37,33,5,38,75
Familiar,2406,-,2406,2675,-,2675,5081,-,3974,3974,-,6986,6986,10960,-,910,910,-,1017,1017,1927,2406,4884,7290,2675,8003,10678,17968
Abuelo (a),55,-,55,62,-,62,117,-,8,8,-,16,16,24,-,-,-,-,-,-,-,55,8,63,62,16,78,141
Cuñado (a),10,-,10,21,-,21,31,-,506,506,-,874,874,1380,-,38,38,-,16,16,54,10,544,554,21,890,911,1465
Hermano (a),107,-,107,121,-,121,228,-,1107,1107,-,1998,1998,3105,-,134,134,-,157,157,291,107,1241,1348,121,2155,2276,3624
Hijo (a),-,-,-,-,-,-,-,-,368,368,-,1103,1103,1471,-,363,363,-,457,457,820,0,731,731,0,1560,1560,2291
Madrastra                                                                                           ,49,-,49,56,-,56,105,-,11,11,-,25,25,36,-,-,-,-,-,-,-,49,11,60,56,25,81,141
Madre,702,-,702,826,-,826,1528,-,71,71,-,213,213,284,-,-,-,-,-,-,-,702,71,773,826,213,1039,1812
Nieto (a),-,-,-,-,-,-,-,-,2,2,-,31,31,33,-,44,44,-,107,107,151,0,46,46,0,138,138,184
Nuera,-,-,-,-,-,-,-,-,5,5,-,78,78,83,-,9,9,-,48,48,57,0,14,14,0,126,126,140
Padrastro,331,-,331,277,-,277,608,-,125,125,-,162,162,287,-,-,-,-,-,-,-,331,125,456,277,162,439,895
Padre,849,-,849,959,-,959,1808,-,243,243,-,466,466,709,-,-,-,-,-,-,-,849,243,1092,959,466,1425,2517
Primo (a),51,-,51,52,-,52,103,-,322,322,-,382,382,704,-,8,8,-,6,6,14,51,330,381,52,388,440,821
Sobrino (a),-,-,-,-,-,-,-,-,297,297,-,357,357,654,-,127,127,-,94,94,221,0,424,424,0,451,451,875
Suegro (a),-,-,-,7,-,7,7,-,120,120,-,163,163,283,-,-,-,-,-,-,-,0,120,120,7,163,170,290
Tío (a),154,-,154,174,-,174,328,-,288,288,-,389,389,677,-,1,1,-,1,1,2,154,289,443,174,390,564,1007
Yerno,-,-,-,-,-,-,-,-,62,62,-,195,195,257,-,59,59,-,68,68,127,0,121,121,0,263,263,384
Otros familiares civiles o consanguíneos,94,-,94,117,-,117,211,-,436,436,-,530,530,966,-,125,125,-,62,62,187,94,561,655,117,592,709,1364
Sin información,4,-,4,3,-,3,7,-,3,3,-,4,4,7,-,2,2,-,1,1,3,4,5,9,3,5,8,17
TOTAL,2437,-,2437,2708,-,2708,5145,-,3974,3974,-,6986,6986,10960,-,916,916,-,1022,1022,1938,2437,4890,7327,2708,8008,10716,18043
VARIABLE: SEXO DEL PRESUNTO AGRESOR,,,,,,,,,,,,,,,,,,,,,,,,,,,,
Hombre,1628,-,1628,1620,-,1620,3248,-,3421,3421,-,4845,4845,8266,-,805,805,-,705,705,1510,1628,4226,5854,1620,5550,7170,13024
Mujer,776,-,776,1061,-,1061,1837,-,527,527,-,2128,2128,2655,-,106,106,-,311,311,417,776,633,1409,1061,2439,3500,4909
Sin información,33,-,33,27,-,27,60,-,26,26,-,13,13,39,-,5,5,-,6,6,11,33,31,64,27,19,46,110
TOTAL,2437,-,2437,2708,-,2708,5145,-,3974,3974,-,6986,6986,10960,-,916,916,-,1022,1022,1938,2437,4890,7327,2708,8008,10716,18043
VARIABLE: ACTIVIDAD DURANTE EL HECHO,,,,,,,,,,,,,,,,,,,,,,,,,,,,
Actividades de desplazamiento de un lugar a otro,537,-,537,635,-,635,1172,-,1315,1315,-,1878,1878,3193,-,238,238,-,176,176,414,537,1553,2090,635,2054,2689,4779
Actividades de trabajo doméstico no pagado para el uso del propio hogar,536,-,536,670,-,670,1206,-,846,846,-,2014,2014,2860,-,234,234,-,362,362,596,536,1080,1616,670,2376,3046,4662
Actividades ilícitas o delictivas,5,-,5,4,-,4,9,-,49,49,-,12,12,61,-,1,1,-,2,2,3,5,50,55,4,14,18,73
Actividades relacionadas con el aprendizaje,65,-,65,53,-,53,118,-,5,5,-,12,12,17,-,1,1,-,1,1,2,65,6,71,53,13,66,137
Actividades relacionadas con el cuidado no pagado de miembros del hogar,74,-,74,91,-,91,165,-,177,177,-,401,401,578,-,35,35,-,66,66,101,74,212,286,91,467,558,844
Actividades relacionadas con el trabajo remunerado,11,-,11,7,-,7,18,-,104,104,-,145,145,249,-,24,24,-,7,7,31,11,128,139,7,152,159,298
"Actividades relacionadas con la asistencia a eventos culturales, de entretenimiento y/o deportivos",92,-,92,67,-,67,159,-,264,264,-,273,273,537,-,18,18,-,14,14,32,92,282,374,67,287,354,728
Actividades relacionadas con los deportes y el ejercicio físico,7,-,7,6,-,6,13,-,1,1,-,9,9,10,-,2,2,-,2,2,4,7,3,10,6,11,17,27
"Actividades relacionadas con manifestaciones públicas (marchas, protestas, etc.)",2,-,2,-,-,-,2,-,-,-,-,-,-,-,-,-,-,-,-,-,-,2,0,2,0,0,0,2
Actividades vitales o relacionadas con el cuidado personal,1104,-,1104,1173,-,1173,2277,-,1213,1213,-,2240,2240,3453,-,362,362,-,392,392,754,1104,1575,2679,1173,2632,3805,6484
Quehacer habitualmente no remunerado,3,-,3,2,-,2,5,-,-,-,-,-,-,-,-,-,-,-,-,-,-,3,0,3,2,0,2,5
Sin información,1,-,1,-,-,-,1,-,-,-,-,2,2,2,-,1,1,-,-,-,1,1,1,2,0,2,2,4
TOTAL,2437,-,2437,2708,-,2708,5145,-,3974,3974,-,6986,6986,10960,-,916,916,-,1022,1022,1938,2437,4890,7327,2708,8008,10716,18043
VARIABLE: FACTOR DESENCADENANTE DE LA AGRESIÓN,,,,,,,,,,,,,,,,,,,,,,,,,,,,
Abandono,30,-,30,46,-,46,76,-,5,5,-,22,22,27,-,6,6,-,5,5,11,30,11,41,46,27,73,114
"Celos, desconfianza, infidelidad",42,-,42,64,-,64,106,-,93,93,-,192,192,285,-,11,11,-,17,17,28,42,104,146,64,209,273,419
Consumo de alcohol y/o sustancias psicoactivas,337,-,337,326,-,326,663,-,921,921,-,1439,1439,2360,-,212,212,-,255,255,467,337,1133,1470,326,1694,2020,3490
Económicas,7,-,7,5,-,5,12,-,58,58,-,90,90,148,-,19,19,-,16,16,35,7,77,84,5,106,111,195
Enfermedad fisica o mental,5,-,5,3,-,3,8,-,17,17,-,39,39,56,-,8,8,-,15,15,23,5,25,30,3,54,57,87
"Intolerancia, machismo",1728,-,1728,1978,-,1978,3706,-,2679,2679,-,4956,4956,7635,-,634,634,-,682,682,1316,1728,3313,5041,1978,5638,7616,12657
Otras razones,69,-,69,65,-,65,134,-,60,60,-,89,89,149,-,10,10,-,10,10,20,69,70,139,65,99,164,303
Sin información,219,-,219,221,-,221,440,-,141,141,-,159,159,300,-,16,16,-,22,22,38,219,157,376,221,181,402,778
TOTAL,2437,-,2437,2708,-,2708,5145,-,3974,3974,-,6986,6986,10960,-,916,916,-,1022,1022,1938,2437,4890,7327,2708,8008,10716,18043
VARIABLE: MECANISMO CAUSAL,,,,,,,,,,,,,,,,,,,,,,,,,,,,
Abrasivo,102,-,102,97,-,97,199,-,124,124,-,227,227,351,-,23,23,-,15,15,38,102,147,249,97,242,339,588
Agente químico,3,-,3,2,-,2,5,-,-,-,-,4,4,4,-,-,-,-,-,-,-,3,0,3,2,4,6,9
Agentes y mecanismo explosivo,-,-,-,-,-,-,-,-,1,1,-,-,-,1,-,-,-,-,-,-,-,0,1,1,0,0,0,1
Agentes y mecanismos biológicos,3,-,3,-,-,-,3,-,4,4,-,4,4,8,-,-,-,-,1,1,1,3,4,7,0,5,5,12
Biodinámico,8,-,8,6,-,6,14,-,9,9,-,27,27,36,-,1,1,-,2,2,3,8,10,18,6,29,35,53
Cáustico ,-,-,-,-,-,-,-,-,-,-,-,1,1,1,-,-,-,-,-,-,-,0,0,0,0,1,1,1
Contundente,968,-,968,1181,-,1181,2149,-,1429,1429,-,3449,3449,4878,-,424,424,-,530,530,954,968,1853,2821,1181,3979,5160,7981
Cortante,44,-,44,33,-,33,77,-,166,166,-,119,119,285,-,18,18,-,17,17,35,44,184,228,33,136,169,397
Corto contundente,113,-,113,108,-,108,221,-,426,426,-,377,377,803,-,72,72,-,22,22,94,113,498,611,108,399,507,1118
Corto punzante,10,-,10,6,-,6,16,-,224,224,-,81,81,305,-,13,13,-,5,5,18,10,237,247,6,86,92,339
Eléctrico,1,-,1,-,-,-,1,-,-,-,-,-,-,-,-,-,-,-,-,-,-,1,0,1,0,0,0,1
Generadores de asfixia,2,-,2,-,-,-,2,-,-,-,-,2,2,2,-,-,-,-,-,-,-,2,0,2,0,2,2,4
Mecanismo múltiple,367,-,367,346,-,346,713,-,1153,1153,-,1655,1655,2808,-,167,167,-,132,132,299,367,1320,1687,346,1787,2133,3820
Proyectil de arma de fuego,1,-,1,1,-,1,2,-,30,30,-,4,4,34,-,1,1,-,-,-,1,1,31,32,1,4,5,37
Punzante,3,-,3,2,-,2,5,-,5,5,-,4,4,9,-,1,1,-,-,-,1,3,6,9,2,4,6,15
Térmico,11,-,11,6,-,6,17,-,7,7,-,9,9,16,-,1,1,-,2,2,3,11,8,19,6,11,17,36
Por determinar,801,-,801,920,-,920,1721,-,396,396,-,1023,1023,1419,-,195,195,-,296,296,491,801,591,1392,920,1319,2239,3631
TOTAL,2437,-,2437,2708,-,2708,5145,-,3974,3974,-,6986,6986,10960,-,916,916,-,1022,1022,1938,2437,4890,7327,2708,8008,10716,18043
VARIABLE: DIAGNÓSTICO TOPOGRÁFICO DE LA LESIÓN,,,,,,,,,,,,,,,,,,,,,,,,,,,,
Piel y faneras,89,-,89,102,-,102,191,-,91,91,-,175,175,266,-,15,15,-,23,23,38,89,106,195,102,198,300,495
Politraumatismo,981,-,981,1065,-,1065,2046,-,2268,2268,-,3802,3802,6070,-,434,434,-,427,427,861,981,2702,3683,1065,4229,5294,8977
Trauma área Pélvica,8,-,8,13,-,13,21,-,8,8,-,12,12,20,-,1,1,-,6,6,7,8,9,17,13,18,31,48
Trauma craneano,35,-,35,32,-,32,67,-,88,88,-,97,97,185,-,14,14,-,12,12,26,35,102,137,32,109,141,278
Trauma de abdomen,6,-,6,8,-,8,14,-,17,17,-,24,24,41,-,6,6,-,3,3,9,6,23,29,8,27,35,64
Trauma de cuello,18,-,18,10,-,10,28,-,20,20,-,40,40,60,-,3,3,-,5,5,8,18,23,41,10,45,55,96
Trauma de miembros,260,-,260,333,-,333,593,-,431,431,-,866,866,1297,-,107,107,-,156,156,263,260,538,798,333,1022,1355,2153
Trauma de tórax,48,-,48,36,-,36,84,-,99,99,-,114,114,213,-,24,24,-,22,22,46,48,123,171,36,136,172,343
Trauma facial,207,-,207,214,-,214,421,-,597,597,-,874,874,1471,-,128,128,-,80,80,208,207,725,932,214,954,1168,2100
Por determinar,785,-,785,895,-,895,1680,-,355,355,-,982,982,1337,-,184,184,-,288,288,472,785,539,1324,895,1270,2165,3489
TOTAL,2437,-,2437,2708,-,2708,5145,-,3974,3974,-,6986,6986,10960,-,916,916,-,1022,1022,1938,2437,4890,7327,2708,8008,10716,18043
VARIABLE: DÍAS DE INCAPACIDAD MÉDICO LEGAL,,,,,,,,,,,,,,,,,,,,,,,,,,,,
1 a 30,1598,-,1598,1755,-,1755,3353,-,3292,3292,-,5820,5820,9112,-,671,671,-,696,696,1367,1598,3963,5561,1755,6516,8271,13832
31 a 90,22,-,22,11,-,11,33,-,253,253,-,111,111,364,-,45,45,-,17,17,62,22,298,320,11,128,139,459
Más de 90,3,-,3,4,-,4,7,-,6,6,-,1,1,7,-,1,1,-,1,1,2,3,7,10,4,2,6,16
Cero días y Sin información,814,-,814,938,-,938,1752,-,423,423,-,1054,1054,1477,-,199,199,-,308,308,507,814,622,1436,938,1362,2300,3736
TOTAL,2437,-,2437,2708,-,2708,5145,-,3974,3974,-,6986,6986,10960,-,916,916,-,1022,1022,1938,2437,4890,7327,2708,8008,10716,18043
VARIABLE: PAÍS DE NACIMIENTO DE LA VÍCTIMA,,,,,,,,,,,,,,,,,,,,,,,,,,,,
Argentina,1,-,1,-,-,-,1,-,-,-,-,-,-,-,-,-,-,-,-,-,-,1,0,1,0,0,0,1
Chile,-,-,-,-,-,-,-,-,-,-,-,-,-,-,-,-,-,-,1,1,1,0,0,0,0,1,1,1
Colombia,2318,-,2318,2582,-,2582,4900,-,3884,3884,-,6833,6833,10717,-,910,910,-,1018,1018,1928,2318,4794,7112,2582,7851,10433,17545
Cuba,-,-,-,-,-,-,-,-,-,-,-,-,-,-,-,1,1,-,-,-,1,0,1,1,0,0,0,1
Ecuador,2,-,2,2,-,2,4,-,-,-,-,2,2,2,-,-,-,-,-,-,-,2,0,2,2,2,4,6
España,-,-,-,2,-,2,2,-,1,1,-,-,-,1,-,-,-,-,-,-,-,0,1,1,2,0,2,3
Estados Unidos,2,-,2,1,-,1,3,-,-,-,-,2,2,2,-,-,-,-,-,-,-,2,0,2,1,2,3,5
Honduras,-,-,-,-,-,-,-,-,-,-,-,1,1,1,-,-,-,-,-,-,-,0,0,0,0,1,1,1
México,1,-,1,-,-,-,1,-,-,-,-,-,-,-,-,-,-,-,-,-,-,1,0,1,0,0,0,1
Panamá,-,-,-,-,-,-,-,-,-,-,-,1,1,1,-,-,-,-,-,-,-,0,0,0,0,1,1,1
Tailandia,1,-,1,-,-,-,1,-,-,-,-,-,-,-,-,-,-,-,-,-,-,1,0,1,0,0,0,1
Venezuela,104,-,104,115,-,115,219,-,80,80,-,141,141,221,-,4,4,-,3,3,7,104,84,188,115,144,259,447
Sin información,8,-,8,6,-,6,14,-,9,9,-,6,6,15,-,1,1,-,-,-,1,8,10,18,6,6,12,30
TOTAL,2437,-,2437,2708,-,2708,5145,-,3974,3974,-,6986,6986,10960,-,916,916,-,1022,1022,1938,2437,4890,7327,2708,8008,10716,18043
VARIABLE: ESCENARIO DEL HECHO,,,,,,,,,,,,,,,,,,,,,,,,,,,,
Áreas deportivas y/o recreativas,9,-,9,10,-,10,19,-,20,20,-,16,16,36,-,5,5,-,-,-,5,9,25,34,10,16,26,60
"Calle (autopista, avenida, dentro de la ciudad)",172,-,172,165,-,165,337,-,571,571,-,667,667,1238,-,69,69,-,64,64,133,172,640,812,165,731,896,1708
Carretera (fuera de la ciudad),4,-,4,8,-,8,12,-,40,40,-,32,32,72,-,8,8,-,2,2,10,4,48,52,8,34,42,94
"Centro de atención médica (hospital, clínica, consultorio, etc.)",3,-,3,1,-,1,4,-,2,2,-,11,11,13,-,1,1,-,2,2,3,3,3,6,1,13,14,20
Centros de reclusión,5,-,5,-,-,-,5,-,-,-,-,1,1,1,-,-,-,-,-,-,-,5,0,5,0,1,1,6
Centros educativos,10,-,10,4,-,4,14,-,1,1,-,-,-,1,-,-,-,-,-,-,-,10,1,11,4,0,4,15
"Espacios acuáticos al aire libre (mar, río, arroyo, humedal, lago, etc.)",1,-,1,-,-,-,1,-,-,-,-,1,1,1,-,-,-,-,-,-,-,1,0,1,0,1,1,2
"Espacios terrestres al aire libre (bosque, potrero, montaña, playa, etc.)",2,-,2,10,-,10,12,-,23,23,-,13,13,36,-,7,7,-,5,5,12,2,30,32,10,18,28,60
"Establecimiento comercial (tienda, centro comercial, almacén, plaza de mercado)",19,-,19,26,-,26,45,-,81,81,-,138,138,219,-,12,12,-,8,8,20,19,93,112,26,146,172,284
"Establecimiento industrial (fábrica, planta) y/o obras en construcción",1,-,1,1,-,1,2,-,-,-,-,2,2,2,-,-,-,-,-,-,-,1,0,1,1,2,3,4
"Establecimientos de expendio de comidas (restaurantes, asaderos, salsamentarias, etc.)",3,-,3,1,-,1,4,-,8,8,-,12,12,20,-,2,2,-,-,-,2,3,10,13,1,12,13,26
"Establecimientos dedicados a la administración pública (cortes, juzgados, ministerios, etc.)",1,-,1,1,-,1,2,-,3,3,-,2,2,5,-,-,-,-,1,1,1,1,3,4,1,3,4,8
Estaciones de servicio (bombas de gasolina),1,-,1,-,-,-,1,-,-,-,-,1,1,1,-,-,-,-,1,1,1,1,0,1,0,2,2,3
Guarniciones militares y/o de policía,-,-,-,-,-,-,-,-,2,2,-,2,2,4,-,-,-,-,-,-,-,0,2,2,0,2,2,4
"Lugares de actividades culturales (cines, teatros, museos, bibliotecas, etc.)",3,-,3,-,-,-,3,-,4,4,-,11,11,15,-,1,1,-,-,-,1,3,5,8,0,11,11,19
"Lugares de cuidado de personas (hospicios, orfelinatos, hogares geriátricos, etc.)",1,-,1,1,-,1,2,-,2,2,-,1,1,3,-,1,1,-,3,3,4,1,3,4,1,4,5,9
Lugares de esparcimiento con expendio de alcohol,2,-,2,3,-,3,5,-,48,48,-,45,45,93,-,1,1,-,1,1,2,2,49,51,3,46,49,100
"Lugares de hospedaje (hoteles, campamentos y otros tipos de hospedaje no permanente, moteles, etc.)",66,-,66,63,-,63,129,-,68,68,-,100,100,168,-,14,14,-,21,21,35,66,82,148,63,121,184,332
Oficinas y/o edificios de oficinas,-,-,-,-,-,-,-,-,2,2,-,11,11,13,-,2,2,-,2,2,4,0,4,4,0,13,13,17
"Parqueaderos, estacionamientos",2,-,2,2,-,2,4,-,2,2,-,3,3,5,-,-,-,-,-,-,-,2,2,4,2,3,5,9
"Sitio de culto (capilla, iglesia, templo, etc.)",-,-,-,2,-,2,2,-,2,2,-,8,8,10,-,1,1,-,-,-,1,0,3,3,2,8,10,13
Taller,2,-,2,1,-,1,3,-,3,3,-,2,2,5,-,-,-,-,-,-,-,2,3,5,1,2,3,8
Terminales de pasajeros,1,-,1,3,-,3,4,-,-,-,-,-,-,-,-,2,2,-,-,-,2,1,2,3,3,0,3,6
Terreno baldío,2,-,2,-,-,-,2,-,-,-,-,3,3,3,-,-,-,-,1,1,1,2,0,2,0,4,4,6
Vehículo de servicio particular,2,-,2,3,-,3,5,-,6,6,-,9,9,15,-,-,-,-,1,1,1,2,6,8,3,10,13,21
Vía pública,66,-,66,68,-,68,134,-,308,308,-,407,407,715,-,45,45,-,22,22,67,66,353,419,68,429,497,916
Vivienda,2034,-,2034,2306,-,2306,4340,-,2765,2765,-,5463,5463,8228,-,738,738,-,887,887,1625,2034,3503,5537,2306,6350,8656,14193
Zonas de actividades agropecuarias,-,-,-,1,-,1,1,-,2,2,-,3,3,5,-,-,-,-,-,-,-,0,2,2,1,3,4,6
Otros,-,-,-,-,-,-,-,-,5,5,-,11,11,16,-,4,4,-,-,-,4,0,9,9,0,11,11,20
Sin Información,25,-,25,28,-,28,53,-,6,6,-,11,11,17,-,3,3,-,1,1,4,25,9,34,28,12,40,74
TOTAL,2437,-,2437,2708,-,2708,5145,-,3974,3974,-,6986,6986,10960,-,916,916,-,1022,1022,1938,2437,4890,7327,2708,8008,10716,18043
VARIABLE: ZONA DEL HECHO,,,,,,,,,,,,,,,,,,,,,,,,,,,,
Cabecera municipal,2159,-,2159,2394,-,2394,4553,-,3456,3456,-,6248,6248,9704,-,800,800,-,911,911,1711,2159,4256,6415,2394,7159,9553,15968
"Centro poblado (corregimiento, inspección de policía y caserío) ",100,-,100,120,-,120,220,-,147,147,-,260,260,407,-,41,41,-,42,42,83,100,188,288,120,302,422,710
Parte rural (vereda y campo),171,-,171,185,-,185,356,-,358,358,-,461,461,819,-,73,73,-,69,69,142,171,431,602,185,530,715,1317
Sin información,7,-,7,9,-,9,16,-,13,13,-,17,17,30,-,2,2,-,-,-,2,7,15,22,9,17,26,48
TOTAL,2437,-,2437,2708,-,2708,5145,-,3974,3974,-,6986,6986,10960,-,916,916,-,1022,1022,1938,2437,4890,7327,2708,8008,10716,18043
VARIABLE: MES DEL HECHO,,,,,,,,,,,,,,,,,,,,,,,,,,,,
enero,169,-,169,186,-,186,355,-,283,283,-,513,513,796,-,72,72,-,82,82,154,169,355,524,186,595,781,1305
febrero,195,-,195,216,-,216,411,-,312,312,-,602,602,914,-,68,68,-,74,74,142,195,380,575,216,676,892,1467
marzo,191,-,191,204,-,204,395,-,281,281,-,538,538,819,-,72,72,-,74,74,146,191,353,544,204,612,816,1360
abril,202,-,202,197,-,197,399,-,302,302,-,515,515,817,-,54,54,-,61,61,115,202,356,558,197,576,773,1331
mayo,194,-,194,225,-,225,419,-,346,346,-,625,625,971,-,73,73,-,84,84,157,194,419,613,225,709,934,1547
junio,212,-,212,215,-,215,427,-,317,317,-,519,519,836,-,69,69,-,61,61,130,212,386,598,215,580,795,1393
julio,188,-,188,246,-,246,434,-,286,286,-,553,553,839,-,68,68,-,90,90,158,188,354,542,246,643,889,1431
agosto,240,-,240,256,-,256,496,-,358,358,-,614,614,972,-,61,61,-,98,98,159,240,419,659,256,712,968,1627
septiembre,260,-,260,270,-,270,530,-,355,355,-,640,640,995,-,102,102,-,101,101,203,260,457,717,270,741,1011,1728
octubre,189,-,189,268,-,268,457,-,370,370,-,627,627,997,-,97,97,-,88,88,185,189,467,656,268,715,983,1639
noviembre,230,-,230,225,-,225,455,-,368,368,-,578,578,946,-,81,81,-,107,107,188,230,449,679,225,685,910,1589
diciembre,167,-,167,200,-,200,367,-,396,396,-,662,662,1058,-,99,99,-,102,102,201,167,495,662,200,764,964,1626
TOTAL,2437,-,2437,2708,-,2708,5145,-,3974,3974,-,6986,6986,10960,-,916,916,-,1022,1022,1938,2437,4890,7327,2708,8008,10716,18043
VARIABLE: DÍA DEL HECHO,,,,,,,,,,,,,,,,,,,,,,,,,,,,
lunes,323,-,323,391,-,391,714,-,544,544,-,1067,1067,1611,-,149,149,-,149,149,298,323,693,1016,391,1216,1607,2623
martes,319,-,319,400,-,400,719,-,487,487,-,848,848,1335,-,121,121,-,142,142,263,319,608,927,400,990,1390,2317
miércoles,381,-,381,393,-,393,774,-,457,457,-,899,899,1356,-,109,109,-,139,139,248,381,566,947,393,1038,1431,2378
jueves,310,-,310,338,-,338,648,-,397,397,-,860,860,1257,-,95,95,-,129,129,224,310,492,802,338,989,1327,2129
viernes,316,-,316,334,-,334,650,-,458,458,-,828,828,1286,-,113,113,-,134,134,247,316,571,887,334,962,1296,2183
sábado,333,-,333,387,-,387,720,-,649,649,-,1018,1018,1667,-,156,156,-,131,131,287,333,805,1138,387,1149,1536,2674
domingo,455,-,455,465,-,465,920,-,982,982,-,1466,1466,2448,-,173,173,-,198,198,371,455,1155,1610,465,1664,2129,3739
TOTAL,2437,-,2437,2708,-,2708,5145,-,3974,3974,-,6986,6986,10960,-,916,916,-,1022,1022,1938,2437,4890,7327,2708,8008,10716,18043
VARIABLE: RANGO DE HORA DEL HECHO (X 3 HORAS),,,,,,,,,,,,,,,,,,,,,,,,,,,,
(00:00 a 02:59),74,-,74,78,-,78,152,-,236,236,-,318,318,554,-,35,35,-,39,39,74,74,271,345,78,357,435,780
(03:00 a 05:59),53,-,53,69,-,69,122,-,159,159,-,243,243,402,-,30,30,-,24,24,54,53,189,242,69,267,336,578
(06:00 a 08:59),158,-,158,174,-,174,332,-,338,338,-,545,545,883,-,92,92,-,95,95,187,158,430,588,174,640,814,1402
(09:00 a 11:59),312,-,312,349,-,349,661,-,571,571,-,1112,1112,1683,-,147,147,-,192,192,339,312,718,1030,349,1304,1653,2683
(12:00 a 14:59),323,-,323,357,-,357,680,-,530,530,-,1047,1047,1577,-,146,146,-,163,163,309,323,676,999,357,1210,1567,2566
(15:00 a 17:59),324,-,324,362,-,362,686,-,579,579,-,1046,1046,1625,-,151,151,-,156,156,307,324,730,1054,362,1202,1564,2618
(18:00 a 20:59),423,-,423,483,-,483,906,-,772,772,-,1391,1391,2163,-,162,162,-,176,176,338,423,934,1357,483,1567,2050,3407
(21:00 a 23:59),234,-,234,314,-,314,548,-,593,593,-,925,925,1518,-,94,94,-,101,101,195,234,687,921,314,1026,1340,2261
Sin información,536,-,536,522,-,522,1058,-,196,196,-,359,359,555,-,59,59,-,76,76,135,536,255,791,522,435,957,1748
TOTAL,2437,-,2437,2708,-,2708,5145,-,3974,3974,-,6986,6986,10960,-,916,916,-,1022,1022,1938,2437,4890,7327,2708,8008,10716,18043
VIF: Violencia Intrafamiliar,,,,,,,,,,,,,,,,,,,,,,,,,,,,
"Violencia contra niños, niñas y adolescentes: se incluyen los grupos de edad comprendidos entre los 00 a 17 años",,,,,,,,,,,,,,,,,,,,,,,,,,,,
Violencia entre otros familiares: se incluyen los grupos de edad comprendidos entre los 18 a 59 años,,,,,,,,,,,,,,,,,,,,,,,,,,,,
Violencia contra el adulto mayor: se incluyen los grupos de edad mayores de 60 años,,,,,,,,,,,,,,,,,,,,,,,,,,,,
"No aplica ""Estado civil"": Corresponde a los menores de 10 años los cuales por su corta edad no es posible categorizarlos dentro de esta variable",,,,,,,,,,,,,,,,,,,,,,,,,,,,
"Circunstancia del hecho: para el contexto de Violencia Intrafamiliar es catalogada como la variable ""Factor desencadenante de la agresión""",,,,,,,,,,,,,,,,,,,,,,,,,,,,
FUENTE: Instituto Nacional de Medicina Legal y Ciencias Forenses - INMLCF,,,,,,,,,,,,,,,,,,,,,,,,,,,,
Grupo: Centro de Referencia Nacional Sobre la Violencia - GCERN,,,,,,,,,,,,,,,,,,,,,,,,,,,,
Base: Sistema de Información de Clínica y Odontología Forense - SICLICO ,,,,,,,,,,,,,,,,,,,,,,,,,,,,
