VIOLENCIA INTRAFAMILIAR (VIF) EN COLOMBIA AÑO 2020,"VIOLENCIA CONTRA NIÑOS, NIÑAS Y ADOLESCENTES (VIF)","VIOLENCIA CONTRA NIÑOS, NIÑAS Y ADOLESCENTES (VIF).1","VIOLENCIA CONTRA NIÑOS, NIÑAS Y ADOLESCENTES (VIF).2","VIOLENCIA CONTRA NIÑOS, NIÑAS Y ADOLESCENTES (VIF).3","VIOLENCIA CONTRA NIÑOS, NIÑAS Y ADOLESCENTES (VIF).4","VIOLENCIA CONTRA NIÑOS, NIÑAS Y ADOLESCENTES (VIF).5","VIOLENCIA CONTRA NIÑOS, NIÑAS Y ADOLESCENTES (VIF).6",VIOLENCIA ENTRE OTROS FAMILIARES (VIF),VIOLENCIA ENTRE OTROS FAMILIARES (VIF).1,VIOLENCIA ENTRE OTROS FAMILIARES (VIF).2,VIOLENCIA ENTRE OTROS FAMILIARES (VIF).3,VIOLENCIA ENTRE OTROS FAMILIARES (VIF).4,VIOLENCIA ENTRE OTROS FAMILIARES (VIF).5,VIOLENCIA ENTRE OTROS FAMILIARES (VIF).6,VIOLENCIA CONTRA EL ADULTO MAYOR (VIF),VIOLENCIA CONTRA EL ADULTO MAYOR (VIF).1,VIOLENCIA CONTRA EL ADULTO MAYOR (VIF).2,VIOLENCIA CONTRA EL ADULTO MAYOR (VIF).3,VIOLENCIA CONTRA EL ADULTO MAYOR (VIF).4,VIOLENCIA CONTRA EL ADULTO MAYOR (VIF).5,VIOLENCIA CONTRA EL ADULTO MAYOR (VIF).6,TOTAL VIOLENCIA INTRAFAMILIAR (VIF),TOTAL VIOLENCIA INTRAFAMILIAR (VIF).1,TOTAL VIOLENCIA INTRAFAMILIAR (VIF).2,TOTAL VIOLENCIA INTRAFAMILIAR (VIF).3,TOTAL VIOLENCIA INTRAFAMILIAR (VIF).4,TOTAL VIOLENCIA INTRAFAMILIAR (VIF).5,TOTAL VIOLENCIA INTRAFAMILIAR (VIF).6
SEXO,Hombre,Hombre,HOMBRE,Mujer,Mujer,MUJER,TOTAL,Hombre,Hombre,HOMBRE,Mujer,Mujer,MUJER,TOTAL,Hombre,Hombre,HOMBRE,Mujer,Mujer,MUJER,TOTAL,Hombre,Hombre,HOMBRE,Mujer,Mujer,MUJER,TOTAL
CONTEXTO DE VIOLENCIA - VARIABLE / MAYOR DE EDAD (> 18 AÑOS) O MENOR DE EDAD (< 18 AÑOS),Menores de Edad (<18 años),Mayores de Edad (>18 años),TOTAL,Menores de Edad (<18 años),Mayores de Edad (>18 años),TOTAL,,Menores de Edad (<18 años),Mayores de Edad (>18 años),TOTAL,Menores de Edad (<18 años),Mayores de Edad (>18 años),TOTAL,,Menores de Edad (<18 años),Mayores de Edad (>18 años),TOTAL,Menores de Edad (<18 años),Mayores de Edad (>18 años),TOTAL,,Menores de Edad (<18 años),Mayores de Edad (>18 años),TOTAL,Menores de Edad (<18 años),Mayores de Edad (>18 años),TOTAL,
VARIABLE: GRUPO DE EDAD,,,,,,,,,,,,,,,,,,,,,,,,,,,,
(00 a 04),435,-,435,362,-,362,797,-,-,-,-,-,-,-,-,-,-,-,-,-,-,435,0,435,362,0,362,797
(05 a 09),578,-,578,521,-,521,1099,-,-,-,-,-,-,-,-,-,-,-,-,-,-,578,0,578,521,0,521,1099
(10 a 14),871,-,871,1000,-,1000,1871,-,-,-,-,-,-,-,-,-,-,-,-,-,-,871,0,871,1000,0,1000,1871
(15 a 17),508,-,508,794,-,794,1302,-,-,-,-,-,-,-,-,-,-,-,-,-,-,508,0,508,794,0,794,1302
(18 a 19),-,-,-,-,-,-,-,-,213,213,-,465,465,678,-,-,-,-,-,-,-,0,213,213,0,465,465,678
(20 a 24),-,-,-,-,-,-,-,-,584,584,-,1033,1033,1617,-,-,-,-,-,-,-,0,584,584,0,1033,1033,1617
(25 a 29),-,-,-,-,-,-,-,-,540,540,-,993,993,1533,-,-,-,-,-,-,-,0,540,540,0,993,993,1533
(30 a 34),-,-,-,-,-,-,-,-,460,460,-,867,867,1327,-,-,-,-,-,-,-,0,460,460,0,867,867,1327
(35 a 39),-,-,-,-,-,-,-,-,417,417,-,724,724,1141,-,-,-,-,-,-,-,0,417,417,0,724,724,1141
(40 a 44),-,-,-,-,-,-,-,-,325,325,-,647,647,972,-,-,-,-,-,-,-,0,325,325,0,647,647,972
(45 a 49),-,-,-,-,-,-,-,-,327,327,-,577,577,904,-,-,-,-,-,-,-,0,327,327,0,577,577,904
(50 a 54),-,-,-,-,-,-,-,-,361,361,-,610,610,971,-,-,-,-,-,-,-,0,361,361,0,610,610,971
(55 a 59),-,-,-,-,-,-,-,-,360,360,-,557,557,917,-,-,-,-,-,-,-,0,360,360,0,557,557,917
(60 a 64),-,-,-,-,-,-,-,-,-,-,-,-,-,-,-,243,243,-,322,322,565,0,243,243,0,322,322,565
(65 a 69),-,-,-,-,-,-,-,-,-,-,-,-,-,-,-,185,185,-,202,202,387,0,185,185,0,202,202,387
(70 a 74),-,-,-,-,-,-,-,-,-,-,-,-,-,-,-,127,127,-,116,116,243,0,127,127,0,116,116,243
(75 a 79),-,-,-,-,-,-,-,-,-,-,-,-,-,-,-,85,85,-,63,63,148,0,85,85,0,63,63,148
(80 y más),-,-,-,-,-,-,-,-,-,-,-,-,-,-,-,68,68,-,84,84,152,0,68,68,0,84,84,152
TOTAL,2392,-,2392,2677,-,2677,5069,-,3587,3587,-,6473,6473,10060,-,708,708,-,787,787,1495,2392,4295,6687,2677,7260,9937,16624
VARIABLE: GRUPO EDAD JUDICIAL,,,,,,,,,,,,,,,,,,,,,,,,,,,,
(00 a 04),435,-,435,362,-,362,797,-,-,-,-,-,-,-,-,-,-,-,-,-,-,435,0,435,362,0,362,797
(05 a 09),578,-,578,521,-,521,1099,-,-,-,-,-,-,-,-,-,-,-,-,-,-,578,0,578,521,0,521,1099
(10 a 13),699,-,699,723,-,723,1422,-,-,-,-,-,-,-,-,-,-,-,-,-,-,699,0,699,723,0,723,1422
(14 a 17),680,-,680,1071,-,1071,1751,-,-,-,-,-,-,-,-,-,-,-,-,-,-,680,0,680,1071,0,1071,1751
(18 a 19),-,-,-,-,-,-,-,-,213,213,-,465,465,678,-,-,-,-,-,-,-,0,213,213,0,465,465,678
(20 a 24),-,-,-,-,-,-,-,-,584,584,-,1033,1033,1617,-,-,-,-,-,-,-,0,584,584,0,1033,1033,1617
(25 a 28),-,-,-,-,-,-,-,-,447,447,-,807,807,1254,-,-,-,-,-,-,-,0,447,447,0,807,807,1254
(29 a 34),-,-,-,-,-,-,-,-,553,553,-,1053,1053,1606,-,-,-,-,-,-,-,0,553,553,0,1053,1053,1606
(35 a 39),-,-,-,-,-,-,-,-,417,417,-,724,724,1141,-,-,-,-,-,-,-,0,417,417,0,724,724,1141
(40 a 44),-,-,-,-,-,-,-,-,325,325,-,647,647,972,-,-,-,-,-,-,-,0,325,325,0,647,647,972
(45 a 49),-,-,-,-,-,-,-,-,327,327,-,577,577,904,-,-,-,-,-,-,-,0,327,327,0,577,577,904
(50 a 54),-,-,-,-,-,-,-,-,361,361,-,610,610,971,-,-,-,-,-,-,-,0,361,361,0,610,610,971
(55 a 59),-,-,-,-,-,-,-,-,360,360,-,557,557,917,-,-,-,-,-,-,-,0,360,360,0,557,557,917
(60 a 64),-,-,-,-,-,-,-,-,-,-,-,-,-,-,-,243,243,-,322,322,565,0,243,243,0,322,322,565
(65 a 69),-,-,-,-,-,-,-,-,-,-,-,-,-,-,-,185,185,-,202,202,387,0,185,185,0,202,202,387
(70 a 74),-,-,-,-,-,-,-,-,-,-,-,-,-,-,-,127,127,-,116,116,243,0,127,127,0,116,116,243
(75 a 79),-,-,-,-,-,-,-,-,-,-,-,-,-,-,-,85,85,-,63,63,148,0,85,85,0,63,63,148
(80 y más),-,-,-,-,-,-,-,-,-,-,-,-,-,-,-,68,68,-,84,84,152,0,68,68,0,84,84,152
TOTAL,2392,-,2392,2677,-,2677,5069,-,3587,3587,-,6473,6473,10060,-,708,708,-,787,787,1495,2392,4295,6687,2677,7260,9937,16624
VARIABLE: CICLO VITAL,,,,,,,,,,,,,,,,,,,,,,,,,,,,
(00 a 05) Primera Infancia,531,-,531,467,-,467,998,-,-,-,-,-,-,-,-,-,-,-,-,-,-,531,0,531,467,0,467,998
(06 a 11) Infancia,794,-,794,698,-,698,1492,-,-,-,-,-,-,-,-,-,-,-,-,-,-,794,0,794,698,0,698,1492
(12 a 17) Adolescencia,1067,-,1067,1512,-,1512,2579,-,-,-,-,-,-,-,-,-,-,-,-,-,-,1067,0,1067,1512,0,1512,2579
(18 a 28) Juventud,-,-,-,-,-,-,-,-,1244,1244,-,2305,2305,3549,-,-,-,-,-,-,-,0,1244,1244,0,2305,2305,3549
(29 a 59) Adultez,-,-,-,-,-,-,-,-,2343,2343,-,4168,4168,6511,-,-,-,-,-,-,-,0,2343,2343,0,4168,4168,6511
(Más de 60) Adulto Mayor,-,-,-,-,-,-,-,-,-,-,-,-,-,-,-,708,708,-,787,787,1495,0,708,708,0,787,787,1495
TOTAL,2392,-,2392,2677,-,2677,5069,-,3587,3587,-,6473,6473,10060,-,708,708,-,787,787,1495,2392,4295,6687,2677,7260,9937,16624
VARIABLE: ESCOLARIDAD,,,,,,,,,,,,,,,,,,,,,,,,,,,,
Educación inicial y educación preescolar,795,-,795,676,-,676,1471,-,306,306,-,426,426,732,-,174,174,-,202,202,376,795,480,1275,676,628,1304,2579
Educación básica primaria,843,-,843,1018,-,1018,1861,-,778,778,-,1203,1203,1981,-,248,248,-,244,244,492,843,1026,1869,1018,1447,2465,4334
Educación básica secundaria o secundaria baja,222,-,222,394,-,394,616,-,288,288,-,412,412,700,-,31,31,-,31,31,62,222,319,541,394,443,837,1378
Educación media o secundaria alta,77,-,77,196,-,196,273,-,1568,1568,-,2888,2888,4456,-,124,124,-,166,166,290,77,1692,1769,196,3054,3250,5019
Educación técnica profesional y tecnológica,2,-,2,4,-,4,6,-,498,498,-,1331,1331,1829,-,59,59,-,56,56,115,2,557,559,4,1387,1391,1950
Universitario,-,-,-,-,-,-,-,-,21,21,-,33,33,54,-,2,2,-,4,4,6,0,23,23,0,37,37,60
"Especialización, maestría o equivalente",-,-,-,-,-,-,-,-,7,7,-,11,11,18,-,2,2,-,1,1,3,0,9,9,0,12,12,21
Doctorado o equivalente,-,-,-,-,-,-,-,-,1,1,-,3,3,4,-,-,-,-,-,-,-,0,1,1,0,3,3,4
Sin escolaridad,409,-,409,337,-,337,746,-,68,68,-,77,77,145,-,56,56,-,63,63,119,409,124,533,337,140,477,1010
Sin información,44,-,44,52,-,52,96,-,52,52,-,89,89,141,-,12,12,-,20,20,32,44,64,108,52,109,161,269
TOTAL,2392,-,2392,2677,-,2677,5069,-,3587,3587,-,6473,6473,10060,-,708,708,-,787,787,1495,2392,4295,6687,2677,7260,9937,16624
VARIABLE: ESTADO CIVIL,,,,,,,,,,,,,,,,,,,,,,,,,,,,
Soltero (a),1332,-,1332,1710,-,1710,3042,-,1648,1648,-,3110,3110,4758,-,143,143,-,218,218,361,1332,1791,3123,1710,3328,5038,8161
Unión libre,5,-,5,34,-,34,39,-,1286,1286,-,2043,2043,3329,-,158,158,-,89,89,247,5,1444,1449,34,2132,2166,3615
Casado (a),-,-,-,-,-,-,-,-,417,417,-,671,671,1088,-,258,258,-,143,143,401,0,675,675,0,814,814,1489
"Separado (a), Divorciado (a)",-,-,-,1,-,1,1,-,179,179,-,450,450,629,-,58,58,-,90,90,148,0,237,237,1,540,541,778
Viudo (a),4,-,4,1,-,1,5,-,21,21,-,140,140,161,-,85,85,-,240,240,325,4,106,110,1,380,381,491
No aplica,1013,-,1013,883,-,883,1896,-,-,-,-,-,-,-,-,-,-,-,-,-,-,1013,0,1013,883,0,883,1896
Sin información,38,-,38,48,-,48,86,-,36,36,-,59,59,95,-,6,6,-,7,7,13,38,42,80,48,66,114,194
TOTAL,2392,-,2392,2677,-,2677,5069,-,3587,3587,-,6473,6473,10060,-,708,708,-,787,787,1495,2392,4295,6687,2677,7260,9937,16624
VARIABLE: FACTOR DE VULNERABILIDAD,,,,,,,,,,,,,,,,,,,,,,,,,,,,
Campesinos (as) y/o trabajadores (as) del campo,17,-,17,19,-,19,36,-,61,61,-,48,48,109,-,30,30,-,15,15,45,17,91,108,19,63,82,190
Comunidad LGBT,7,-,7,15,-,15,22,-,51,51,-,47,47,98,-,1,1,-,-,-,1,7,52,59,15,47,62,121
Grupos étnicos,10,-,10,22,-,22,32,-,16,16,-,33,33,49,-,4,4,-,3,3,7,10,20,30,22,36,58,88
Maestro/Educador,-,-,-,-,-,-,-,-,5,5,-,2,2,7,-,-,-,-,-,-,-,0,5,5,0,2,2,7
Mujer cabeza de hogar o de familia ,-,-,-,-,-,-,-,-,-,-,-,153,153,153,-,-,-,-,25,25,25,0,0,0,0,178,178,178
"Niños, niñas, adolescentes bajo la protección del ICBF",43,-,43,32,-,32,75,-,-,-,-,-,-,-,-,-,-,-,-,-,-,43,0,43,32,0,32,75
"Niños, niñas, adolescentes en condición de abandono",32,-,32,41,-,41,73,-,-,-,-,-,-,-,-,-,-,-,-,-,-,32,0,32,41,0,41,73
Persona adicta a una droga natural o sintética,28,-,28,39,-,39,67,-,229,229,-,268,268,497,-,31,31,-,30,30,61,28,260,288,39,298,337,625
Persona en condición de desplazamiento ,40,-,40,68,-,68,108,-,64,64,-,174,174,238,-,14,14,-,15,15,29,40,78,118,68,189,257,375
Persona habitante de la calle,-,-,-,-,-,-,-,-,2,2,-,1,1,3,-,-,-,-,-,-,-,0,2,2,0,1,1,3
Persona Recluida en establecimiento de rehabilitación y pabellones psiquiátricos,-,-,-,-,-,-,-,-,1,1,-,-,-,1,-,-,-,-,-,-,-,0,1,1,0,0,0,1
Personas bajo custodia,1,-,1,-,-,-,1,-,5,5,-,2,2,7,-,-,-,-,-,-,-,1,5,6,0,2,2,8
Personas desmovilizadas o reinsertadas,-,-,-,1,-,1,1,-,-,-,-,-,-,-,-,-,-,-,-,-,-,0,0,0,1,0,1,1
Personas en situación de prostitución,-,-,-,-,-,-,-,-,-,-,-,1,1,1,-,-,-,-,-,-,-,0,0,0,0,1,1,1
Personas mayores en hogares de cuidado,-,-,-,-,-,-,-,-,-,-,-,-,-,-,-,2,2,-,2,2,4,0,2,2,0,2,2,4
Tribus urbanas,-,-,-,-,-,-,-,-,4,4,-,-,-,4,-,-,-,-,-,-,-,0,4,4,0,0,0,4
Ninguno,2201,-,2201,2429,-,2429,4630,-,3149,3149,-,5744,5744,8893,-,626,626,-,697,697,1323,2201,3775,5976,2429,6441,8870,14846
Sin información,13,-,13,11,-,11,24,-,-,-,-,-,-,-,-,-,-,-,-,-,-,13,0,13,11,0,11,24
TOTAL,2392,-,2392,2677,-,2677,5069,-,3587,3587,-,6473,6473,10060,-,708,708,-,787,787,1495,2392,4295,6687,2677,7260,9937,16624
VARIABLE: PERTENENCIA ÉTNICA,,,,,,,,,,,,,,,,,,,,,,,,,,,,
Indígena,17,-,17,36,-,36,53,-,32,32,-,51,51,83,-,5,5,-,4,4,9,17,37,54,36,55,91,145
Negro/Afrodescendiente,34,-,34,45,-,45,79,-,37,37,-,121,121,158,-,8,8,-,9,9,17,34,45,79,45,130,175,254
Palenquero,-,-,-,-,-,-,-,-,1,1,-,-,-,1,-,1,1,-,-,-,1,0,2,2,0,0,0,2
Raizal,-,-,-,8,-,8,8,-,6,6,-,15,15,21,-,2,2,-,1,1,3,0,8,8,8,16,24,32
Sin pertenencia étnica,2116,-,2116,2305,-,2305,4421,-,3132,3132,-,5720,5720,8852,-,629,629,-,712,712,1341,2116,3761,5877,2305,6432,8737,14614
Sin información,225,-,225,283,-,283,508,-,379,379,-,566,566,945,-,63,63,-,61,61,124,225,442,667,283,627,910,1577
TOTAL,2392,-,2392,2677,-,2677,5069,-,3587,3587,-,6473,6473,10060,-,708,708,-,787,787,1495,2392,4295,6687,2677,7260,9937,16624
VARIABLE: PRESUNTO AGRESOR,,,,,,,,,,,,,,,,,,,,,,,,,,,,
Encargado del cuidado,38,-,38,37,-,37,75,-,-,-,-,-,-,-,-,3,3,-,5,5,8,38,3,41,37,5,42,83
Encargado del cuidado,38,-,38,37,-,37,75,-,-,-,-,-,-,-,-,3,3,-,5,5,8,38,3,41,37,5,42,83
Familiar,2354,-,2354,2640,-,2640,4994,-,3587,3587,-,6473,6473,10060,-,705,705,-,782,782,1487,2354,4292,6646,2640,7255,9895,16541
Abuelo (a),59,-,59,71,-,71,130,-,12,12,-,18,18,30,-,-,-,-,-,-,-,59,12,71,71,18,89,160
Cuñado (a),17,-,17,38,-,38,55,-,499,499,-,832,832,1331,-,21,21,-,10,10,31,17,520,537,38,842,880,1417
Hermano (a),110,-,110,128,-,128,238,-,938,938,-,1792,1792,2730,-,121,121,-,110,110,231,110,1059,1169,128,1902,2030,3199
Hijo (a),-,-,-,-,-,-,-,-,336,336,-,1030,1030,1366,-,313,313,-,357,357,670,0,649,649,0,1387,1387,2036
Madrastra                                                                                           ,40,-,40,56,-,56,96,-,18,18,-,39,39,57,-,-,-,-,-,-,-,40,18,58,56,39,95,153
Madre,675,-,675,754,-,754,1429,-,81,81,-,214,214,295,-,-,-,-,-,-,-,675,81,756,754,214,968,1724
Nieto (a),-,-,-,-,-,-,-,-,4,4,-,20,20,24,-,43,43,-,103,103,146,0,47,47,0,123,123,170
Nuera,-,-,-,-,-,-,-,-,6,6,-,101,101,107,-,12,12,-,51,51,63,0,18,18,0,152,152,170
Padrastro,297,-,297,280,-,280,577,-,145,145,-,162,162,307,-,-,-,-,-,-,-,297,145,442,280,162,442,884
Padre,822,-,822,889,-,889,1711,-,231,231,-,421,421,652,-,-,-,-,-,-,-,822,231,1053,889,421,1310,2363
Primo (a),45,-,45,70,-,70,115,-,248,248,-,375,375,623,-,6,6,-,3,3,9,45,254,299,70,378,448,747
Sobrino (a),-,-,-,-,-,-,-,-,256,256,-,325,325,581,-,85,85,-,54,54,139,0,341,341,0,379,379,720
Suegro (a),6,-,6,4,-,4,10,-,113,113,-,142,142,255,-,-,-,-,-,-,-,6,113,119,4,142,146,265
Tío (a),161,-,161,154,-,154,315,-,215,215,-,358,358,573,-,-,-,-,-,-,-,161,215,376,154,358,512,888
Yerno,-,-,-,-,-,-,-,-,80,80,-,196,196,276,-,27,27,-,46,46,73,0,107,107,0,242,242,349
Otros familiares civiles o consanguíneos,122,-,122,196,-,196,318,-,405,405,-,448,448,853,-,77,77,-,48,48,125,122,482,604,196,496,692,1296
TOTAL,2392,-,2392,2677,-,2677,5069,-,3587,3587,-,6473,6473,10060,-,708,708,-,787,787,1495,2392,4295,6687,2677,7260,9937,16624
VARIABLE: SEXO DEL PRESUNTO AGRESOR,,,,,,,,,,,,,,,,,,,,,,,,,,,,
Hombre,1605,-,1605,1643,-,1643,3248,-,3011,3011,-,4383,4383,7394,-,611,611,-,561,561,1172,1605,3622,5227,1643,4944,6587,11814
Mujer,787,-,787,1034,-,1034,1821,-,576,576,-,2090,2090,2666,-,97,97,-,226,226,323,787,673,1460,1034,2316,3350,4810
TOTAL,2392,-,2392,2677,-,2677,5069,-,3587,3587,-,6473,6473,10060,-,708,708,-,787,787,1495,2392,4295,6687,2677,7260,9937,16624
VARIABLE: ACTIVIDAD DURANTE EL HECHO,,,,,,,,,,,,,,,,,,,,,,,,,,,,
Actividades de desplazamiento de un lugar a otro,446,-,446,505,-,505,951,-,1100,1100,-,1540,1540,2640,-,130,130,-,128,128,258,446,1230,1676,505,1668,2173,3849
Actividades de trabajo doméstico no pagado para el uso del propio hogar,445,-,445,622,-,622,1067,-,780,780,-,1867,1867,2647,-,188,188,-,269,269,457,445,968,1413,622,2136,2758,4171
Actividades ilícitas o delictivas,9,-,9,8,-,8,17,-,54,54,-,23,23,77,-,5,5,-,1,1,6,9,59,68,8,24,32,100
Actividades relacionadas con el cuidado no pagado de miembros del hogar,62,-,62,68,-,68,130,-,6,6,-,16,16,22,-,-,-,-,1,1,1,62,6,68,68,17,85,153
Actividades relacionadas con el estudio y el aprendizaje,11,-,11,9,-,9,20,-,81,81,-,103,103,184,-,15,15,-,5,5,20,11,96,107,9,108,117,224
Actividades relacionadas con enfrentamientos armados,109,-,109,118,-,118,227,-,119,119,-,353,353,472,-,41,41,-,37,37,78,109,160,269,118,390,508,777
"Actividades relacionadas con la asistencia a eventos culturales, de entretenimiento y/o deportivos",43,-,43,62,-,62,105,-,175,175,-,188,188,363,-,7,7,-,8,8,15,43,182,225,62,196,258,483
Actividades relacionadas con los deportes y el ejercicio físico,17,-,17,10,-,10,27,-,5,5,-,6,6,11,-,-,-,-,-,-,-,17,5,22,10,6,16,38
"Actividades relacionadas con manifestaciones públicas (Marchas, protestas, etc)",-,-,-,-,-,-,-,-,2,2,-,6,6,8,-,-,-,-,-,-,-,0,2,2,0,6,6,8
Actividades vitales o relacionadas con el cuidado personal,1085,-,1085,1120,-,1120,2205,-,1037,1037,-,2023,2023,3060,-,285,285,-,305,305,590,1085,1322,2407,1120,2328,3448,5855
Otra,164,-,164,153,-,153,317,-,227,227,-,342,342,569,-,37,37,-,32,32,69,164,264,428,153,374,527,955
Sin información,1,-,1,2,-,2,3,-,1,1,-,6,6,7,-,-,-,-,1,1,1,1,1,2,2,7,9,11
TOTAL,2392,-,2392,2677,-,2677,5069,-,3587,3587,-,6473,6473,10060,-,708,708,-,787,787,1495,2392,4295,6687,2677,7260,9937,16624
VARIABLE: FACTOR DESENCADENANTE DE LA AGRESIÓN,,,,,,,,,,,,,,,,,,,,,,,,,,,,
Abandono,7,-,7,4,-,4,11,-,1,1,-,3,3,4,-,-,-,-,-,-,-,7,1,8,4,3,7,15
"Celos, desconfianza, infidelidad",32,-,32,74,-,74,106,-,46,46,-,136,136,182,-,4,4,-,12,12,16,32,50,82,74,148,222,304
Consumo de alcohol y/o sustancias psicoactivas,248,-,248,318,-,318,566,-,800,800,-,1182,1182,1982,-,156,156,-,179,179,335,248,956,1204,318,1361,1679,2883
Económicas,11,-,11,2,-,2,13,-,47,47,-,79,79,126,-,14,14,-,8,8,22,11,61,72,2,87,89,161
Enfermedad fisica o mental,14,-,14,12,-,12,26,-,18,18,-,31,31,49,-,11,11,-,14,14,25,14,29,43,12,45,57,100
"Intolerancia, machismo",1745,-,1745,1845,-,1845,3590,-,2476,2476,-,4775,4775,7251,-,492,492,-,538,538,1030,1745,2968,4713,1845,5313,7158,11871
Otras razones,83,-,83,94,-,94,177,-,66,66,-,89,89,155,-,7,7,-,8,8,15,83,73,156,94,97,191,347
Sin información,252,-,252,328,-,328,580,-,133,133,-,178,178,311,-,24,24,-,28,28,52,252,157,409,328,206,534,943
TOTAL,2392,-,2392,2677,-,2677,5069,-,3587,3587,-,6473,6473,10060,-,708,708,-,787,787,1495,2392,4295,6687,2677,7260,9937,16624
VARIABLE: MECANISMO CAUSAL,,,,,,,,,,,,,,,,,,,,,,,,,,,,
Abrasivo,102,-,102,87,-,87,189,-,148,148,-,215,215,363,-,23,23,-,20,20,43,102,171,273,87,235,322,595
Agente químico,1,-,1,1,-,1,2,-,1,1,-,3,3,4,-,-,-,-,2,2,2,1,1,2,1,5,6,8
Agentes y mecanismo explosivo,3,-,3,-,-,-,3,-,-,-,-,-,-,-,-,-,-,-,-,-,-,3,0,3,0,0,0,3
Agentes y mecanismos biológicos,9,-,9,9,-,9,18,-,-,-,-,7,7,7,-,-,-,-,1,1,1,9,0,9,9,8,17,26
Biodinámico,4,-,4,8,-,8,12,-,5,5,-,16,16,21,-,-,-,-,2,2,2,4,5,9,8,18,26,35
Contundente,1010,-,1010,1176,-,1176,2186,-,1346,1346,-,3142,3142,4488,-,335,335,-,416,416,751,1010,1681,2691,1176,3558,4734,7425
Cortante,30,-,30,35,-,35,65,-,138,138,-,102,102,240,-,11,11,-,10,10,21,30,149,179,35,112,147,326
Corto contundente,120,-,120,106,-,106,226,-,396,396,-,412,412,808,-,48,48,-,22,22,70,120,444,564,106,434,540,1104
Corto punzante,11,-,11,10,-,10,21,-,166,166,-,72,72,238,-,12,12,-,5,5,17,11,178,189,10,77,87,276
Eléctrico,-,-,-,1,-,1,1,-,-,-,-,-,-,-,-,-,-,-,-,-,-,0,0,0,1,0,1,1
Generadores de asfixia,-,-,-,1,-,1,1,-,1,1,-,-,-,1,-,-,-,-,-,-,-,0,1,1,1,0,1,2
Mecanismo múltiple,343,-,343,347,-,347,690,-,1024,1024,-,1681,1681,2705,-,149,149,-,103,103,252,343,1173,1516,347,1784,2131,3647
Proyectil de arma de fuego,1,-,1,3,-,3,4,-,14,14,-,2,2,16,-,1,1,-,-,-,1,1,15,16,3,2,5,21
Punzante,1,-,1,1,-,1,2,-,8,8,-,3,3,11,-,-,-,-,-,-,-,1,8,9,1,3,4,13
Térmico,17,-,17,14,-,14,31,-,2,2,-,10,10,12,-,-,-,-,-,-,-,17,2,19,14,10,24,43
Tóxico,2,-,2,1,-,1,3,-,-,-,-,-,-,-,-,-,-,-,-,-,-,2,0,2,1,0,1,3
Por determinar,738,-,738,877,-,877,1615,-,338,338,-,808,808,1146,-,129,129,-,206,206,335,738,467,1205,877,1014,1891,3096
TOTAL,2392,-,2392,2677,-,2677,5069,-,3587,3587,-,6473,6473,10060,-,708,708,-,787,787,1495,2392,4295,6687,2677,7260,9937,16624
VARIABLE: DIAGNÓSTICO TOPOGRÁFICO DE LA LESIÓN,,,,,,,,,,,,,,,,,,,,,,,,,,,,
Piel y faneras,109,-,109,98,-,98,207,-,91,91,-,193,193,284,-,14,14,-,25,25,39,109,105,214,98,218,316,530
Politraumatismo,1015,-,1015,1091,-,1091,2106,-,2061,2061,-,3713,3713,5774,-,344,344,-,304,304,648,1015,2405,3420,1091,4017,5108,8528
Trauma área pélvica,16,-,16,50,-,50,66,-,5,5,-,12,12,17,-,-,-,-,2,2,2,16,5,21,50,14,64,85
Trauma craneano,34,-,34,39,-,39,73,-,77,77,-,76,76,153,-,16,16,-,13,13,29,34,93,127,39,89,128,255
Trauma de abdomen,6,-,6,13,-,13,19,-,7,7,-,20,20,27,-,-,-,-,2,2,2,6,7,13,13,22,35,48
Trauma de cuello,22,-,22,14,-,14,36,-,35,35,-,42,42,77,-,5,5,-,1,1,6,22,40,62,14,43,57,119
Trauma de miembros,237,-,237,307,-,307,544,-,375,375,-,778,778,1153,-,86,86,-,150,150,236,237,461,698,307,928,1235,1933
Trauma de tórax,65,-,65,35,-,35,100,-,107,107,-,98,98,205,-,21,21,-,18,18,39,65,128,193,35,116,151,344
Trauma facial,176,-,176,194,-,194,370,-,521,521,-,755,755,1276,-,93,93,-,65,65,158,176,614,790,194,820,1014,1804
Por determinar,712,-,712,836,-,836,1548,-,308,308,-,786,786,1094,-,129,129,-,207,207,336,712,437,1149,836,993,1829,2978
TOTAL,2392,-,2392,2677,-,2677,5069,-,3587,3587,-,6473,6473,10060,-,708,708,-,787,787,1495,2392,4295,6687,2677,7260,9937,16624
VARIABLE: DÍAS DE INCAPACIDAD MÉDICO LEGAL,,,,,,,,,,,,,,,,,,,,,,,,,,,,
Cero días y Sin información,750,-,750,903,-,903,1653,-,360,360,-,847,847,1207,-,139,139,-,212,212,351,750,499,1249,903,1059,1962,3211
1 a 30,1622,-,1622,1758,-,1758,3380,-,3059,3059,-,5520,5520,8579,-,544,544,-,557,557,1101,1622,3603,5225,1758,6077,7835,13060
31 a 90,20,-,20,14,-,14,34,-,163,163,-,105,105,268,-,25,25,-,18,18,43,20,188,208,14,123,137,345
Más de 90,-,-,-,2,-,2,2,-,5,5,-,1,1,6,-,-,-,-,-,-,-,0,5,5,2,1,3,8
TOTAL,2392,-,2392,2677,-,2677,5069,-,3587,3587,-,6473,6473,10060,-,708,708,-,787,787,1495,2392,4295,6687,2677,7260,9937,16624
VARIABLE: PAÍS DE NACIMIENTO DE LA VÍCTIMA,,,,,,,,,,,,,,,,,,,,,,,,,,,,
Argentina,-,-,-,-,-,-,-,-,-,-,-,-,-,-,-,1,1,-,-,-,1,0,1,1,0,0,0,1
Colombia,2284,-,2284,2589,-,2589,4873,-,3536,3536,-,6328,6328,9864,-,702,702,-,785,785,1487,2284,4238,6522,2589,7113,9702,16224
Cuba,-,-,-,-,-,-,-,-,-,-,-,1,1,1,-,1,1,-,-,-,1,0,1,1,0,1,1,2
Ecuador,1,-,1,1,-,1,2,-,-,-,-,2,2,2,-,2,2,-,1,1,3,1,2,3,1,3,4,7
España,1,-,1,-,-,-,1,-,-,-,-,-,-,-,-,-,-,-,-,-,-,1,0,1,0,0,0,1
Estados Unidos,2,-,2,-,-,-,2,-,3,3,-,-,-,3,-,-,-,-,-,-,-,2,3,5,0,0,0,5
Panamá,1,-,1,-,-,-,1,-,-,-,-,-,-,-,-,-,-,-,-,-,-,1,0,1,0,0,0,1
Polonia,-,-,-,-,-,-,-,-,1,1,-,-,-,1,-,-,-,-,-,-,-,0,1,1,0,0,0,1
Uruguay,-,-,-,-,-,-,-,-,1,1,-,-,-,1,-,-,-,-,-,-,-,0,1,1,0,0,0,1
Venezuela,99,-,99,86,-,86,185,-,44,44,-,142,142,186,-,2,2,-,1,1,3,99,46,145,86,143,229,374
Sin Información,4,-,4,1,-,1,5,-,2,2,-,-,-,2,-,-,-,-,-,-,-,4,2,6,1,0,1,7
TOTAL,2392,-,2392,2677,-,2677,5069,-,3587,3587,-,6473,6473,10060,-,708,708,-,787,787,1495,2392,4295,6687,2677,7260,9937,16624
VARIABLE: ESCENARIO DEL HECHO,,,,,,,,,,,,,,,,,,,,,,,,,,,,
Ambulancia - Transporte Sanitario,-,-,-,1,-,1,1,-,-,-,-,-,-,-,-,-,-,-,-,-,-,0,0,0,1,0,1,1
Áreas Deportivas y/o Recreativas,6,-,6,6,-,6,12,-,12,12,-,10,10,22,-,-,-,-,1,1,1,6,12,18,6,11,17,35
"Calle (Autopista, Avenida, Dentro de La Ciudad)",153,-,153,166,-,166,319,-,454,454,-,582,582,1036,-,41,41,-,37,37,78,153,495,648,166,619,785,1433
Carretera (Fuera de La Ciudad),7,-,7,7,-,7,14,-,38,38,-,18,18,56,-,4,4,-,2,2,6,7,42,49,7,20,27,76
"Centro de Atención Médica (Hospital, Clínica, Consultorio, Etc)",-,-,-,-,-,-,-,-,4,4,-,7,7,11,-,-,-,-,2,2,2,0,4,4,0,9,9,13
Centros de Reclusión,1,-,1,-,-,-,1,-,-,-,-,-,-,-,-,-,-,-,-,-,-,1,0,1,0,0,0,1
Centros Educativos,6,-,6,6,-,6,12,-,2,2,-,1,1,3,-,-,-,-,-,-,-,6,2,8,6,1,7,15
"Espacios Acuáticos al Aire Libre (Mar, Río, Arroyo, Humedal, Lago, Etc)",1,-,1,1,-,1,2,-,1,1,-,2,2,3,-,-,-,-,-,-,-,1,1,2,1,2,3,5
"Espacios Terrestres al Aire Libre (Bosque, Potrero, Montaña, Playa, Etc)",5,-,5,7,-,7,12,-,16,16,-,12,12,28,-,4,4,-,1,1,5,5,20,25,7,13,20,45
"Establecimiento Comercial (Tienda, Centro Comercial, Almacén, Plaza de Mercado)",10,-,10,15,-,15,25,-,41,41,-,62,62,103,-,3,3,-,4,4,7,10,44,54,15,66,81,135
"Establecimiento Industrial (Fábrica, Planta) y/o Obras en Construcción",-,-,-,-,-,-,-,-,-,-,-,1,1,1,-,-,-,-,-,-,-,0,0,0,0,1,1,1
"Establecimientos de Expendio de Comidas (Restaurantes, Asaderos, Salsamentarias, Etc)",-,-,-,2,-,2,2,-,2,2,-,8,8,10,-,4,4,-,-,-,4,0,6,6,2,8,10,16
"Establecimientos Dedicados a la Administración Pública (Cortes, Juzgados, Ministerios, Etc)",-,-,-,-,-,-,-,-,-,-,-,2,2,2,-,1,1,-,-,-,1,0,1,1,0,2,2,3
Estaciones de Servicio (Bombas de Gasolina),-,-,-,-,-,-,-,-,1,1,-,2,2,3,-,-,-,-,1,1,1,0,1,1,0,3,3,4
Guarniciones Militares y/o de Policía,2,-,2,-,-,-,2,-,1,1,-,2,2,3,-,-,-,-,-,-,-,2,1,3,0,2,2,5
"Lugares de Actividades Culturales (Cines, Teatros, Museos, Bibliotecas, Etc)",1,-,1,-,-,-,1,-,3,3,-,5,5,8,-,-,-,-,-,-,-,1,3,4,0,5,5,9
"Lugares de Cuidado de Personas (Hospicios, Orfelinatos, Hogares Geriatricos, Etc)",4,-,4,2,-,2,6,-,-,-,-,3,3,3,-,-,-,-,1,1,1,4,0,4,2,4,6,10
Lugares de Esparcimiento con Expendio de Alcohol,1,-,1,3,-,3,4,-,26,26,-,26,26,52,-,-,-,-,1,1,1,1,26,27,3,27,30,57
"Lugares de Hospedaje (Hoteles, Campamentos Y Otros Tipos de Hospedaje No Permanente, Moteles, Etc)",64,-,64,61,-,61,125,-,49,49,-,104,104,153,-,10,10,-,15,15,25,64,59,123,61,119,180,303
Oficinas y/o Edificios de Oficinas,1,-,1,-,-,-,1,-,3,3,-,9,9,12,-,-,-,-,1,1,1,1,3,4,0,10,10,14
"Parqueaderos, Estacionamientos",-,-,-,-,-,-,-,-,5,5,-,9,9,14,-,-,-,-,-,-,-,0,5,5,0,9,9,14
"Sitio de Culto (Capilla, Iglesia, Templo, Etc)",-,-,-,1,-,1,1,-,1,1,-,2,2,3,-,-,-,-,-,-,-,0,1,1,1,2,3,4
Taller,1,-,1,-,-,-,1,-,2,2,-,4,4,6,-,1,1,-,-,-,1,1,3,4,0,4,4,8
Terminales de Pasajeros,-,-,-,2,-,2,2,-,-,-,-,-,-,-,-,-,-,-,-,-,-,0,0,0,2,0,2,2
Terreno Baldío,2,-,2,1,-,1,3,-,-,-,-,1,1,1,-,-,-,-,-,-,-,2,0,2,1,1,2,4
Vehículo Servicio Particular,1,-,1,3,-,3,4,-,1,1,-,1,1,2,-,-,-,-,-,-,-,1,1,2,3,1,4,6
Vía Pública,61,-,61,74,-,74,135,-,292,292,-,361,361,653,-,32,32,-,16,16,48,61,324,385,74,377,451,836
Vivienda,2031,-,2031,2285,-,2285,4316,-,2604,2604,-,5201,5201,7805,-,604,604,-,703,703,1307,2031,3208,5239,2285,5904,8189,13428
Zonas de Actividades Agropecuarias,-,-,-,1,-,1,1,-,4,4,-,2,2,6,-,-,-,-,1,1,1,0,4,4,1,3,4,8
Otros,5,-,5,2,-,2,7,-,20,20,-,25,25,45,-,1,1,-,-,-,1,5,21,26,2,25,27,53
Sin Información,29,-,29,31,-,31,60,-,5,5,-,11,11,16,-,3,3,-,1,1,4,29,8,37,31,12,43,80
TOTAL,2392,-,2392,2677,-,2677,5069,-,3587,3587,-,6473,6473,10060,-,708,708,-,787,787,1495,2392,4295,6687,2677,7260,9937,16624
VARIABLE: ZONA DEL HECHO,,,,,,,,,,,,,,,,,,,,,,,,,,,,
Cabecera municipal,2092,-,2092,2306,-,2306,4398,-,3172,3172,-,5816,5816,8988,-,617,617,-,702,702,1319,2092,3789,5881,2306,6518,8824,14705
"Centro poblado (corregimiento, inspección de policía y caserío) ",104,-,104,106,-,106,210,-,92,92,-,198,198,290,-,24,24,-,19,19,43,104,116,220,106,217,323,543
Parte rural (vereda y campo),189,-,189,256,-,256,445,-,309,309,-,451,451,760,-,66,66,-,63,63,129,189,375,564,256,514,770,1334
Sin información,7,-,7,9,-,9,16,-,14,14,-,8,8,22,-,1,1,-,3,3,4,7,15,22,9,11,20,42
TOTAL,2392,-,2392,2677,-,2677,5069,-,3587,3587,-,6473,6473,10060,-,708,708,-,787,787,1495,2392,4295,6687,2677,7260,9937,16624
VARIABLE: MES DEL HECHO,,,,,,,,,,,,,,,,,,,,,,,,,,,,
enero,246,-,246,270,-,270,516,-,463,463,-,789,789,1252,-,87,87,-,114,114,201,246,550,796,270,903,1173,1969
febrero,311,-,311,361,-,361,672,-,400,400,-,769,769,1169,-,83,83,-,104,104,187,311,483,794,361,873,1234,2028
marzo,244,-,244,241,-,241,485,-,323,323,-,561,561,884,-,64,64,-,64,64,128,244,387,631,241,625,866,1497
abril,155,-,155,135,-,135,290,-,204,204,-,380,380,584,-,37,37,-,29,29,66,155,241,396,135,409,544,940
mayo,188,-,188,225,-,225,413,-,303,303,-,546,546,849,-,53,53,-,72,72,125,188,356,544,225,618,843,1387
junio,166,-,166,200,-,200,366,-,255,255,-,464,464,719,-,52,52,-,48,48,100,166,307,473,200,512,712,1185
julio,169,-,169,216,-,216,385,-,251,251,-,466,466,717,-,53,53,-,57,57,110,169,304,473,216,523,739,1212
agosto,185,-,185,230,-,230,415,-,278,278,-,529,529,807,-,53,53,-,64,64,117,185,331,516,230,593,823,1339
septiembre,191,-,191,217,-,217,408,-,280,280,-,550,550,830,-,57,57,-,52,52,109,191,337,528,217,602,819,1347
octubre,219,-,219,220,-,220,439,-,296,296,-,505,505,801,-,64,64,-,69,69,133,219,360,579,220,574,794,1373
noviembre,188,-,188,190,-,190,378,-,284,284,-,499,499,783,-,44,44,-,65,65,109,188,328,516,190,564,754,1270
diciembre,130,-,130,172,-,172,302,-,250,250,-,415,415,665,-,61,61,-,49,49,110,130,311,441,172,464,636,1077
TOTAL,2392,-,2392,2677,-,2677,5069,-,3587,3587,-,6473,6473,10060,-,708,708,-,787,787,1495,2392,4295,6687,2677,7260,9937,16624
VARIABLE: DÍA DEL HECHO,,,,,,,,,,,,,,,,,,,,,,,,,,,,
lunes,380,-,380,442,-,442,822,-,490,490,-,930,930,1420,-,76,76,-,114,114,190,380,566,946,442,1044,1486,2432
martes,352,-,352,427,-,427,779,-,419,419,-,824,824,1243,-,103,103,-,91,91,194,352,522,874,427,915,1342,2216
miércoles,343,-,343,383,-,383,726,-,471,471,-,932,932,1403,-,85,85,-,106,106,191,343,556,899,383,1038,1421,2320
jueves,313,-,313,289,-,289,602,-,386,386,-,795,795,1181,-,90,90,-,108,108,198,313,476,789,289,903,1192,1981
viernes,315,-,315,331,-,331,646,-,400,400,-,792,792,1192,-,97,97,-,102,102,199,315,497,812,331,894,1225,2037
sábado,293,-,293,337,-,337,630,-,534,534,-,903,903,1437,-,119,119,-,112,112,231,293,653,946,337,1015,1352,2298
domingo,396,-,396,468,-,468,864,-,887,887,-,1297,1297,2184,-,138,138,-,154,154,292,396,1025,1421,468,1451,1919,3340
TOTAL,2392,-,2392,2677,-,2677,5069,-,3587,3587,-,6473,6473,10060,-,708,708,-,787,787,1495,2392,4295,6687,2677,7260,9937,16624
VARIABLE: RANGO DE HORA DEL HECHO (X 3 HORAS),,,,,,,,,,,,,,,,,,,,,,,,,,,,
(00:00 a 02:59),48,-,48,101,-,101,149,-,208,208,-,266,266,474,-,22,22,-,17,17,39,48,230,278,101,283,384,662
(03:00 a 05:59),38,-,38,55,-,55,93,-,133,133,-,215,215,348,-,16,16,-,18,18,34,38,149,187,55,233,288,475
(06:00 a 08:59),161,-,161,154,-,154,315,-,286,286,-,480,480,766,-,80,80,-,78,78,158,161,366,527,154,558,712,1239
(09:00 a 11:59),334,-,334,371,-,371,705,-,555,555,-,1110,1110,1665,-,127,127,-,155,155,282,334,682,1016,371,1265,1636,2652
(12:00 a 14:59),331,-,331,372,-,372,703,-,508,508,-,967,967,1475,-,102,102,-,112,112,214,331,610,941,372,1079,1451,2392
(15:00 a 17:59),347,-,347,404,-,404,751,-,533,533,-,1118,1118,1651,-,122,122,-,132,132,254,347,655,1002,404,1250,1654,2656
(18:00 a 20:59),429,-,429,475,-,475,904,-,710,710,-,1283,1283,1993,-,148,148,-,132,132,280,429,858,1287,475,1415,1890,3177
(21:00 a 23:59),244,-,244,271,-,271,515,-,504,504,-,782,782,1286,-,65,65,-,89,89,154,244,569,813,271,871,1142,1955
Sin información,460,-,460,474,-,474,934,-,150,150,-,252,252,402,-,26,26,-,54,54,80,460,176,636,474,306,780,1416
TOTAL,2392,-,2392,2677,-,2677,5069,-,3587,3587,-,6473,6473,10060,-,708,708,-,787,787,1495,2392,4295,6687,2677,7260,9937,16624
VIF: Violencia Intrafamiliar,,,,,,,,,,,,,,,,,,,,,,,,,,,,
"Violencia contra niños, niñas y adolescentes: se incluyen los grupos de edad comprendidos entre los 00 a 17 años",,,,,,,,,,,,,,,,,,,,,,,,,,,,
Violencia entre otros familiares: se incluyen los grupos de edad comprendidos entre los 18 a 59 años,,,,,,,,,,,,,,,,,,,,,,,,,,,,
Violencia contra el adulto mayor: se incluyen los grupos de edad mayores de 60 años,,,,,,,,,,,,,,,,,,,,,,,,,,,,
"No aplica ""Estado conyugal"": Corresponde a los menores de 10 años los cuales por su corta edad no es posible categorizarlos dentro de esta variable",,,,,,,,,,,,,,,,,,,,,,,,,,,,
"Circunstancia del hecho: para el contexto de Violencia Intrafamiliar es catalogada como la variable ""Factor desencadenante de la agresión""",,,,,,,,,,,,,,,,,,,,,,,,,,,,
FUENTE: Instituto Nacional de Medicina Legal y Ciencias Forenses - INMLCF,,,,,,,,,,,,,,,,,,,,,,,,,,,,
Grupo: Centro de Referencia Nacional sobre Violencia - GCRNV,,,,,,,,,,,,,,,,,,,,,,,,,,,,
2020: Base: Sistema de Información de Clínica y Odontología Forense - SICLICO ,,,,,,,,,,,,,,,,,,,,,,,,,,,,
