CÓDIGOS DIVIPOLA;(00 a 04);(05 a 09);(10 a 14);(15 a 17);(18 a 19);(20 a 24);(25 a 29);(30 a 34);(35 a 39);(40 a 44);(45 a 49);(50 a 54);(55 a 59);(60 a 64);(65 a 69);(70 a 74);(75 a 79);(80 y más);TOTAL
91405; -   ; -   ; -   ; -   ; 1 ; -   ; -   ; -   ; -   ; -   ; -   ; -   ; -   ; -   ; -   ; -   ; -   ; -   ; 1 
91001; -   ; -   ; -   ; -   ; -   ; 1 ; 1 ; 2 ; 1 ; 3 ; 3 ; -   ; -   ; 1 ; -   ; -   ; -   ; -   ; 12 
5002; -   ; -   ; -   ; -   ; -   ; 2 ; -   ; 2 ; -   ; -   ; -   ; -   ; -   ; 1 ; -   ; -   ; -   ; -   ; 5 
5030; -   ; -   ; -   ; 1 ; 2 ; 3 ; 4 ; 3 ; 1 ; 2 ; 1 ; -   ; -   ; 1 ; -   ; -   ; -   ; -   ; 18 
5031; -   ; -   ; -   ; -   ; -   ; -   ; 1 ; 2 ; 1 ; 1 ; -   ; 1 ; -   ; -   ; -   ; -   ; -   ; -   ; 6 
5034; -   ; -   ; 1 ; 3 ; 2 ; 6 ; 12 ; 4 ; 2 ; 3 ; 3 ; 2 ; 2 ; -   ; 1 ; -   ; -   ; -   ; 41 
5036; -   ; -   ; -   ; -   ; -   ; -   ; -   ; 1 ; 2 ; 1 ; -   ; -   ; 2 ; -   ; -   ; -   ; -   ; -   ; 6 
5038; -   ; -   ; -   ; -   ; 1 ; 2 ; 1 ; -   ; 1 ; -   ; 1 ; -   ; -   ; 1 ; -   ; -   ; -   ; -   ; 7 
5040; -   ; -   ; 1 ; -   ; 2 ; 6 ; 2 ; 3 ; 2 ; 3 ; 1 ; -   ; -   ; -   ; -   ; -   ; -   ; -   ; 20 
5044; -   ; -   ; -   ; -   ; -   ; -   ; -   ; -   ; -   ; 2 ; -   ; -   ; -   ; -   ; -   ; -   ; -   ; -   ; 2 
5045; -   ; -   ; -   ; 1 ; -   ; 4 ; 2 ; 2 ; 1 ; 2 ; 1 ; -   ; -   ; 1 ; -   ; -   ; -   ; -   ; 14 
5051; -   ; -   ; -   ; -   ; -   ; 1 ; -   ; -   ; -   ; -   ; -   ; -   ; -   ; -   ; -   ; -   ; -   ; -   ; 1 
5055; -   ; -   ; -   ; -   ; 1 ; -   ; -   ; -   ; -   ; 1 ; -   ; -   ; -   ; -   ; -   ; -   ; -   ; -   ; 2 
5059; -   ; -   ; -   ; -   ; -   ; -   ; -   ; -   ; -   ; -   ; -   ; -   ; -   ; -   ; 1 ; -   ; -   ; -   ; 1 
5079; -   ; -   ; 1 ; 1 ; 1 ; 7 ; 4 ; 5 ; 4 ; 3 ; 1 ; 2 ; 2 ; -   ; -   ; -   ; -   ; -   ; 31 
5088; -   ; -   ; -   ; 6 ; 6 ; 17 ; 36 ; 24 ; 8 ; 6 ; 2 ; 4 ; 1 ; 1 ; 1 ; -   ; 1 ; -   ; 113 
5086; -   ; -   ; -   ; 1 ; -   ; -   ; -   ; -   ; -   ; -   ; -   ; -   ; -   ; -   ; -   ; -   ; -   ; -   ; 1 
5091; -   ; -   ; -   ; 1 ; 4 ; 9 ; 6 ; 5 ; 4 ; 2 ; 3 ; 2 ; 1 ; 1 ; 1 ; -   ; -   ; -   ; 39 
5093; -   ; -   ; -   ; -   ; -   ; 1 ; 4 ; 4 ; 4 ; 1 ; 2 ; -   ; -   ; -   ; -   ; -   ; -   ; -   ; 16 
5107; -   ; -   ; -   ; -   ; -   ; 1 ; 1 ; 1 ; -   ; -   ; -   ; -   ; -   ; -   ; -   ; -   ; -   ; -   ; 3 
5113; -   ; -   ; -   ; -   ; -   ; -   ; -   ; 1 ; 1 ; -   ; -   ; -   ; -   ; -   ; -   ; -   ; -   ; -   ; 2 
5120; -   ; -   ; -   ; 4 ; 1 ; 11 ; 9 ; 5 ; 5 ; 10 ; 4 ; 6 ; 2 ; 3 ; -   ; 2 ; -   ; -   ; 62 
5129; -   ; -   ; -   ; -   ; -   ; 2 ; 2 ; 3 ; 3 ; 1 ; 2 ; 2 ; -   ; -   ; -   ; 1 ; -   ; -   ; 16 
5134; -   ; -   ; -   ; 1 ; -   ; -   ; 1 ; -   ; 1 ; -   ; -   ; 1 ; -   ; -   ; -   ; -   ; -   ; -   ; 4 
5138; -   ; -   ; -   ; -   ; -   ; 2 ; 2 ; 3 ; 1 ; -   ; -   ; -   ; -   ; -   ; -   ; -   ; -   ; -   ; 8 
5147; -   ; -   ; -   ; 1 ; 2 ; 2 ; 1 ; 1 ; -   ; -   ; -   ; 1 ; 1 ; -   ; -   ; -   ; -   ; -   ; 9 
5154; -   ; -   ; 1 ; 7 ; 3 ; 18 ; 13 ; 13 ; 9 ; 6 ; 5 ; 3 ; 3 ; -   ; 1 ; -   ; 1 ; -   ; 83 
5172; 1 ; 1 ; -   ; 1 ; 4 ; 10 ; 5 ; 3 ; 4 ; -   ; 1 ; 2 ; 1 ; -   ; -   ; -   ; -   ; -   ; 33 
5190; -   ; -   ; -   ; -   ; -   ; 1 ; -   ; -   ; -   ; -   ; -   ; -   ; -   ; -   ; -   ; -   ; -   ; -   ; 1 
5101; -   ; -   ; 1 ; 4 ; 3 ; 10 ; 10 ; 7 ; 4 ; 2 ; 1 ; -   ; 2 ; 1 ; -   ; -   ; -   ; -   ; 45 
5197; -   ; -   ; -   ; -   ; -   ; -   ; -   ; -   ; 1 ; 2 ; -   ; -   ; -   ; -   ; -   ; -   ; -   ; -   ; 3 
5206; -   ; -   ; -   ; -   ; -   ; 1 ; -   ; 1 ; -   ; -   ; -   ; -   ; -   ; -   ; -   ; -   ; -   ; -   ; 2 
5209; -   ; -   ; -   ; 1 ; 2 ; 2 ; -   ; -   ; -   ; 2 ; 1 ; 1 ; 1 ; -   ; -   ; -   ; -   ; -   ; 10 
5212; -   ; -   ; -   ; -   ; 2 ; 4 ; 7 ; 3 ; 3 ; -   ; -   ; -   ; -   ; -   ; -   ; -   ; -   ; -   ; 19 
5234; -   ; -   ; -   ; -   ; 2 ; 5 ; 2 ; 4 ; 1 ; 1 ; -   ; -   ; -   ; -   ; -   ; -   ; -   ; -   ; 15 
5237; -   ; -   ; -   ; -   ; 1 ; 1 ; -   ; -   ; -   ; -   ; -   ; -   ; -   ; -   ; -   ; -   ; -   ; -   ; 2 
5240; -   ; -   ; -   ; -   ; -   ; -   ; -   ; 3 ; -   ; 1 ; -   ; -   ; 2 ; -   ; -   ; -   ; -   ; -   ; 6 
5250; -   ; -   ; 1 ; -   ; 1 ; 6 ; 4 ; -   ; 1 ; -   ; -   ; -   ; 1 ; 1 ; -   ; -   ; -   ; -   ; 15 
5148; -   ; -   ; -   ; -   ; 1 ; 6 ; 5 ; 3 ; -   ; 2 ; 1 ; 1 ; 1 ; 1 ; -   ; -   ; 1 ; -   ; 22 
5697; -   ; -   ; -   ; -   ; -   ; 1 ; 2 ; -   ; 1 ; -   ; -   ; -   ; 1 ; 1 ; -   ; -   ; -   ; -   ; 6 
5266; -   ; -   ; -   ; -   ; -   ; 3 ; 1 ; 2 ; 1 ; -   ; -   ; -   ; -   ; -   ; -   ; -   ; -   ; -   ; 7 
5282; -   ; -   ; -   ; 1 ; -   ; 1 ; 1 ; 2 ; 2 ; -   ; -   ; -   ; -   ; -   ; -   ; -   ; -   ; -   ; 7 
5284; -   ; -   ; 1 ; -   ; 2 ; -   ; 1 ; 2 ; -   ; -   ; -   ; -   ; -   ; 1 ; -   ; -   ; -   ; -   ; 7 
5306; -   ; -   ; -   ; -   ; -   ; -   ; 1 ; -   ; -   ; -   ; -   ; -   ; -   ; -   ; -   ; -   ; -   ; -   ; 1 
5308; -   ; -   ; -   ; -   ; 1 ; 1 ; 3 ; 2 ; 1 ; -   ; 1 ; 1 ; 1 ; -   ; 1 ; -   ; -   ; -   ; 12 
5310; -   ; -   ; -   ; -   ; -   ; 1 ; 1 ; -   ; -   ; -   ; 1 ; -   ; -   ; -   ; -   ; -   ; -   ; -   ; 3 
5315; -   ; -   ; -   ; -   ; -   ; -   ; -   ; -   ; -   ; 1 ; -   ; -   ; -   ; -   ; -   ; -   ; -   ; -   ; 1 
5318; -   ; -   ; -   ; -   ; -   ; 3 ; 3 ; 1 ; -   ; -   ; -   ; 2 ; -   ; -   ; -   ; -   ; -   ; -   ; 9 
5321; -   ; -   ; -   ; -   ; -   ; -   ; -   ; -   ; -   ; -   ; -   ; 1 ; -   ; 1 ; -   ; 1 ; -   ; -   ; 3 
5347; -   ; -   ; -   ; -   ; -   ; -   ; 1 ; 1 ; 1 ; -   ; -   ; 2 ; -   ; -   ; -   ; -   ; -   ; -   ; 5 
5353; -   ; -   ; -   ; -   ; -   ; 1 ; 1 ; -   ; -   ; -   ; -   ; -   ; -   ; 2 ; -   ; -   ; -   ; -   ; 4 
5360; -   ; -   ; -   ; 3 ; 2 ; 12 ; 13 ; 3 ; 4 ; 2 ; 4 ; -   ; 2 ; -   ; -   ; -   ; -   ; -   ; 45 
5361; -   ; -   ; 1 ; 2 ; 4 ; 12 ; 13 ; 3 ; 8 ; 3 ; 1 ; -   ; 1 ; -   ; -   ; -   ; 1 ; -   ; 49 
5364; -   ; -   ; -   ; -   ; -   ; 1 ; 2 ; 1 ; 1 ; 1 ; -   ; -   ; -   ; -   ; -   ; -   ; -   ; -   ; 6 
5368; -   ; -   ; -   ; -   ; -   ; -   ; 2 ; 1 ; -   ; -   ; -   ; -   ; 2 ; -   ; -   ; -   ; -   ; -   ; 5 
5376; -   ; -   ; -   ; 1 ; -   ; -   ; 1 ; 1 ; -   ; -   ; -   ; -   ; -   ; 1 ; -   ; -   ; -   ; -   ; 4 
5380; -   ; -   ; -   ; 1 ; 2 ; 3 ; 1 ; 2 ; 2 ; -   ; -   ; -   ; -   ; -   ; -   ; 1 ; -   ; -   ; 12 
5390; -   ; -   ; -   ; -   ; -   ; 1 ; 1 ; 1 ; 1 ; -   ; -   ; -   ; -   ; -   ; -   ; -   ; -   ; -   ; 4 
5400; -   ; -   ; -   ; -   ; -   ; -   ; -   ; -   ; -   ; 1 ; -   ; -   ; -   ; -   ; -   ; -   ; -   ; -   ; 1 
5411; -   ; -   ; 1 ; -   ; -   ; -   ; -   ; 1 ; -   ; -   ; -   ; -   ; -   ; -   ; -   ; -   ; -   ; -   ; 2 
5425; -   ; -   ; -   ; -   ; -   ; -   ; 1 ; 2 ; 1 ; -   ; -   ; -   ; -   ; -   ; -   ; -   ; -   ; -   ; 4 
5440; -   ; -   ; -   ; -   ; -   ; 2 ; 1 ; -   ; 1 ; 1 ; -   ; 1 ; -   ; 1 ; -   ; -   ; -   ; -   ; 7 
5001; -   ; -   ; -   ; 22 ; 18 ; 73 ; 65 ; 57 ; 42 ; 24 ; 26 ; 15 ; 9 ; 6 ; 4 ; 3 ; 1 ; 3 ; 368 
5475; -   ; -   ; -   ; -   ; -   ; 1 ; -   ; 1 ; 1 ; -   ; -   ; -   ; -   ; -   ; -   ; -   ; -   ; -   ; 3 
5480; -   ; -   ; -   ; -   ; -   ; 1 ; 1 ; 2 ; 1 ; -   ; 2 ; -   ; 1 ; -   ; -   ; -   ; -   ; -   ; 8 
5483; -   ; -   ; -   ; -   ; -   ; -   ; 1 ; -   ; -   ; -   ; -   ; -   ; -   ; -   ; -   ; -   ; -   ; -   ; 1 
5495; -   ; -   ; -   ; -   ; 1 ; 2 ; 1 ; 1 ; -   ; 3 ; 1 ; -   ; 1 ; -   ; -   ; -   ; -   ; -   ; 10 
5490; -   ; -   ; -   ; -   ; -   ; -   ; 1 ; 1 ; -   ; 2 ; -   ; -   ; -   ; -   ; -   ; -   ; -   ; -   ; 4 
5501; -   ; -   ; -   ; -   ; -   ; -   ; -   ; -   ; 1 ; 1 ; -   ; -   ; -   ; -   ; -   ; -   ; -   ; -   ; 2 
5541; -   ; -   ; -   ; -   ; 3 ; 1 ; -   ; 1 ; 1 ; -   ; -   ; -   ; 1 ; -   ; -   ; -   ; -   ; -   ; 7 
5543; -   ; -   ; -   ; -   ; -   ; 2 ; -   ; -   ; -   ; -   ; -   ; -   ; -   ; -   ; -   ; -   ; -   ; -   ; 2 
5576; -   ; -   ; -   ; -   ; 1 ; -   ; -   ; 1 ; 1 ; -   ; -   ; -   ; -   ; -   ; -   ; -   ; -   ; -   ; 3 
5579; -   ; -   ; -   ; 4 ; 3 ; 11 ; 8 ; 1 ; 1 ; 2 ; 1 ; 1 ; -   ; -   ; -   ; -   ; -   ; -   ; 32 
5585; -   ; -   ; -   ; -   ; 1 ; 1 ; -   ; -   ; -   ; -   ; -   ; -   ; -   ; -   ; -   ; -   ; -   ; -   ; 2 
5591; -   ; -   ; 1 ; -   ; -   ; 3 ; 1 ; 3 ; -   ; 1 ; -   ; -   ; -   ; -   ; -   ; -   ; -   ; -   ; 9 
5604; -   ; -   ; -   ; 2 ; 7 ; 10 ; 1 ; 3 ; -   ; 4 ; 1 ; -   ; 1 ; -   ; -   ; -   ; -   ; -   ; 29 
5607; -   ; -   ; -   ; -   ; -   ; -   ; 1 ; -   ; -   ; -   ; -   ; -   ; -   ; -   ; -   ; -   ; -   ; -   ; 1 
5615; 1 ; -   ; -   ; -   ; 1 ; 3 ; 5 ; -   ; 5 ; 1 ; 1 ; 1 ; -   ; -   ; 1 ; -   ; -   ; -   ; 19 
5628; -   ; -   ; -   ; -   ; -   ; 2 ; -   ; -   ; -   ; -   ; 1 ; -   ; -   ; -   ; -   ; -   ; -   ; -   ; 3 
5631; -   ; -   ; -   ; -   ; -   ; -   ; -   ; -   ; -   ; 1 ; -   ; -   ; -   ; -   ; -   ; -   ; -   ; -   ; 1 
5642; -   ; -   ; 1 ; 2 ; -   ; 3 ; 2 ; 2 ; 3 ; 2 ; -   ; 1 ; -   ; 3 ; -   ; -   ; -   ; -   ; 19 
5647; -   ; -   ; -   ; -   ; -   ; 1 ; 1 ; -   ; 1 ; 1 ; -   ; -   ; -   ; -   ; -   ; -   ; -   ; -   ; 4 
5649; -   ; -   ; -   ; -   ; 1 ; 2 ; -   ; 3 ; -   ; 1 ; -   ; 1 ; -   ; -   ; -   ; -   ; -   ; -   ; 8 
5652; -   ; -   ; -   ; -   ; -   ; -   ; -   ; 1 ; -   ; 1 ; 2 ; -   ; -   ; -   ; -   ; -   ; -   ; -   ; 4 
5656; -   ; -   ; -   ; -   ; -   ; -   ; 1 ; 1 ; -   ; -   ; -   ; 1 ; -   ; -   ; -   ; -   ; -   ; -   ; 3 
5659; -   ; -   ; -   ; -   ; -   ; -   ; -   ; 1 ; -   ; -   ; -   ; -   ; -   ; -   ; -   ; -   ; -   ; -   ; 1 
5660; -   ; -   ; -   ; -   ; -   ; 1 ; 1 ; 2 ; 1 ; -   ; 2 ; -   ; -   ; -   ; -   ; -   ; -   ; -   ; 7 
5664; -   ; -   ; 1 ; -   ; 1 ; -   ; 1 ; 2 ; -   ; 1 ; 1 ; 1 ; 1 ; -   ; -   ; -   ; -   ; -   ; 9 
5667; -   ; -   ; -   ; -   ; -   ; 4 ; -   ; -   ; -   ; -   ; 1 ; -   ; -   ; 1 ; -   ; 1 ; -   ; -   ; 7 
5670; -   ; -   ; -   ; 1 ; -   ; 3 ; 1 ; 2 ; -   ; -   ; 2 ; -   ; -   ; -   ; -   ; -   ; -   ; -   ; 9 
5674; -   ; -   ; -   ; -   ; -   ; -   ; -   ; -   ; 1 ; 1 ; -   ; 1 ; -   ; 1 ; -   ; -   ; -   ; -   ; 4 
5679; -   ; -   ; -   ; -   ; 1 ; 2 ; -   ; 1 ; 2 ; 1 ; 1 ; -   ; -   ; -   ; 1 ; -   ; -   ; -   ; 9 
5042; -   ; -   ; -   ; -   ; 2 ; -   ; 1 ; 1 ; 1 ; -   ; -   ; -   ; -   ; -   ; 1 ; 1 ; -   ; -   ; 7 
5686; -   ; -   ; -   ; -   ; -   ; 3 ; 1 ; 1 ; -   ; -   ; -   ; -   ; -   ; 1 ; 1 ; -   ; -   ; -   ; 7 
5690; -   ; -   ; -   ; -   ; 1 ; -   ; -   ; 1 ; -   ; -   ; -   ; -   ; -   ; -   ; -   ; 2 ; -   ; -   ; 4 
5736; -   ; -   ; -   ; 3 ; 11 ; 16 ; 5 ; 9 ; 5 ; 4 ; 1 ; 1 ; 1 ; -   ; -   ; -   ; -   ; -   ; 56 
5756; -   ; -   ; -   ; 1 ; -   ; 1 ; 4 ; 2 ; 1 ; 2 ; 1 ; 1 ; -   ; -   ; -   ; 1 ; -   ; -   ; 14 
5761; -   ; -   ; -   ; -   ; -   ; -   ; 2 ; 1 ; -   ; -   ; -   ; -   ; -   ; 1 ; -   ; -   ; -   ; -   ; 4 
5789; -   ; -   ; -   ; -   ; -   ; 1 ; -   ; 1 ; -   ; -   ; -   ; -   ; -   ; -   ; -   ; 1 ; -   ; -   ; 3 
5790; -   ; -   ; -   ; 3 ; 3 ; 14 ; 15 ; 9 ; 8 ; 6 ; 3 ; 2 ; 3 ; 1 ; -   ; -   ; -   ; -   ; 67 
5792; -   ; -   ; -   ; -   ; -   ; -   ; 1 ; 1 ; -   ; -   ; -   ; 1 ; -   ; -   ; -   ; -   ; -   ; -   ; 3 
5809; -   ; -   ; -   ; -   ; -   ; -   ; 1 ; -   ; -   ; -   ; -   ; -   ; -   ; -   ; -   ; -   ; -   ; -   ; 1 
5819; -   ; -   ; -   ; -   ; -   ; -   ; 1 ; -   ; -   ; -   ; -   ; 1 ; 1 ; -   ; -   ; -   ; -   ; -   ; 3 
5837; -   ; 1 ; 1 ; 5 ; 10 ; 9 ; 7 ; 8 ; 4 ; 2 ; 2 ; 2 ; 3 ; 1 ; -   ; 1 ; -   ; -   ; 56 
5842; -   ; -   ; -   ; -   ; 1 ; 1 ; 2 ; -   ; -   ; -   ; -   ; -   ; -   ; 1 ; -   ; -   ; -   ; -   ; 5 
5847; -   ; -   ; -   ; 3 ; 4 ; 2 ; 5 ; 6 ; 3 ; 5 ; -   ; -   ; 2 ; -   ; 1 ; -   ; -   ; -   ; 31 
5854; -   ; -   ; -   ; 1 ; 2 ; 2 ; -   ; -   ; -   ; 1 ; -   ; -   ; -   ; -   ; -   ; 1 ; 1 ; -   ; 8 
5856; -   ; -   ; -   ; -   ; -   ; -   ; -   ; 1 ; -   ; 1 ; -   ; -   ; 1 ; -   ; -   ; -   ; -   ; -   ; 3 
5858; -   ; -   ; -   ; 2 ; 1 ; 2 ; -   ; 1 ; -   ; -   ; -   ; -   ; -   ; -   ; -   ; -   ; -   ; -   ; 6 
5861; -   ; -   ; -   ; 1 ; 2 ; 2 ; 2 ; 1 ; 1 ; -   ; -   ; -   ; -   ; -   ; -   ; -   ; -   ; -   ; 9 
5885; -   ; -   ; -   ; -   ; -   ; 2 ; -   ; 1 ; 2 ; -   ; -   ; 3 ; -   ; -   ; -   ; -   ; -   ; -   ; 8 
5887; -   ; -   ; -   ; 4 ; 4 ; 11 ; 7 ; 8 ; 2 ; 1 ; -   ; 1 ; -   ; -   ; -   ; -   ; -   ; -   ; 38 
5890; -   ; -   ; 1 ; -   ; -   ; 4 ; 1 ; 2 ; 1 ; 1 ; -   ; 1 ; 1 ; -   ; -   ; -   ; -   ; -   ; 12 
5893; -   ; -   ; -   ; -   ; -   ; 4 ; 2 ; 3 ; -   ; 1 ; -   ; -   ; -   ; -   ; -   ; -   ; -   ; -   ; 10 
5895; -   ; -   ; -   ; -   ; 2 ; -   ; 3 ; 3 ; 1 ; -   ; -   ; -   ; -   ; -   ; -   ; -   ; 1 ; -   ; 10 
81001; -   ; -   ; -   ; -   ; 1 ; 8 ; 3 ; 3 ; 4 ; 3 ; -   ; 1 ; 2 ; -   ; -   ; -   ; -   ; -   ; 25 
81065; -   ; -   ; -   ; -   ; 1 ; 3 ; 3 ; 2 ; 1 ; -   ; 1 ; 2 ; -   ; -   ; -   ; -   ; -   ; -   ; 13 
81220; -   ; -   ; -   ; -   ; -   ; -   ; -   ; 1 ; -   ; -   ; -   ; -   ; -   ; -   ; -   ; -   ; -   ; -   ; 1 
81300; -   ; -   ; -   ; -   ; 1 ; 3 ; -   ; 1 ; 2 ; -   ; 1 ; -   ; -   ; -   ; -   ; -   ; -   ; -   ; 8 
81591; -   ; -   ; -   ; -   ; -   ; -   ; -   ; -   ; -   ; 1 ; -   ; -   ; -   ; -   ; -   ; -   ; -   ; -   ; 1 
81736; -   ; -   ; 1 ; 1 ; 1 ; 10 ; 7 ; 4 ; 1 ; 2 ; 2 ; -   ; -   ; -   ; -   ; -   ; 1 ; -   ; 30 
81794; -   ; -   ; -   ; 1 ; 3 ; 4 ; 3 ; 1 ; 1 ; 3 ; 1 ; -   ; -   ; 1 ; -   ; -   ; -   ; -   ; 18 
88001; -   ; -   ; -   ; 2 ; 4 ; 6 ; 8 ; 9 ; 4 ; 2 ; -   ; 2 ; -   ; 1 ; -   ; -   ; -   ; -   ; 38 
8078; -   ; -   ; -   ; -   ; -   ; -   ; -   ; -   ; 1 ; -   ; 1 ; 1 ; -   ; -   ; -   ; -   ; -   ; -   ; 3 
8001; -   ; 1 ; 2 ; 13 ; 24 ; 56 ; 64 ; 41 ; 31 ; 22 ; 18 ; 14 ; 10 ; 3 ; 4 ; -   ; 2 ; -   ; 305 
8137; -   ; -   ; -   ; -   ; -   ; -   ; 1 ; -   ; -   ; -   ; -   ; -   ; -   ; -   ; -   ; -   ; -   ; -   ; 1 
8141; -   ; -   ; -   ; -   ; -   ; -   ; 1 ; -   ; -   ; -   ; -   ; -   ; -   ; -   ; -   ; -   ; -   ; -   ; 1 
8296; -   ; -   ; -   ; -   ; -   ; 1 ; 1 ; 1 ; -   ; -   ; -   ; -   ; -   ; -   ; -   ; -   ; -   ; -   ; 3 
8372; -   ; -   ; -   ; -   ; -   ; 1 ; -   ; -   ; -   ; -   ; -   ; -   ; -   ; -   ; -   ; -   ; -   ; -   ; 1 
8421; -   ; -   ; -   ; -   ; -   ; -   ; 1 ; -   ; -   ; -   ; 1 ; -   ; 1 ; -   ; -   ; -   ; -   ; -   ; 3 
8433; -   ; -   ; -   ; 1 ; 3 ; 8 ; 2 ; 8 ; 3 ; 2 ; 3 ; 1 ; -   ; -   ; -   ; -   ; -   ; -   ; 31 
8520; -   ; -   ; -   ; -   ; -   ; -   ; -   ; 2 ; -   ; -   ; -   ; -   ; -   ; -   ; -   ; -   ; -   ; -   ; 2 
8558; -   ; -   ; -   ; -   ; -   ; -   ; 1 ; -   ; -   ; 1 ; -   ; -   ; -   ; -   ; 1 ; -   ; -   ; -   ; 3 
8560; -   ; -   ; -   ; -   ; -   ; 1 ; -   ; -   ; -   ; -   ; -   ; -   ; -   ; -   ; -   ; -   ; -   ; -   ; 1 
8573; -   ; -   ; -   ; -   ; 1 ; 3 ; 2 ; 1 ; 1 ; 2 ; -   ; -   ; -   ; -   ; -   ; -   ; -   ; -   ; 10 
8606; -   ; -   ; -   ; -   ; -   ; -   ; 2 ; -   ; -   ; 1 ; 1 ; -   ; -   ; -   ; -   ; -   ; -   ; -   ; 4 
8634; -   ; -   ; -   ; -   ; -   ; -   ; -   ; -   ; 1 ; 1 ; -   ; -   ; -   ; -   ; -   ; -   ; -   ; -   ; 2 
8638; -   ; 1 ; -   ; -   ; -   ; 3 ; 1 ; -   ; 1 ; -   ; -   ; 1 ; -   ; 1 ; -   ; -   ; -   ; -   ; 8 
8685; -   ; -   ; -   ; -   ; -   ; -   ; -   ; -   ; -   ; -   ; -   ; -   ; -   ; -   ; 1 ; -   ; -   ; -   ; 1 
8758; -   ; 1 ; 1 ; 2 ; 7 ; 31 ; 46 ; 26 ; 15 ; 9 ; 5 ; 5 ; 1 ; 1 ; -   ; -   ; -   ; 1 ; 151 
8832; -   ; -   ; -   ; -   ; -   ; -   ; -   ; -   ; 1 ; -   ; -   ; -   ; -   ; -   ; -   ; -   ; -   ; -   ; 1 
11001; 5 ; 1 ; 1 ; 37 ; 48 ; 218 ; 200 ; 157 ; 132 ; 77 ; 59 ; 39 ; 31 ; 12 ; 11 ; 8 ; -   ; 4 ; 1.040 
13006; -   ; -   ; -   ; -   ; -   ; -   ; -   ; 1 ; -   ; -   ; -   ; -   ; -   ; -   ; -   ; -   ; -   ; -   ; 1 
13042; -   ; -   ; -   ; -   ; -   ; 2 ; -   ; -   ; -   ; -   ; -   ; -   ; -   ; -   ; 1 ; -   ; -   ; -   ; 3 
13052; -   ; -   ; 1 ; -   ; -   ; 2 ; 2 ; 7 ; 1 ; 1 ; -   ; 1 ; -   ; -   ; 1 ; -   ; -   ; -   ; 16 
13074; -   ; -   ; 1 ; -   ; -   ; -   ; -   ; 1 ; -   ; 2 ; -   ; -   ; -   ; -   ; -   ; -   ; -   ; -   ; 4 
13001; -   ; -   ; -   ; 8 ; 19 ; 42 ; 51 ; 39 ; 26 ; 20 ; 7 ; 10 ; 5 ; 3 ; 3 ; -   ; -   ; -   ; 233 
13188; -   ; -   ; -   ; -   ; -   ; 1 ; -   ; -   ; -   ; -   ; -   ; -   ; -   ; -   ; -   ; -   ; -   ; -   ; 1 
13222; -   ; -   ; -   ; -   ; -   ; -   ; -   ; 1 ; 2 ; -   ; -   ; 1 ; -   ; -   ; -   ; 1 ; -   ; -   ; 5 
13212; -   ; -   ; -   ; -   ; -   ; -   ; -   ; -   ; -   ; -   ; -   ; -   ; -   ; 1 ; -   ; -   ; -   ; -   ; 1 
13244; -   ; -   ; -   ; 1 ; 2 ; 4 ; 5 ; 1 ; 2 ; 2 ; 2 ; 1 ; -   ; 2 ; 1 ; -   ; -   ; -   ; 23 
13300; -   ; -   ; -   ; -   ; -   ; -   ; -   ; -   ; 1 ; 1 ; -   ; -   ; -   ; -   ; -   ; -   ; -   ; -   ; 2 
13430; -   ; 1 ; -   ; 3 ; 1 ; 3 ; 1 ; 2 ; 2 ; 2 ; 1 ; -   ; 1 ; 1 ; 1 ; -   ; -   ; -   ; 19 
13433; -   ; -   ; -   ; 2 ; -   ; 1 ; -   ; -   ; -   ; 1 ; -   ; -   ; -   ; 1 ; -   ; -   ; -   ; -   ; 5 
13442; -   ; -   ; -   ; -   ; -   ; 2 ; 1 ; 3 ; 1 ; 1 ; 2 ; -   ; -   ; -   ; -   ; -   ; -   ; -   ; 10 
13468; 1 ; -   ; -   ; -   ; -   ; -   ; -   ; 3 ; -   ; -   ; 1 ; -   ; -   ; -   ; -   ; -   ; -   ; -   ; 5 
13458; -   ; -   ; -   ; -   ; 1 ; 1 ; 2 ; -   ; -   ; 2 ; -   ; -   ; 1 ; 1 ; -   ; -   ; -   ; -   ; 8 
13473; -   ; -   ; -   ; -   ; -   ; 1 ; -   ; -   ; -   ; -   ; -   ; -   ; -   ; -   ; -   ; -   ; -   ; -   ; 1 
13490; -   ; -   ; -   ; -   ; -   ; 1 ; -   ; 2 ; 1 ; 1 ; -   ; -   ; -   ; -   ; -   ; -   ; -   ; -   ; 5 
13600; -   ; -   ; 1 ; -   ; -   ; -   ; -   ; -   ; 1 ; -   ; -   ; -   ; -   ; -   ; -   ; -   ; -   ; -   ; 2 
13650; -   ; -   ; -   ; -   ; -   ; -   ; -   ; -   ; -   ; 1 ; -   ; -   ; -   ; -   ; -   ; -   ; -   ; -   ; 1 
13654; -   ; -   ; -   ; -   ; -   ; 1 ; 1 ; -   ; 1 ; 1 ; -   ; -   ; -   ; -   ; -   ; -   ; -   ; -   ; 4 
13655; -   ; -   ; -   ; -   ; -   ; 1 ; -   ; -   ; -   ; -   ; -   ; -   ; -   ; -   ; -   ; -   ; -   ; -   ; 1 
13657; -   ; -   ; -   ; -   ; 1 ; -   ; -   ; -   ; -   ; -   ; -   ; -   ; -   ; -   ; 1 ; -   ; -   ; -   ; 2 
13667; -   ; -   ; -   ; -   ; -   ; -   ; 1 ; 1 ; 1 ; -   ; -   ; -   ; -   ; -   ; -   ; 1 ; -   ; -   ; 4 
13670; -   ; -   ; -   ; -   ; -   ; 1 ; 2 ; 1 ; 1 ; 1 ; 2 ; -   ; -   ; 1 ; -   ; -   ; -   ; -   ; 9 
13673; -   ; -   ; -   ; -   ; -   ; 2 ; -   ; 1 ; 1 ; -   ; -   ; -   ; -   ; -   ; -   ; -   ; -   ; -   ; 4 
13683; -   ; -   ; -   ; -   ; -   ; -   ; -   ; -   ; 2 ; -   ; -   ; 2 ; -   ; -   ; -   ; -   ; -   ; -   ; 4 
13688; -   ; -   ; -   ; -   ; -   ; 1 ; -   ; 3 ; 1 ; -   ; -   ; 1 ; -   ; -   ; -   ; -   ; -   ; -   ; 6 
13744; -   ; -   ; -   ; -   ; -   ; 1 ; 3 ; 2 ; 1 ; -   ; -   ; -   ; -   ; -   ; -   ; 1 ; -   ; -   ; 8 
13760; -   ; -   ; -   ; -   ; -   ; -   ; -   ; -   ; -   ; -   ; 1 ; -   ; -   ; -   ; -   ; -   ; -   ; -   ; 1 
13780; -   ; -   ; -   ; -   ; 1 ; -   ; -   ; 1 ; -   ; -   ; -   ; -   ; -   ; -   ; -   ; 1 ; -   ; -   ; 3 
13810; -   ; -   ; -   ; -   ; -   ; -   ; 1 ; -   ; 1 ; -   ; -   ; 1 ; -   ; -   ; -   ; -   ; -   ; -   ; 3 
13836; -   ; -   ; -   ; 1 ; -   ; 1 ; 2 ; 1 ; 2 ; -   ; -   ; 2 ; 1 ; 1 ; -   ; -   ; -   ; -   ; 11 
13838; -   ; -   ; -   ; -   ; -   ; 2 ; -   ; -   ; -   ; -   ; -   ; -   ; -   ; -   ; -   ; -   ; -   ; -   ; 2 
13873; -   ; -   ; -   ; 1 ; -   ; 2 ; -   ; -   ; -   ; -   ; -   ; -   ; -   ; -   ; -   ; -   ; -   ; -   ; 3 
13894; -   ; -   ; -   ; -   ; -   ; 1 ; -   ; 2 ; -   ; -   ; 1 ; -   ; -   ; -   ; -   ; -   ; -   ; -   ; 4 
15047; -   ; -   ; -   ; -   ; -   ; 1 ; -   ; -   ; 1 ; -   ; -   ; -   ; -   ; -   ; -   ; 1 ; -   ; -   ; 3 
15131; -   ; -   ; -   ; -   ; -   ; -   ; -   ; -   ; -   ; -   ; -   ; 1 ; -   ; -   ; -   ; -   ; -   ; -   ; 1 
15176; -   ; -   ; -   ; -   ; -   ; 1 ; -   ; -   ; 2 ; 2 ; -   ; -   ; -   ; -   ; -   ; -   ; -   ; -   ; 5 
15183; -   ; -   ; -   ; -   ; -   ; -   ; -   ; 1 ; -   ; -   ; -   ; -   ; -   ; -   ; -   ; -   ; -   ; -   ; 1 
15236; -   ; -   ; -   ; -   ; -   ; -   ; -   ; -   ; -   ; 1 ; -   ; -   ; -   ; -   ; -   ; -   ; -   ; -   ; 1 
15204; -   ; -   ; -   ; -   ; -   ; 2 ; -   ; 1 ; 1 ; 1 ; -   ; -   ; -   ; -   ; -   ; -   ; -   ; -   ; 5 
15238; -   ; -   ; -   ; -   ; -   ; 2 ; -   ; 1 ; -   ; 1 ; -   ; -   ; 1 ; -   ; -   ; -   ; -   ; -   ; 5 
15244; 1 ; -   ; -   ; -   ; -   ; -   ; -   ; -   ; -   ; -   ; -   ; 1 ; -   ; -   ; -   ; -   ; -   ; -   ; 2 
15296; -   ; -   ; -   ; -   ; -   ; -   ; -   ; 1 ; -   ; -   ; -   ; -   ; -   ; -   ; -   ; -   ; -   ; -   ; 1 
15322; -   ; -   ; -   ; -   ; -   ; -   ; -   ; -   ; -   ; 1 ; -   ; -   ; -   ; -   ; -   ; -   ; -   ; -   ; 1 
15325; -   ; -   ; -   ; -   ; -   ; -   ; -   ; -   ; -   ; -   ; -   ; 1 ; -   ; -   ; -   ; -   ; -   ; -   ; 1 
15332; -   ; -   ; -   ; -   ; -   ; -   ; -   ; -   ; 1 ; -   ; -   ; -   ; -   ; -   ; -   ; -   ; -   ; -   ; 1 
15367; -   ; -   ; -   ; -   ; -   ; -   ; 1 ; -   ; -   ; -   ; -   ; -   ; -   ; -   ; -   ; -   ; -   ; -   ; 1 
15480; -   ; -   ; -   ; -   ; -   ; -   ; -   ; 1 ; -   ; -   ; -   ; -   ; -   ; -   ; -   ; -   ; -   ; -   ; 1 
15491; -   ; -   ; -   ; -   ; -   ; -   ; 1 ; -   ; -   ; -   ; -   ; -   ; -   ; -   ; -   ; -   ; -   ; -   ; 1 
15507; -   ; -   ; -   ; -   ; 1 ; -   ; -   ; -   ; -   ; -   ; -   ; -   ; -   ; -   ; -   ; -   ; -   ; -   ; 1 
15531; -   ; -   ; -   ; -   ; -   ; -   ; -   ; 1 ; -   ; -   ; -   ; -   ; -   ; -   ; 1 ; -   ; -   ; -   ; 2 
15572; -   ; -   ; -   ; -   ; 3 ; 2 ; 3 ; 2 ; 3 ; 1 ; -   ; 1 ; 2 ; -   ; -   ; -   ; -   ; 1 ; 18 
15580; -   ; -   ; -   ; -   ; -   ; -   ; -   ; -   ; -   ; -   ; -   ; -   ; -   ; -   ; 1 ; -   ; -   ; -   ; 1 
15646; -   ; -   ; -   ; -   ; 1 ; -   ; 1 ; -   ; -   ; -   ; -   ; -   ; -   ; -   ; -   ; -   ; -   ; -   ; 2 
15667; -   ; -   ; -   ; -   ; -   ; -   ; -   ; -   ; -   ; -   ; -   ; 1 ; -   ; -   ; -   ; -   ; -   ; -   ; 1 
15757; -   ; -   ; -   ; -   ; -   ; -   ; -   ; -   ; -   ; -   ; -   ; -   ; -   ; -   ; -   ; -   ; -   ; 1 ; 1 
15759; -   ; -   ; -   ; -   ; 1 ; 1 ; 1 ; 1 ; -   ; 2 ; -   ; 1 ; -   ; -   ; -   ; -   ; -   ; -   ; 7 
15764; -   ; -   ; -   ; -   ; -   ; 1 ; 1 ; -   ; -   ; -   ; -   ; -   ; -   ; -   ; -   ; -   ; -   ; -   ; 2 
15806; -   ; -   ; -   ; -   ; -   ; -   ; -   ; -   ; -   ; 1 ; 1 ; -   ; -   ; -   ; -   ; -   ; -   ; -   ; 2 
15001; -   ; 2 ; -   ; -   ; 1 ; -   ; -   ; 1 ; 3 ; -   ; -   ; -   ; -   ; -   ; -   ; 1 ; -   ; -   ; 8 
15832; -   ; -   ; -   ; -   ; -   ; -   ; -   ; -   ; 1 ; -   ; -   ; -   ; -   ; -   ; -   ; -   ; -   ; -   ; 1 
15839; -   ; -   ; -   ; 1 ; -   ; -   ; -   ; -   ; -   ; -   ; -   ; -   ; -   ; -   ; -   ; -   ; -   ; -   ; 1 
15842; -   ; -   ; -   ; -   ; -   ; -   ; -   ; -   ; -   ; 1 ; -   ; -   ; -   ; -   ; -   ; -   ; -   ; -   ; 1 
17013; -   ; -   ; -   ; -   ; -   ; 1 ; -   ; 1 ; 2 ; -   ; 1 ; 1 ; -   ; -   ; -   ; -   ; -   ; -   ; 6 
17042; -   ; -   ; -   ; -   ; -   ; -   ; -   ; -   ; 2 ; -   ; 1 ; -   ; 1 ; -   ; -   ; -   ; -   ; -   ; 4 
17088; -   ; -   ; -   ; -   ; 1 ; 1 ; 1 ; -   ; -   ; -   ; 1 ; -   ; -   ; 1 ; -   ; -   ; -   ; -   ; 5 
17174; -   ; -   ; -   ; -   ; -   ; 3 ; 6 ; 1 ; 3 ; 1 ; -   ; -   ; 1 ; -   ; -   ; -   ; -   ; -   ; 15 
17272; -   ; -   ; -   ; -   ; -   ; -   ; -   ; -   ; 1 ; -   ; -   ; 1 ; -   ; -   ; -   ; -   ; -   ; -   ; 2 
17380; -   ; -   ; -   ; 1 ; 2 ; -   ; 3 ; 2 ; -   ; 2 ; -   ; 4 ; 1 ; -   ; -   ; -   ; -   ; -   ; 15 
17001; -   ; -   ; -   ; 3 ; 3 ; 8 ; 13 ; 3 ; 4 ; 4 ; 1 ; 1 ; -   ; 1 ; 3 ; 1 ; -   ; -   ; 45 
17442; -   ; -   ; -   ; -   ; 1 ; 2 ; 1 ; -   ; -   ; 1 ; -   ; 1 ; -   ; -   ; -   ; -   ; -   ; -   ; 6 
17444; 1 ; -   ; -   ; -   ; -   ; -   ; -   ; -   ; -   ; -   ; -   ; -   ; -   ; 2 ; -   ; -   ; -   ; -   ; 3 
17446; -   ; -   ; -   ; -   ; -   ; -   ; -   ; -   ; -   ; -   ; -   ; -   ; -   ; 1 ; -   ; -   ; -   ; -   ; 1 
17486; -   ; -   ; -   ; -   ; -   ; 2 ; -   ; 1 ; 1 ; 2 ; 1 ; -   ; -   ; 3 ; -   ; -   ; -   ; -   ; 10 
17495; -   ; -   ; -   ; -   ; -   ; 1 ; -   ; 1 ; -   ; 1 ; -   ; -   ; -   ; -   ; -   ; -   ; -   ; -   ; 3 
17524; -   ; -   ; -   ; -   ; -   ; 2 ; 3 ; -   ; -   ; -   ; -   ; -   ; -   ; -   ; 1 ; -   ; 1 ; -   ; 7 
17614; -   ; -   ; -   ; -   ; -   ; 1 ; 1 ; -   ; 1 ; -   ; -   ; -   ; -   ; -   ; -   ; -   ; -   ; -   ; 3 
17616; -   ; -   ; -   ; -   ; -   ; 1 ; -   ; -   ; -   ; -   ; 1 ; -   ; -   ; -   ; -   ; -   ; -   ; -   ; 2 
17653; -   ; -   ; -   ; -   ; -   ; 1 ; -   ; 1 ; -   ; -   ; -   ; -   ; -   ; -   ; -   ; -   ; -   ; -   ; 2 
17662; -   ; -   ; -   ; 1 ; -   ; -   ; -   ; 2 ; 2 ; -   ; -   ; 2 ; -   ; -   ; -   ; -   ; -   ; -   ; 7 
17777; -   ; -   ; -   ; 2 ; -   ; 3 ; 2 ; 1 ; -   ; -   ; -   ; -   ; 1 ; -   ; -   ; -   ; -   ; -   ; 9 
17867; -   ; -   ; -   ; -   ; -   ; -   ; 2 ; -   ; -   ; -   ; -   ; -   ; -   ; -   ; -   ; -   ; -   ; -   ; 2 
17873; -   ; -   ; -   ; -   ; -   ; -   ; -   ; -   ; -   ; -   ; -   ; -   ; -   ; 2 ; -   ; -   ; -   ; -   ; 2 
17877; -   ; -   ; -   ; -   ; -   ; -   ; -   ; -   ; -   ; -   ; -   ; -   ; -   ; -   ; 1 ; -   ; -   ; -   ; 1 
18029; -   ; -   ; -   ; -   ; -   ; 1 ; -   ; 1 ; 1 ; -   ; -   ; -   ; 1 ; -   ; -   ; 1 ; -   ; -   ; 5 
18094; -   ; -   ; -   ; 1 ; -   ; 1 ; 1 ; -   ; -   ; -   ; 1 ; 1 ; 1 ; -   ; -   ; -   ; -   ; -   ; 6 
18150; -   ; -   ; -   ; -   ; -   ; 3 ; 6 ; 1 ; 1 ; 2 ; 3 ; 1 ; 1 ; -   ; -   ; -   ; -   ; -   ; 18 
18205; -   ; -   ; -   ; -   ; -   ; 1 ; 1 ; 2 ; -   ; -   ; 1 ; -   ; -   ; -   ; -   ; -   ; -   ; -   ; 5 
18247; -   ; -   ; -   ; -   ; -   ; 1 ; 2 ; -   ; 4 ; -   ; 1 ; -   ; -   ; 1 ; -   ; -   ; -   ; -   ; 9 
18256; -   ; -   ; -   ; -   ; 1 ; -   ; -   ; 1 ; -   ; -   ; -   ; -   ; -   ; 1 ; -   ; -   ; -   ; -   ; 3 
18001; -   ; -   ; -   ; -   ; 3 ; 8 ; 9 ; 7 ; 6 ; 3 ; 1 ; 1 ; 3 ; -   ; 1 ; -   ; -   ; -   ; 42 
18460; -   ; -   ; -   ; -   ; -   ; -   ; 1 ; -   ; -   ; -   ; 1 ; 1 ; -   ; -   ; -   ; -   ; -   ; -   ; 3 
18479; -   ; -   ; -   ; -   ; -   ; -   ; -   ; -   ; 1 ; -   ; 1 ; -   ; -   ; -   ; -   ; -   ; -   ; -   ; 2 
18592; -   ; -   ; -   ; -   ; 1 ; 1 ; 1 ; 2 ; 1 ; 1 ; -   ; 1 ; 1 ; -   ; -   ; -   ; -   ; -   ; 9 
18610; -   ; -   ; -   ; -   ; -   ; 1 ; 3 ; 1 ; 1 ; -   ; -   ; 1 ; 1 ; -   ; -   ; -   ; -   ; -   ; 8 
18753; -   ; -   ; -   ; 1 ; 2 ; 5 ; 3 ; 3 ; 4 ; 4 ; 2 ; 1 ; -   ; 1 ; -   ; -   ; -   ; -   ; 26 
18756; -   ; -   ; -   ; -   ; -   ; -   ; 1 ; -   ; 1 ; -   ; -   ; -   ; 1 ; -   ; -   ; -   ; -   ; -   ; 3 
18785; -   ; -   ; -   ; -   ; -   ; -   ; 2 ; -   ; 1 ; -   ; -   ; -   ; -   ; -   ; -   ; -   ; -   ; -   ; 3 
85010; -   ; -   ; -   ; -   ; -   ; 1 ; 1 ; -   ; 1 ; -   ; -   ; -   ; -   ; -   ; -   ; -   ; -   ; -   ; 3 
85125; -   ; -   ; -   ; -   ; -   ; -   ; -   ; -   ; -   ; -   ; -   ; -   ; -   ; -   ; 1 ; -   ; -   ; -   ; 1 
85139; -   ; -   ; -   ; -   ; -   ; 3 ; 1 ; 1 ; 1 ; 1 ; 1 ; -   ; -   ; -   ; -   ; -   ; -   ; -   ; 8 
85162; -   ; -   ; -   ; -   ; -   ; -   ; -   ; -   ; -   ; 1 ; 1 ; -   ; -   ; 2 ; -   ; -   ; -   ; -   ; 4 
85225; -   ; -   ; -   ; -   ; 1 ; -   ; -   ; 1 ; -   ; -   ; -   ; 1 ; -   ; -   ; -   ; -   ; -   ; -   ; 3 
85230; 1 ; -   ; -   ; 1 ; 1 ; -   ; -   ; -   ; -   ; -   ; -   ; -   ; -   ; -   ; -   ; -   ; -   ; -   ; 3 
85250; -   ; -   ; -   ; 1 ; -   ; 2 ; -   ; 1 ; 1 ; -   ; 1 ; -   ; -   ; -   ; -   ; -   ; -   ; -   ; 6 
85300; -   ; -   ; -   ; -   ; -   ; -   ; -   ; -   ; -   ; 1 ; -   ; -   ; -   ; -   ; -   ; -   ; -   ; -   ; 1 
85315; -   ; -   ; -   ; -   ; -   ; -   ; -   ; 1 ; -   ; -   ; -   ; -   ; -   ; -   ; -   ; -   ; -   ; -   ; 1 
85325; -   ; -   ; -   ; -   ; -   ; -   ; -   ; -   ; 1 ; -   ; -   ; 1 ; -   ; -   ; -   ; -   ; -   ; -   ; 2 
85400; -   ; -   ; -   ; -   ; -   ; -   ; -   ; -   ; -   ; -   ; 1 ; -   ; -   ; -   ; -   ; -   ; -   ; -   ; 1 
85410; -   ; -   ; -   ; -   ; -   ; 1 ; 1 ; -   ; 1 ; -   ; -   ; 1 ; -   ; -   ; -   ; -   ; -   ; -   ; 4 
85430; -   ; -   ; -   ; -   ; -   ; -   ; -   ; -   ; -   ; -   ; -   ; -   ; -   ; 1 ; -   ; -   ; -   ; -   ; 1 
85440; -   ; -   ; 2 ; -   ; -   ; 5 ; 2 ; -   ; 1 ; -   ; -   ; -   ; -   ; 1 ; -   ; -   ; -   ; -   ; 11 
85001; 3 ; -   ; 1 ; -   ; -   ; 14 ; 9 ; 1 ; 3 ; -   ; 1 ; 2 ; 1 ; 1 ; 1 ; -   ; -   ; -   ; 37 
19022; -   ; -   ; -   ; -   ; 1 ; -   ; -   ; -   ; 1 ; 1 ; 1 ; -   ; 1 ; -   ; -   ; -   ; -   ; -   ; 5 
19050; -   ; -   ; 2 ; 4 ; 3 ; 19 ; 16 ; 10 ; 9 ; 3 ; 6 ; 2 ; 2 ; 2 ; -   ; -   ; -   ; -   ; 78 
19075; -   ; -   ; -   ; -   ; -   ; 1 ; 2 ; 2 ; 2 ; -   ; 1 ; -   ; -   ; 1 ; -   ; -   ; -   ; -   ; 9 
19100; -   ; -   ; 2 ; -   ; -   ; -   ; 5 ; 4 ; -   ; 2 ; -   ; 1 ; -   ; -   ; -   ; -   ; -   ; -   ; 14 
19110; -   ; -   ; -   ; 1 ; 3 ; 7 ; 6 ; 4 ; 1 ; 6 ; 2 ; 3 ; 1 ; 1 ; 1 ; -   ; -   ; -   ; 36 
19130; -   ; 1 ; -   ; -   ; 1 ; 2 ; 4 ; 6 ; 2 ; 4 ; -   ; 1 ; -   ; -   ; -   ; -   ; -   ; -   ; 21 
19137; -   ; -   ; -   ; -   ; -   ; 2 ; -   ; -   ; 2 ; -   ; -   ; -   ; 2 ; -   ; 1 ; -   ; -   ; -   ; 7 
19142; -   ; -   ; 1 ; 3 ; 2 ; 7 ; 5 ; 6 ; 4 ; 4 ; 1 ; -   ; -   ; -   ; -   ; -   ; -   ; -   ; 33 
19212; -   ; -   ; -   ; 6 ; 2 ; 8 ; 6 ; 12 ; 5 ; 2 ; 1 ; 4 ; 1 ; -   ; -   ; 1 ; -   ; -   ; 48 
19256; 1 ; -   ; -   ; 1 ; 2 ; 9 ; 17 ; 10 ; 10 ; 6 ; 5 ; 7 ; 3 ; -   ; -   ; -   ; -   ; -   ; 71 
19300; -   ; -   ; -   ; -   ; -   ; 4 ; 3 ; 1 ; 1 ; -   ; -   ; -   ; 2 ; -   ; -   ; -   ; -   ; -   ; 11 
19318; -   ; -   ; -   ; -   ; -   ; -   ; -   ; -   ; -   ; 1 ; -   ; -   ; -   ; -   ; -   ; -   ; -   ; -   ; 1 
19355; -   ; -   ; -   ; -   ; -   ; -   ; 1 ; -   ; -   ; -   ; -   ; -   ; -   ; -   ; -   ; -   ; -   ; -   ; 1 
19364; -   ; -   ; -   ; -   ; -   ; -   ; 1 ; -   ; -   ; -   ; -   ; -   ; -   ; -   ; -   ; -   ; -   ; -   ; 1 
19392; -   ; -   ; -   ; -   ; -   ; -   ; -   ; 1 ; -   ; -   ; -   ; -   ; -   ; -   ; -   ; -   ; -   ; -   ; 1 
19397; 1 ; -   ; -   ; -   ; -   ; -   ; 1 ; -   ; -   ; -   ; -   ; -   ; -   ; -   ; -   ; -   ; -   ; -   ; 2 
19418; -   ; -   ; -   ; -   ; -   ; 1 ; -   ; 2 ; -   ; -   ; -   ; -   ; 1 ; 1 ; -   ; -   ; -   ; -   ; 5 
19450; -   ; -   ; -   ; 1 ; -   ; 3 ; 4 ; 2 ; 1 ; 1 ; 3 ; 1 ; 1 ; -   ; -   ; -   ; -   ; -   ; 17 
19455; -   ; -   ; -   ; 1 ; 2 ; 4 ; 6 ; 2 ; 7 ; -   ; -   ; -   ; 1 ; -   ; -   ; -   ; -   ; -   ; 23 
19473; -   ; -   ; -   ; 2 ; 1 ; 3 ; 3 ; 1 ; -   ; 2 ; -   ; 1 ; 1 ; -   ; -   ; -   ; -   ; -   ; 14 
19513; -   ; -   ; -   ; -   ; -   ; 1 ; -   ; 2 ; 1 ; -   ; -   ; -   ; -   ; -   ; -   ; -   ; 1 ; -   ; 5 
19517; 1 ; -   ; 1 ; -   ; -   ; -   ; 2 ; -   ; 1 ; 2 ; 1 ; -   ; -   ; -   ; -   ; 1 ; -   ; -   ; 9 
19532; -   ; -   ; -   ; -   ; 1 ; 4 ; 3 ; 4 ; 3 ; 3 ; 2 ; -   ; 2 ; 1 ; -   ; -   ; -   ; 1 ; 24 
19533; -   ; -   ; -   ; -   ; -   ; -   ; -   ; 1 ; -   ; -   ; 1 ; -   ; -   ; -   ; -   ; -   ; -   ; -   ; 2 
19548; -   ; -   ; -   ; -   ; 2 ; 4 ; 2 ; 4 ; -   ; 1 ; -   ; 1 ; -   ; -   ; -   ; -   ; -   ; -   ; 14 
19001; 2 ; -   ; -   ; -   ; 3 ; 7 ; 16 ; 16 ; 12 ; 6 ; 3 ; 5 ; 3 ; 1 ; -   ; -   ; 1 ; -   ; 75 
19573; -   ; -   ; 1 ; 2 ; 6 ; 13 ; 8 ; 3 ; 4 ; 1 ; -   ; -   ; -   ; 1 ; -   ; -   ; -   ; -   ; 39 
19585; -   ; -   ; -   ; -   ; -   ; -   ; -   ; -   ; 1 ; -   ; -   ; -   ; -   ; -   ; -   ; -   ; -   ; -   ; 1 
19622; -   ; -   ; -   ; -   ; 1 ; -   ; -   ; 1 ; 2 ; -   ; -   ; 1 ; -   ; -   ; -   ; 1 ; -   ; -   ; 6 
19701; -   ; -   ; -   ; -   ; -   ; -   ; -   ; -   ; -   ; 1 ; -   ; -   ; -   ; -   ; -   ; -   ; -   ; -   ; 1 
19698; -   ; -   ; -   ; 7 ; 6 ; 20 ; 17 ; 12 ; 7 ; 6 ; 8 ; 1 ; -   ; 1 ; 1 ; -   ; -   ; -   ; 86 
19780; 1 ; 1 ; -   ; -   ; 2 ; 5 ; 5 ; 6 ; 5 ; 2 ; 3 ; 1 ; -   ; 2 ; -   ; -   ; -   ; -   ; 33 
19807; -   ; -   ; -   ; -   ; 2 ; 1 ; 2 ; -   ; 2 ; 1 ; 1 ; -   ; -   ; -   ; -   ; -   ; -   ; 1 ; 10 
19809; -   ; -   ; -   ; -   ; -   ; -   ; 2 ; 2 ; -   ; -   ; -   ; -   ; 1 ; -   ; -   ; -   ; -   ; -   ; 5 
19821; -   ; -   ; 1 ; -   ; 2 ; 2 ; 3 ; 6 ; 1 ; -   ; -   ; -   ; -   ; -   ; -   ; -   ; -   ; -   ; 15 
19824; -   ; -   ; -   ; -   ; -   ; 1 ; 1 ; 1 ; -   ; 1 ; 1 ; -   ; -   ; -   ; -   ; -   ; -   ; -   ; 5 
19845; -   ; -   ; 1 ; -   ; 1 ; 3 ; 1 ; 2 ; 1 ; 2 ; -   ; -   ; -   ; -   ; -   ; 1 ; -   ; -   ; 12 
20011; -   ; -   ; 1 ; 1 ; 3 ; 4 ; 1 ; 2 ; 1 ; 3 ; -   ; 2 ; 2 ; -   ; -   ; -   ; -   ; -   ; 20 
20013; -   ; -   ; -   ; 2 ; 1 ; 2 ; 5 ; 3 ; 1 ; -   ; 1 ; 1 ; -   ; -   ; -   ; -   ; -   ; -   ; 16 
20032; -   ; -   ; -   ; -   ; 2 ; -   ; 1 ; -   ; 1 ; -   ; 1 ; 1 ; -   ; -   ; -   ; -   ; -   ; -   ; 6 
20045; -   ; -   ; -   ; -   ; -   ; 1 ; -   ; 1 ; 1 ; -   ; -   ; 1 ; -   ; -   ; -   ; -   ; -   ; -   ; 4 
20060; -   ; -   ; -   ; -   ; 3 ; 1 ; -   ; 2 ; 2 ; 1 ; 1 ; -   ; 1 ; -   ; -   ; -   ; -   ; -   ; 11 
20175; 1 ; -   ; 1 ; -   ; -   ; -   ; 2 ; 1 ; 2 ; 1 ; -   ; 2 ; -   ; -   ; -   ; -   ; -   ; -   ; 10 
20178; -   ; -   ; 1 ; -   ; -   ; 3 ; -   ; 3 ; 1 ; -   ; 2 ; -   ; -   ; -   ; -   ; -   ; -   ; -   ; 10 
20228; -   ; -   ; -   ; -   ; 1 ; -   ; 3 ; -   ; 1 ; -   ; 1 ; -   ; -   ; 1 ; 1 ; -   ; -   ; -   ; 8 
20238; -   ; -   ; 1 ; -   ; -   ; 1 ; 1 ; -   ; 1 ; -   ; 1 ; -   ; -   ; -   ; -   ; -   ; -   ; -   ; 5 
20250; -   ; -   ; -   ; -   ; -   ; 3 ; -   ; 2 ; 1 ; 2 ; -   ; -   ; -   ; 1 ; 1 ; -   ; 1 ; -   ; 11 
20295; -   ; -   ; -   ; -   ; -   ; -   ; -   ; -   ; -   ; -   ; -   ; 1 ; -   ; -   ; -   ; -   ; -   ; -   ; 1 
20310; -   ; -   ; -   ; -   ; -   ; -   ; -   ; -   ; -   ; -   ; -   ; -   ; -   ; 1 ; -   ; -   ; -   ; -   ; 1 
20383; -   ; -   ; -   ; 1 ; -   ; -   ; 1 ; 2 ; -   ; -   ; -   ; 1 ; -   ; -   ; -   ; -   ; -   ; -   ; 5 
20400; -   ; -   ; -   ; -   ; -   ; 2 ; -   ; 3 ; 1 ; 2 ; -   ; -   ; -   ; -   ; -   ; -   ; -   ; -   ; 8 
20621; -   ; -   ; -   ; -   ; -   ; -   ; -   ; 1 ; -   ; 1 ; -   ; -   ; -   ; 1 ; -   ; -   ; -   ; -   ; 3 
20443; -   ; -   ; -   ; -   ; -   ; -   ; -   ; -   ; 1 ; -   ; -   ; -   ; -   ; 1 ; -   ; -   ; -   ; -   ; 2 
20517; -   ; -   ; -   ; -   ; -   ; 1 ; 2 ; 1 ; 1 ; 1 ; -   ; -   ; -   ; -   ; -   ; -   ; -   ; -   ; 6 
20550; -   ; -   ; -   ; 1 ; -   ; 2 ; -   ; 1 ; 1 ; 1 ; -   ; 1 ; 1 ; 2 ; -   ; -   ; -   ; -   ; 10 
20570; -   ; -   ; -   ; -   ; -   ; -   ; 1 ; -   ; -   ; -   ; 1 ; -   ; -   ; -   ; -   ; -   ; -   ; -   ; 2 
20614; -   ; -   ; -   ; -   ; -   ; -   ; -   ; -   ; 1 ; -   ; 1 ; 1 ; -   ; -   ; -   ; -   ; -   ; -   ; 3 
20710; -   ; -   ; -   ; -   ; -   ; 1 ; 2 ; -   ; 1 ; -   ; -   ; -   ; -   ; -   ; -   ; -   ; -   ; -   ; 4 
20750; -   ; -   ; -   ; -   ; -   ; -   ; -   ; -   ; -   ; -   ; -   ; 1 ; -   ; -   ; -   ; -   ; -   ; -   ; 1 
20770; -   ; -   ; -   ; -   ; -   ; -   ; 3 ; -   ; 1 ; -   ; -   ; -   ; -   ; -   ; -   ; -   ; -   ; -   ; 4 
20787; -   ; -   ; -   ; -   ; -   ; 1 ; 1 ; 1 ; -   ; -   ; -   ; 1 ; -   ; -   ; -   ; -   ; -   ; -   ; 4 
20001; 2 ; -   ; -   ; -   ; 6 ; 9 ; 14 ; 15 ; 6 ; 3 ; 4 ; 2 ; 1 ; 1 ; -   ; -   ; -   ; -   ; 63 
27006; -   ; -   ; -   ; 1 ; 1 ; 1 ; 1 ; -   ; 1 ; -   ; -   ; -   ; -   ; -   ; -   ; -   ; -   ; -   ; 5 
27050; -   ; -   ; -   ; -   ; -   ; -   ; 2 ; 2 ; -   ; -   ; -   ; -   ; -   ; -   ; -   ; -   ; -   ; -   ; 4 
27075; -   ; -   ; -   ; -   ; -   ; 1 ; -   ; -   ; 1 ; -   ; -   ; -   ; -   ; -   ; -   ; -   ; -   ; -   ; 2 
27099; -   ; -   ; -   ; -   ; -   ; -   ; 1 ; 1 ; 1 ; -   ; -   ; -   ; -   ; -   ; -   ; -   ; -   ; -   ; 3 
27150; -   ; -   ; -   ; -   ; -   ; 1 ; -   ; -   ; 1 ; 1 ; -   ; 1 ; -   ; -   ; 1 ; -   ; -   ; -   ; 5 
27135; -   ; -   ; -   ; -   ; -   ; -   ; -   ; -   ; -   ; 1 ; -   ; -   ; -   ; -   ; -   ; -   ; -   ; -   ; 1 
27245; -   ; -   ; -   ; -   ; -   ; 2 ; -   ; -   ; 1 ; -   ; -   ; -   ; -   ; -   ; -   ; -   ; -   ; -   ; 3 
27361; -   ; -   ; -   ; -   ; 1 ; 1 ; 1 ; -   ; 1 ; -   ; -   ; -   ; -   ; 1 ; -   ; -   ; -   ; -   ; 5 
27413; -   ; -   ; -   ; -   ; -   ; -   ; -   ; -   ; -   ; -   ; -   ; -   ; 1 ; -   ; -   ; -   ; -   ; -   ; 1 
27425; -   ; -   ; -   ; -   ; -   ; 1 ; 1 ; 2 ; -   ; -   ; -   ; -   ; -   ; -   ; -   ; 1 ; -   ; -   ; 5 
27430; -   ; -   ; -   ; -   ; -   ; 1 ; -   ; -   ; -   ; -   ; -   ; -   ; -   ; -   ; -   ; -   ; -   ; -   ; 1 
27450; -   ; -   ; -   ; -   ; -   ; 1 ; 1 ; -   ; -   ; -   ; 1 ; -   ; -   ; -   ; -   ; -   ; -   ; -   ; 3 
27491; -   ; -   ; -   ; -   ; -   ; -   ; 1 ; -   ; -   ; 1 ; -   ; -   ; -   ; -   ; -   ; -   ; -   ; -   ; 2 
27495; -   ; -   ; -   ; -   ; -   ; -   ; -   ; -   ; -   ; -   ; -   ; 1 ; -   ; -   ; -   ; -   ; -   ; -   ; 1 
27001; -   ; 1 ; 1 ; 12 ; 16 ; 26 ; 37 ; 31 ; 15 ; 6 ; 2 ; 4 ; 3 ; -   ; -   ; -   ; -   ; -   ; 154 
27600; -   ; -   ; -   ; -   ; -   ; 1 ; 1 ; 2 ; -   ; -   ; -   ; -   ; -   ; -   ; -   ; -   ; -   ; -   ; 4 
27615; -   ; -   ; -   ; -   ; 1 ; -   ; 1 ; 2 ; -   ; -   ; 1 ; -   ; -   ; 1 ; -   ; -   ; -   ; -   ; 6 
27660; -   ; -   ; -   ; -   ; -   ; -   ; -   ; 1 ; -   ; -   ; -   ; -   ; 1 ; -   ; 1 ; -   ; -   ; -   ; 3 
27800; -   ; -   ; -   ; -   ; -   ; 1 ; -   ; -   ; -   ; -   ; -   ; -   ; -   ; -   ; -   ; -   ; -   ; -   ; 1 
27810; -   ; -   ; -   ; -   ; -   ; 1 ; -   ; -   ; -   ; -   ; -   ; -   ; -   ; -   ; -   ; -   ; -   ; -   ; 1 
23090; -   ; -   ; -   ; -   ; -   ; -   ; 1 ; -   ; -   ; -   ; -   ; -   ; -   ; -   ; -   ; -   ; -   ; -   ; 1 
23162; -   ; -   ; -   ; -   ; -   ; 1 ; -   ; 1 ; -   ; 1 ; -   ; -   ; -   ; 1 ; -   ; -   ; -   ; -   ; 4 
23168; -   ; -   ; -   ; -   ; -   ; 1 ; -   ; -   ; -   ; -   ; -   ; -   ; -   ; -   ; -   ; -   ; -   ; -   ; 1 
23182; -   ; -   ; -   ; -   ; -   ; -   ; 1 ; -   ; -   ; -   ; 1 ; 2 ; -   ; -   ; -   ; -   ; -   ; -   ; 4 
23300; -   ; -   ; -   ; 1 ; -   ; 1 ; -   ; -   ; 3 ; 1 ; -   ; -   ; -   ; -   ; -   ; -   ; -   ; -   ; 6 
23350; -   ; -   ; -   ; -   ; -   ; 2 ; -   ; -   ; 1 ; -   ; -   ; 1 ; -   ; -   ; -   ; -   ; -   ; -   ; 4 
23417; -   ; -   ; -   ; -   ; -   ; 1 ; 4 ; 2 ; 4 ; -   ; 1 ; -   ; 1 ; -   ; -   ; -   ; -   ; -   ; 13 
23419; -   ; -   ; -   ; -   ; 1 ; 1 ; -   ; -   ; 1 ; 1 ; -   ; -   ; -   ; -   ; -   ; -   ; -   ; -   ; 4 
23464; -   ; -   ; -   ; -   ; -   ; -   ; -   ; -   ; -   ; 1 ; -   ; 1 ; 1 ; 1 ; -   ; -   ; -   ; -   ; 4 
23466; -   ; -   ; 1 ; -   ; 1 ; 18 ; 8 ; 8 ; 4 ; 3 ; 1 ; 1 ; 3 ; 1 ; -   ; -   ; -   ; -   ; 49 
23001; -   ; -   ; -   ; 1 ; 1 ; 14 ; 19 ; 14 ; 10 ; 5 ; 5 ; 4 ; -   ; 1 ; -   ; 1 ; -   ; -   ; 75 
23500; -   ; -   ; -   ; -   ; -   ; -   ; -   ; 1 ; -   ; -   ; -   ; 1 ; -   ; -   ; -   ; -   ; -   ; -   ; 2 
23555; -   ; -   ; -   ; -   ; -   ; -   ; -   ; -   ; 1 ; -   ; -   ; -   ; -   ; -   ; -   ; -   ; -   ; 1 ; 2 
23570; -   ; -   ; -   ; -   ; -   ; -   ; -   ; 1 ; -   ; -   ; -   ; -   ; -   ; -   ; -   ; -   ; -   ; -   ; 1 
23574; -   ; -   ; -   ; -   ; -   ; -   ; -   ; -   ; -   ; -   ; -   ; 1 ; -   ; -   ; -   ; -   ; -   ; -   ; 1 
23580; -   ; 1 ; -   ; -   ; 2 ; 4 ; 3 ; 2 ; 3 ; 1 ; 1 ; 2 ; 1 ; -   ; -   ; -   ; -   ; -   ; 20 
23586; -   ; -   ; -   ; -   ; -   ; -   ; -   ; -   ; -   ; 1 ; -   ; -   ; -   ; -   ; -   ; -   ; -   ; -   ; 1 
23660; -   ; -   ; -   ; -   ; -   ; 2 ; 1 ; 2 ; 6 ; 3 ; -   ; 3 ; -   ; 2 ; 1 ; -   ; -   ; -   ; 20 
23670; -   ; -   ; -   ; -   ; -   ; -   ; -   ; 1 ; -   ; -   ; -   ; -   ; -   ; -   ; -   ; -   ; -   ; -   ; 1 
23672; -   ; -   ; -   ; 1 ; -   ; 1 ; 1 ; -   ; -   ; 1 ; -   ; -   ; -   ; -   ; -   ; -   ; -   ; -   ; 4 
23678; -   ; -   ; -   ; -   ; -   ; 1 ; -   ; -   ; -   ; -   ; -   ; -   ; -   ; -   ; -   ; -   ; -   ; -   ; 1 
23682; -   ; -   ; 1 ; 1 ; -   ; -   ; 1 ; 1 ; 3 ; 1 ; 3 ; -   ; -   ; 1 ; 2 ; -   ; -   ; -   ; 14 
23686; -   ; -   ; -   ; -   ; -   ; 1 ; -   ; -   ; -   ; -   ; -   ; -   ; -   ; -   ; -   ; -   ; -   ; -   ; 1 
23807; -   ; -   ; -   ; -   ; -   ; 1 ; -   ; 1 ; 1 ; -   ; -   ; 2 ; 1 ; -   ; -   ; -   ; -   ; -   ; 6 
23815; -   ; -   ; -   ; -   ; -   ; -   ; 1 ; 1 ; -   ; -   ; -   ; -   ; -   ; -   ; -   ; -   ; -   ; -   ; 2 
25001; -   ; -   ; -   ; -   ; -   ; -   ; -   ; -   ; 1 ; -   ; -   ; -   ; -   ; -   ; -   ; -   ; -   ; -   ; 1 
25019; -   ; -   ; -   ; -   ; -   ; -   ; -   ; 1 ; -   ; -   ; -   ; -   ; -   ; -   ; -   ; -   ; -   ; -   ; 1 
25599; -   ; -   ; -   ; -   ; -   ; 1 ; -   ; -   ; -   ; 1 ; -   ; 1 ; -   ; -   ; -   ; -   ; -   ; -   ; 3 
25053; -   ; -   ; -   ; -   ; -   ; -   ; -   ; -   ; -   ; -   ; -   ; 1 ; -   ; -   ; -   ; -   ; -   ; -   ; 1 
25123; -   ; -   ; -   ; -   ; -   ; 1 ; -   ; -   ; -   ; -   ; 1 ; -   ; -   ; -   ; -   ; -   ; -   ; -   ; 2 
25126; -   ; -   ; -   ; 1 ; -   ; -   ; -   ; -   ; -   ; 1 ; 1 ; -   ; -   ; -   ; -   ; -   ; -   ; -   ; 3 
25151; -   ; -   ; -   ; -   ; -   ; -   ; -   ; -   ; -   ; 1 ; -   ; -   ; -   ; -   ; -   ; -   ; -   ; -   ; 1 
25175; -   ; -   ; -   ; -   ; -   ; -   ; 1 ; 1 ; 1 ; -   ; 1 ; 1 ; -   ; -   ; -   ; -   ; -   ; -   ; 5 
25178; -   ; -   ; -   ; -   ; -   ; -   ; -   ; -   ; -   ; -   ; -   ; -   ; -   ; -   ; 1 ; -   ; -   ; -   ; 1 
25183; -   ; -   ; -   ; -   ; -   ; -   ; -   ; 2 ; -   ; -   ; -   ; -   ; -   ; -   ; -   ; -   ; -   ; -   ; 2 
25214; -   ; -   ; -   ; -   ; -   ; 1 ; -   ; -   ; -   ; -   ; -   ; -   ; -   ; -   ; -   ; -   ; -   ; -   ; 1 
25245; -   ; -   ; -   ; -   ; -   ; -   ; -   ; 2 ; -   ; -   ; -   ; -   ; -   ; -   ; -   ; -   ; -   ; -   ; 2 
25260; -   ; -   ; -   ; -   ; -   ; -   ; 1 ; -   ; -   ; -   ; -   ; -   ; -   ; -   ; -   ; -   ; -   ; -   ; 1 
25269; 1 ; -   ; -   ; -   ; -   ; 1 ; 4 ; 2 ; -   ; 1 ; -   ; 1 ; -   ; -   ; -   ; -   ; -   ; -   ; 10 
25279; -   ; -   ; -   ; -   ; -   ; -   ; -   ; -   ; -   ; -   ; 1 ; -   ; -   ; -   ; -   ; -   ; -   ; -   ; 1 
25286; -   ; -   ; -   ; -   ; -   ; -   ; 1 ; -   ; -   ; -   ; -   ; -   ; -   ; -   ; -   ; -   ; -   ; -   ; 1 
25290; -   ; -   ; -   ; 2 ; 1 ; 1 ; 2 ; 1 ; 3 ; 1 ; 1 ; 1 ; 2 ; 1 ; -   ; -   ; -   ; -   ; 16 
25295; -   ; -   ; -   ; -   ; -   ; -   ; -   ; -   ; -   ; -   ; -   ; -   ; -   ; -   ; -   ; 1 ; -   ; -   ; 1 
25307; -   ; -   ; -   ; 2 ; 5 ; 6 ; 8 ; 2 ; 2 ; 1 ; 2 ; -   ; 1 ; -   ; -   ; -   ; -   ; -   ; 29 
25312; -   ; -   ; -   ; -   ; -   ; -   ; -   ; 1 ; -   ; -   ; -   ; -   ; -   ; -   ; -   ; -   ; -   ; -   ; 1 
25317; -   ; -   ; -   ; -   ; -   ; -   ; -   ; -   ; 1 ; -   ; -   ; -   ; -   ; -   ; -   ; -   ; -   ; -   ; 1 
25320; -   ; -   ; -   ; -   ; -   ; 2 ; -   ; 1 ; 1 ; -   ; -   ; -   ; -   ; 1 ; -   ; -   ; -   ; -   ; 5 
25324; -   ; -   ; -   ; -   ; -   ; -   ; 1 ; -   ; -   ; -   ; -   ; -   ; -   ; -   ; -   ; -   ; -   ; -   ; 1 
25335; -   ; -   ; -   ; -   ; -   ; -   ; -   ; 1 ; 1 ; -   ; -   ; 1 ; -   ; -   ; -   ; -   ; -   ; -   ; 3 
25386; -   ; -   ; -   ; -   ; -   ; -   ; 2 ; -   ; 1 ; -   ; -   ; -   ; -   ; -   ; -   ; -   ; -   ; -   ; 3 
25394; -   ; -   ; -   ; -   ; -   ; -   ; 1 ; -   ; -   ; -   ; -   ; -   ; -   ; -   ; -   ; -   ; -   ; -   ; 1 
25398; -   ; -   ; -   ; -   ; -   ; -   ; -   ; -   ; -   ; -   ; 1 ; 1 ; -   ; -   ; -   ; -   ; -   ; -   ; 2 
25402; -   ; -   ; -   ; -   ; -   ; -   ; -   ; -   ; -   ; -   ; -   ; 1 ; -   ; -   ; -   ; -   ; -   ; -   ; 1 
25407; -   ; -   ; -   ; -   ; -   ; -   ; -   ; -   ; -   ; 1 ; -   ; -   ; -   ; -   ; -   ; -   ; -   ; -   ; 1 
25430; -   ; -   ; -   ; -   ; -   ; 6 ; 1 ; -   ; -   ; 1 ; -   ; -   ; 1 ; -   ; -   ; -   ; -   ; -   ; 9 
25473; -   ; -   ; -   ; -   ; 4 ; 1 ; 3 ; 2 ; 2 ; -   ; -   ; 1 ; -   ; -   ; -   ; -   ; -   ; 1 ; 14 
25491; -   ; -   ; -   ; -   ; -   ; -   ; 1 ; -   ; -   ; -   ; -   ; -   ; -   ; -   ; -   ; -   ; -   ; -   ; 1 
25513; -   ; -   ; -   ; -   ; -   ; -   ; -   ; -   ; 2 ; -   ; -   ; -   ; -   ; -   ; -   ; -   ; -   ; -   ; 2 
25524; -   ; -   ; -   ; -   ; -   ; -   ; -   ; -   ; -   ; -   ; -   ; 1 ; -   ; -   ; -   ; -   ; -   ; -   ; 1 
25530; -   ; -   ; -   ; -   ; -   ; -   ; -   ; 1 ; -   ; -   ; -   ; -   ; -   ; -   ; -   ; -   ; -   ; -   ; 1 
25535; -   ; -   ; -   ; -   ; -   ; -   ; -   ; -   ; -   ; -   ; -   ; 1 ; -   ; -   ; -   ; -   ; 1 ; -   ; 2 
25572; -   ; -   ; -   ; -   ; -   ; -   ; -   ; -   ; -   ; -   ; -   ; 1 ; -   ; 1 ; -   ; -   ; -   ; -   ; 2 
25592; -   ; -   ; -   ; -   ; -   ; -   ; 1 ; -   ; -   ; 1 ; -   ; -   ; -   ; -   ; -   ; -   ; -   ; -   ; 2 
25594; -   ; -   ; -   ; -   ; -   ; -   ; -   ; 1 ; -   ; -   ; -   ; -   ; -   ; -   ; -   ; -   ; -   ; -   ; 1 
25612; -   ; -   ; -   ; -   ; -   ; -   ; -   ; -   ; -   ; 1 ; -   ; -   ; -   ; -   ; -   ; -   ; -   ; -   ; 1 
25658; -   ; -   ; -   ; -   ; -   ; -   ; -   ; -   ; -   ; -   ; 1 ; -   ; -   ; -   ; -   ; -   ; -   ; -   ; 1 
25718; -   ; -   ; -   ; -   ; -   ; 1 ; -   ; 1 ; -   ; -   ; -   ; -   ; -   ; -   ; 1 ; -   ; -   ; -   ; 3 
25736; -   ; -   ; -   ; -   ; -   ; -   ; -   ; 1 ; -   ; -   ; -   ; -   ; -   ; -   ; -   ; -   ; -   ; -   ; 1 
25740; -   ; -   ; -   ; -   ; -   ; 2 ; -   ; 2 ; 1 ; -   ; 1 ; -   ; -   ; -   ; -   ; -   ; -   ; -   ; 6 
25743; -   ; -   ; -   ; -   ; -   ; -   ; 2 ; -   ; 1 ; -   ; -   ; -   ; -   ; -   ; -   ; -   ; -   ; -   ; 3 
25745; -   ; -   ; -   ; -   ; 1 ; -   ; -   ; -   ; -   ; -   ; -   ; -   ; -   ; -   ; -   ; -   ; -   ; -   ; 1 
25754; 2 ; 1 ; 1 ; 12 ; 12 ; 29 ; 37 ; 20 ; 15 ; 8 ; 4 ; -   ; 4 ; 1 ; 2 ; -   ; -   ; -   ; 148 
25758; -   ; -   ; -   ; -   ; -   ; -   ; -   ; -   ; 1 ; -   ; -   ; -   ; -   ; -   ; -   ; -   ; -   ; -   ; 1 
25769; -   ; -   ; -   ; -   ; -   ; 1 ; 1 ; -   ; -   ; -   ; -   ; -   ; -   ; -   ; -   ; -   ; -   ; -   ; 2 
25772; -   ; -   ; -   ; -   ; -   ; -   ; 1 ; -   ; -   ; -   ; 1 ; -   ; -   ; -   ; -   ; -   ; -   ; -   ; 2 
25799; -   ; -   ; -   ; -   ; -   ; -   ; 1 ; -   ; -   ; -   ; -   ; -   ; -   ; -   ; -   ; -   ; -   ; -   ; 1 
25805; -   ; -   ; -   ; -   ; -   ; -   ; -   ; -   ; -   ; -   ; -   ; -   ; 1 ; -   ; -   ; -   ; -   ; -   ; 1 
25807; -   ; -   ; -   ; -   ; -   ; -   ; -   ; -   ; -   ; -   ; -   ; -   ; 1 ; -   ; -   ; -   ; -   ; -   ; 1 
25815; -   ; -   ; -   ; -   ; -   ; -   ; -   ; -   ; -   ; -   ; -   ; -   ; -   ; -   ; -   ; 1 ; -   ; -   ; 1 
25817; 1 ; -   ; -   ; -   ; -   ; 1 ; -   ; -   ; -   ; -   ; -   ; -   ; -   ; -   ; -   ; -   ; -   ; -   ; 2 
25862; -   ; -   ; -   ; -   ; -   ; -   ; -   ; -   ; -   ; 1 ; -   ; -   ; -   ; -   ; -   ; -   ; -   ; -   ; 1 
25867; -   ; -   ; -   ; -   ; -   ; -   ; -   ; -   ; -   ; -   ; -   ; -   ; 1 ; -   ; -   ; -   ; -   ; -   ; 1 
25843; -   ; -   ; -   ; 1 ; 1 ; 1 ; 1 ; 2 ; 1 ; -   ; -   ; -   ; -   ; -   ; -   ; -   ; -   ; -   ; 7 
25871; -   ; -   ; -   ; -   ; -   ; -   ; -   ; -   ; -   ; -   ; 1 ; -   ; -   ; -   ; -   ; -   ; -   ; -   ; 1 
25873; -   ; -   ; -   ; -   ; -   ; -   ; 1 ; -   ; -   ; -   ; -   ; -   ; -   ; -   ; -   ; -   ; -   ; -   ; 1 
25875; -   ; -   ; -   ; -   ; -   ; -   ; -   ; 2 ; 1 ; 1 ; -   ; -   ; -   ; -   ; -   ; -   ; -   ; -   ; 4 
25878; -   ; -   ; -   ; -   ; -   ; -   ; -   ; -   ; -   ; -   ; -   ; -   ; -   ; 1 ; -   ; -   ; -   ; -   ; 1 
25885; -   ; -   ; -   ; -   ; -   ; -   ; -   ; -   ; -   ; -   ; -   ; 2 ; -   ; -   ; -   ; -   ; -   ; -   ; 2 
25899; -   ; -   ; -   ; 2 ; 1 ; 1 ; 1 ; 2 ; 2 ; -   ; 1 ; -   ; 1 ; -   ; -   ; -   ; -   ; -   ; 11 
94001; -   ; -   ; -   ; -   ; -   ; 1 ; -   ; -   ; 1 ; 1 ; 1 ; -   ; -   ; -   ; -   ; -   ; -   ; -   ; 4 
94663; -   ; -   ; -   ; -   ; -   ; -   ; -   ; -   ; -   ; -   ; -   ; -   ; 1 ; -   ; -   ; -   ; -   ; -   ; 1 
95015; -   ; -   ; -   ; -   ; -   ; -   ; -   ; 1 ; -   ; 1 ; -   ; -   ; -   ; -   ; -   ; -   ; -   ; -   ; 2 
95025; -   ; -   ; -   ; -   ; 1 ; -   ; -   ; -   ; 1 ; -   ; -   ; -   ; -   ; -   ; -   ; -   ; -   ; -   ; 2 
95200; -   ; -   ; -   ; -   ; -   ; -   ; -   ; -   ; -   ; -   ; 1 ; -   ; -   ; -   ; -   ; -   ; -   ; -   ; 1 
95001; -   ; -   ; -   ; -   ; -   ; 4 ; 3 ; 1 ; 2 ; -   ; 2 ; -   ; 1 ; -   ; -   ; -   ; -   ; -   ; 13 
41006; -   ; -   ; -   ; 1 ; -   ; 4 ; 3 ; 2 ; 3 ; 3 ; 1 ; -   ; 1 ; 1 ; -   ; -   ; -   ; -   ; 19 
41013; -   ; -   ; -   ; -   ; -   ; 1 ; -   ; -   ; -   ; -   ; -   ; -   ; -   ; -   ; -   ; -   ; -   ; -   ; 1 
41016; -   ; -   ; -   ; -   ; -   ; -   ; -   ; 1 ; -   ; -   ; -   ; -   ; -   ; -   ; -   ; -   ; -   ; -   ; 1 
41020; -   ; -   ; -   ; 2 ; 2 ; 1 ; 3 ; 3 ; 3 ; 2 ; 5 ; -   ; 1 ; -   ; 1 ; 1 ; -   ; -   ; 24 
41078; -   ; -   ; -   ; -   ; -   ; -   ; -   ; 1 ; -   ; 1 ; -   ; -   ; -   ; -   ; -   ; -   ; -   ; -   ; 2 
41132; -   ; -   ; 1 ; 1 ; -   ; 4 ; 2 ; 2 ; 1 ; 1 ; 2 ; -   ; 1 ; -   ; -   ; 1 ; -   ; -   ; 16 
41206; -   ; -   ; -   ; -   ; -   ; -   ; 2 ; -   ; -   ; -   ; -   ; -   ; -   ; -   ; -   ; -   ; -   ; -   ; 2 
41298; 1 ; -   ; -   ; -   ; -   ; 1 ; 2 ; 2 ; -   ; -   ; -   ; -   ; -   ; -   ; -   ; -   ; -   ; -   ; 6 
41306; -   ; -   ; -   ; -   ; 1 ; 1 ; 1 ; -   ; -   ; -   ; 1 ; -   ; -   ; -   ; -   ; -   ; -   ; 1 ; 5 
41319; -   ; -   ; -   ; 1 ; -   ; -   ; 1 ; -   ; -   ; -   ; -   ; -   ; -   ; -   ; -   ; -   ; -   ; -   ; 2 
41357; -   ; -   ; -   ; -   ; -   ; -   ; -   ; -   ; -   ; -   ; -   ; -   ; -   ; -   ; 1 ; -   ; -   ; -   ; 1 
41359; -   ; -   ; -   ; 1 ; -   ; -   ; -   ; -   ; -   ; -   ; -   ; -   ; -   ; -   ; 1 ; -   ; -   ; -   ; 2 
41378; -   ; -   ; -   ; -   ; -   ; 1 ; -   ; -   ; -   ; -   ; -   ; -   ; -   ; -   ; -   ; -   ; -   ; -   ; 1 
41396; -   ; -   ; -   ; -   ; -   ; 2 ; 1 ; 3 ; 1 ; -   ; 2 ; -   ; -   ; 1 ; -   ; -   ; -   ; -   ; 10 
41001; 1 ; -   ; 1 ; 3 ; 7 ; 11 ; 10 ; 9 ; 5 ; 6 ; 4 ; 4 ; 2 ; 6 ; 2 ; 2 ; -   ; 1 ; 74 
41503; -   ; -   ; -   ; 1 ; -   ; -   ; -   ; -   ; -   ; 1 ; -   ; -   ; -   ; -   ; -   ; -   ; -   ; -   ; 2 
41524; -   ; -   ; -   ; -   ; -   ; -   ; 2 ; 1 ; -   ; -   ; -   ; -   ; -   ; -   ; -   ; -   ; -   ; -   ; 3 
41530; -   ; -   ; -   ; -   ; -   ; 1 ; -   ; -   ; -   ; 1 ; -   ; -   ; -   ; -   ; -   ; -   ; -   ; -   ; 2 
41548; -   ; -   ; -   ; -   ; -   ; -   ; -   ; -   ; -   ; 1 ; -   ; -   ; -   ; -   ; -   ; -   ; -   ; -   ; 1 
41551; -   ; -   ; -   ; 2 ; 2 ; 10 ; 4 ; 3 ; 1 ; 5 ; 1 ; 3 ; 3 ; 1 ; -   ; 1 ; -   ; -   ; 36 
41615; -   ; -   ; -   ; -   ; -   ; -   ; -   ; -   ; 1 ; -   ; -   ; 2 ; 1 ; 1 ; -   ; -   ; -   ; -   ; 5 
41660; -   ; -   ; -   ; -   ; -   ; -   ; 1 ; -   ; -   ; -   ; -   ; 1 ; -   ; -   ; -   ; -   ; -   ; -   ; 2 
41668; -   ; -   ; 1 ; 1 ; 1 ; -   ; -   ; 1 ; -   ; -   ; -   ; -   ; 1 ; -   ; -   ; -   ; -   ; -   ; 5 
41676; -   ; -   ; -   ; -   ; -   ; -   ; -   ; 1 ; -   ; -   ; -   ; -   ; -   ; -   ; -   ; -   ; -   ; -   ; 1 
41770; -   ; -   ; -   ; 1 ; 1 ; 2 ; -   ; 1 ; -   ; -   ; 1 ; 1 ; -   ; -   ; -   ; -   ; -   ; -   ; 7 
41791; -   ; -   ; -   ; -   ; -   ; -   ; -   ; -   ; -   ; -   ; -   ; -   ; -   ; -   ; 1 ; -   ; -   ; -   ; 1 
41799; -   ; -   ; -   ; -   ; -   ; 4 ; -   ; -   ; -   ; -   ; 1 ; -   ; -   ; -   ; -   ; -   ; -   ; -   ; 5 
41801; -   ; -   ; -   ; -   ; -   ; -   ; 1 ; -   ; -   ; -   ; -   ; -   ; -   ; 1 ; -   ; -   ; -   ; -   ; 2 
41885; -   ; -   ; -   ; -   ; -   ; -   ; -   ; -   ; -   ; -   ; -   ; -   ; -   ; -   ; -   ; -   ; -   ; 1 ; 1 
44035; -   ; -   ; -   ; -   ; -   ; 1 ; -   ; 1 ; -   ; -   ; -   ; -   ; -   ; -   ; -   ; -   ; -   ; -   ; 2 
44078; 1 ; -   ; -   ; -   ; -   ; 2 ; 1 ; 1 ; 1 ; 1 ; 1 ; 1 ; -   ; -   ; 1 ; -   ; -   ; -   ; 10 
44090; -   ; -   ; -   ; -   ; -   ; 2 ; 1 ; 1 ; -   ; 1 ; 1 ; -   ; -   ; -   ; -   ; -   ; -   ; -   ; 6 
44279; -   ; -   ; -   ; -   ; -   ; -   ; 1 ; 2 ; 1 ; 1 ; -   ; -   ; 1 ; 2 ; -   ; -   ; -   ; -   ; 8 
44378; -   ; -   ; -   ; -   ; 1 ; -   ; 2 ; -   ; -   ; -   ; -   ; -   ; -   ; -   ; -   ; -   ; -   ; -   ; 3 
44430; -   ; 1 ; 2 ; 2 ; 7 ; 17 ; 14 ; 15 ; 10 ; 7 ; 8 ; 1 ; 2 ; -   ; 2 ; -   ; -   ; -   ; 88 
44560; -   ; -   ; -   ; -   ; -   ; -   ; -   ; 1 ; -   ; -   ; -   ; -   ; -   ; -   ; -   ; -   ; -   ; -   ; 1 
44001; 1 ; -   ; -   ; 2 ; 3 ; 8 ; 7 ; 11 ; 2 ; 9 ; 3 ; 2 ; 3 ; 3 ; -   ; 1 ; -   ; -   ; 55 
44650; -   ; -   ; -   ; -   ; -   ; 2 ; -   ; -   ; -   ; -   ; -   ; -   ; 1 ; -   ; -   ; -   ; -   ; -   ; 3 
44847; -   ; -   ; -   ; -   ; 1 ; 1 ; 2 ; 3 ; 3 ; -   ; -   ; -   ; -   ; -   ; -   ; -   ; -   ; -   ; 10 
47030; -   ; -   ; -   ; -   ; 1 ; 1 ; -   ; -   ; -   ; -   ; -   ; -   ; -   ; -   ; -   ; -   ; -   ; -   ; 2 
47053; -   ; -   ; -   ; -   ; 2 ; 1 ; 4 ; 2 ; -   ; 1 ; -   ; -   ; -   ; -   ; -   ; -   ; -   ; -   ; 10 
47058; -   ; -   ; -   ; -   ; -   ; 2 ; -   ; 1 ; -   ; -   ; 1 ; -   ; -   ; -   ; -   ; -   ; -   ; -   ; 4 
47189; 1 ; -   ; -   ; 2 ; 1 ; 13 ; 8 ; 7 ; 6 ; 1 ; 3 ; 1 ; -   ; 2 ; -   ; -   ; -   ; -   ; 45 
47245; -   ; -   ; -   ; -   ; 1 ; 2 ; 2 ; -   ; -   ; 1 ; -   ; -   ; -   ; 1 ; -   ; -   ; -   ; -   ; 7 
47268; -   ; -   ; -   ; -   ; -   ; -   ; -   ; 1 ; 1 ; -   ; 1 ; -   ; -   ; -   ; -   ; -   ; -   ; -   ; 3 
47288; -   ; -   ; -   ; 1 ; 1 ; 3 ; 6 ; 2 ; 2 ; 1 ; -   ; 1 ; -   ; -   ; -   ; -   ; -   ; -   ; 17 
47318; -   ; -   ; -   ; -   ; -   ; -   ; -   ; -   ; -   ; -   ; -   ; -   ; -   ; 1 ; 1 ; -   ; -   ; -   ; 2 
47460; -   ; -   ; -   ; -   ; -   ; 2 ; -   ; 1 ; 1 ; -   ; -   ; -   ; -   ; -   ; -   ; -   ; -   ; -   ; 4 
47541; -   ; -   ; -   ; -   ; -   ; 1 ; -   ; -   ; -   ; -   ; -   ; -   ; -   ; -   ; -   ; -   ; -   ; -   ; 1 
47551; -   ; -   ; -   ; -   ; -   ; -   ; -   ; 3 ; 1 ; 1 ; -   ; -   ; 1 ; 1 ; -   ; -   ; -   ; -   ; 7 
47555; -   ; -   ; -   ; -   ; -   ; 2 ; 2 ; 1 ; 1 ; -   ; 1 ; 1 ; 1 ; -   ; -   ; -   ; -   ; -   ; 9 
47570; -   ; -   ; -   ; -   ; 1 ; 2 ; 2 ; -   ; -   ; 1 ; -   ; 1 ; -   ; -   ; -   ; -   ; -   ; -   ; 7 
47605; -   ; -   ; -   ; -   ; -   ; -   ; -   ; -   ; -   ; 1 ; -   ; -   ; -   ; -   ; -   ; -   ; -   ; -   ; 1 
47660; -   ; -   ; -   ; -   ; -   ; -   ; 1 ; 1 ; -   ; -   ; -   ; -   ; -   ; -   ; -   ; -   ; -   ; -   ; 2 
47703; -   ; -   ; -   ; -   ; -   ; -   ; -   ; -   ; -   ; -   ; -   ; 1 ; -   ; -   ; -   ; -   ; -   ; -   ; 1 
47707; -   ; -   ; -   ; -   ; -   ; 1 ; -   ; -   ; -   ; -   ; -   ; -   ; -   ; -   ; -   ; -   ; -   ; -   ; 1 
47001; -   ; -   ; -   ; -   ; 6 ; 15 ; 32 ; 19 ; 25 ; 9 ; 7 ; 3 ; 4 ; 5 ; 1 ; 1 ; -   ; -   ; 127 
47745; -   ; -   ; -   ; -   ; 1 ; 2 ; -   ; 1 ; -   ; 1 ; -   ; 1 ; -   ; -   ; 1 ; -   ; -   ; -   ; 7 
47980; -   ; -   ; -   ; 3 ; 2 ; 6 ; 5 ; 2 ; -   ; 3 ; 3 ; 3 ; 1 ; 1 ; 1 ; -   ; -   ; -   ; 30 
50006; -   ; -   ; -   ; 1 ; -   ; 7 ; 5 ; 2 ; 1 ; 1 ; 1 ; -   ; 1 ; -   ; -   ; -   ; -   ; -   ; 19 
50110; -   ; -   ; -   ; -   ; -   ; 1 ; 2 ; 1 ; 1 ; -   ; -   ; -   ; -   ; -   ; -   ; -   ; -   ; -   ; 5 
50124; -   ; -   ; -   ; -   ; -   ; 1 ; -   ; -   ; -   ; -   ; -   ; -   ; -   ; -   ; -   ; -   ; -   ; -   ; 1 
50150; -   ; -   ; -   ; 1 ; -   ; 1 ; -   ; -   ; 1 ; -   ; -   ; -   ; -   ; -   ; -   ; -   ; -   ; -   ; 3 
50226; -   ; -   ; -   ; -   ; -   ; -   ; -   ; 1 ; 1 ; -   ; -   ; -   ; -   ; -   ; -   ; -   ; -   ; -   ; 2 
50251; -   ; -   ; -   ; -   ; -   ; -   ; -   ; -   ; -   ; -   ; -   ; -   ; 2 ; -   ; -   ; -   ; -   ; -   ; 2 
50287; -   ; -   ; -   ; -   ; -   ; -   ; -   ; -   ; -   ; -   ; -   ; 1 ; -   ; -   ; 1 ; -   ; -   ; -   ; 2 
50313; -   ; -   ; -   ; -   ; 2 ; 6 ; 4 ; 2 ; 4 ; 1 ; 2 ; 1 ; -   ; -   ; -   ; -   ; -   ; -   ; 22 
50318; -   ; -   ; -   ; -   ; -   ; -   ; -   ; 1 ; 1 ; 2 ; 2 ; -   ; -   ; -   ; -   ; -   ; -   ; -   ; 6 
50350; -   ; -   ; -   ; -   ; -   ; 10 ; 6 ; 2 ; 4 ; 1 ; 2 ; 2 ; 1 ; -   ; 1 ; -   ; -   ; -   ; 29 
50325; 2 ; -   ; -   ; -   ; -   ; -   ; 1 ; 1 ; -   ; -   ; -   ; -   ; -   ; -   ; 1 ; -   ; -   ; -   ; 5 
50330; -   ; -   ; -   ; -   ; -   ; 4 ; -   ; 1 ; -   ; -   ; -   ; -   ; -   ; -   ; -   ; -   ; -   ; -   ; 5 
50450; -   ; -   ; -   ; -   ; -   ; -   ; 1 ; -   ; -   ; -   ; -   ; -   ; -   ; -   ; -   ; 1 ; -   ; -   ; 2 
50568; -   ; -   ; -   ; 1 ; 2 ; 1 ; 1 ; 1 ; 4 ; 4 ; 3 ; 2 ; 1 ; -   ; -   ; -   ; -   ; -   ; 20 
50577; -   ; -   ; -   ; -   ; -   ; 1 ; -   ; 1 ; -   ; 1 ; -   ; -   ; -   ; -   ; -   ; -   ; -   ; -   ; 3 
50573; -   ; -   ; -   ; -   ; -   ; 2 ; -   ; -   ; -   ; 1 ; -   ; 1 ; 2 ; -   ; 1 ; -   ; -   ; -   ; 7 
50590; -   ; -   ; -   ; -   ; -   ; -   ; 1 ; -   ; -   ; -   ; 1 ; -   ; -   ; -   ; -   ; -   ; -   ; -   ; 2 
50606; -   ; -   ; -   ; -   ; 1 ; -   ; -   ; -   ; 1 ; -   ; -   ; -   ; -   ; -   ; -   ; -   ; -   ; -   ; 2 
50680; -   ; -   ; -   ; -   ; -   ; -   ; -   ; 2 ; -   ; -   ; 1 ; -   ; -   ; -   ; -   ; -   ; -   ; -   ; 3 
50683; -   ; -   ; -   ; -   ; -   ; -   ; -   ; -   ; -   ; 2 ; -   ; 1 ; -   ; -   ; 2 ; -   ; -   ; -   ; 5 
50689; -   ; -   ; -   ; -   ; 2 ; 5 ; 2 ; 1 ; 1 ; -   ; 1 ; -   ; -   ; -   ; -   ; -   ; -   ; -   ; 12 
50370; -   ; -   ; 1 ; -   ; -   ; -   ; 1 ; 3 ; 2 ; 2 ; 1 ; -   ; -   ; -   ; -   ; -   ; -   ; -   ; 10 
50001; -   ; -   ; 2 ; 5 ; 6 ; 26 ; 17 ; 8 ; 8 ; 8 ; 5 ; 6 ; 4 ; 2 ; 2 ; -   ; -   ; -   ; 99 
50711; -   ; -   ; -   ; -   ; -   ; -   ; 1 ; -   ; 7 ; -   ; -   ; 1 ; -   ; -   ; -   ; 1 ; -   ; -   ; 10 
52019; -   ; -   ; -   ; -   ; -   ; -   ; -   ; -   ; -   ; -   ; -   ; -   ; -   ; 1 ; -   ; -   ; -   ; -   ; 1 
52022; -   ; -   ; -   ; -   ; -   ; -   ; -   ; -   ; -   ; 1 ; -   ; -   ; -   ; -   ; -   ; -   ; -   ; -   ; 1 
52079; -   ; -   ; -   ; -   ; -   ; 1 ; -   ; 1 ; 2 ; 1 ; 1 ; -   ; -   ; -   ; -   ; -   ; -   ; -   ; 6 
52110; -   ; -   ; -   ; -   ; -   ; -   ; 3 ; -   ; 1 ; -   ; -   ; -   ; -   ; -   ; -   ; -   ; -   ; -   ; 4 
52203; -   ; 1 ; -   ; -   ; -   ; -   ; -   ; -   ; -   ; -   ; -   ; -   ; -   ; -   ; -   ; 1 ; -   ; -   ; 2 
52227; -   ; -   ; -   ; -   ; -   ; 1 ; -   ; 1 ; -   ; -   ; -   ; -   ; -   ; -   ; -   ; -   ; -   ; -   ; 2 
52250; -   ; -   ; -   ; -   ; 1 ; -   ; -   ; -   ; -   ; -   ; -   ; -   ; -   ; -   ; -   ; -   ; -   ; -   ; 1 
52520; -   ; -   ; -   ; -   ; -   ; -   ; -   ; 1 ; 1 ; -   ; -   ; -   ; -   ; 1 ; -   ; -   ; -   ; -   ; 3 
52287; -   ; -   ; -   ; -   ; -   ; -   ; -   ; -   ; -   ; -   ; -   ; 1 ; -   ; -   ; -   ; -   ; -   ; -   ; 1 
52323; -   ; -   ; -   ; -   ; -   ; 1 ; -   ; -   ; -   ; -   ; -   ; -   ; -   ; -   ; -   ; -   ; -   ; -   ; 1 
52356; -   ; -   ; 1 ; 2 ; 1 ; 6 ; 10 ; 3 ; 4 ; 4 ; 3 ; 5 ; 1 ; -   ; 1 ; -   ; -   ; 1 ; 42 
52399; -   ; -   ; -   ; -   ; -   ; -   ; -   ; -   ; 1 ; -   ; -   ; -   ; -   ; -   ; -   ; -   ; -   ; -   ; 1 
52405; -   ; -   ; -   ; -   ; -   ; -   ; 1 ; 1 ; -   ; -   ; 1 ; 2 ; -   ; -   ; -   ; -   ; -   ; -   ; 5 
52411; -   ; -   ; -   ; -   ; -   ; -   ; 1 ; -   ; -   ; -   ; -   ; -   ; -   ; -   ; -   ; -   ; -   ; -   ; 1 
52427; -   ; -   ; -   ; -   ; -   ; 1 ; 1 ; -   ; -   ; -   ; -   ; -   ; -   ; -   ; -   ; -   ; -   ; -   ; 2 
52473; -   ; -   ; -   ; -   ; -   ; 1 ; -   ; -   ; -   ; -   ; -   ; 1 ; -   ; -   ; -   ; -   ; -   ; -   ; 2 
52490; -   ; -   ; -   ; -   ; -   ; 1 ; -   ; -   ; -   ; -   ; -   ; -   ; -   ; -   ; -   ; -   ; -   ; -   ; 1 
52001; -   ; -   ; -   ; 2 ; 4 ; 7 ; 14 ; 8 ; 8 ; 3 ; 3 ; 4 ; 1 ; 5 ; -   ; -   ; 1 ; 1 ; 61 
52540; -   ; -   ; -   ; -   ; -   ; -   ; 1 ; 1 ; -   ; 2 ; -   ; -   ; -   ; -   ; -   ; -   ; -   ; -   ; 4 
52560; -   ; -   ; -   ; -   ; -   ; -   ; -   ; -   ; -   ; -   ; -   ; 1 ; -   ; -   ; -   ; -   ; -   ; -   ; 1 
52612; -   ; -   ; -   ; -   ; 2 ; -   ; 1 ; -   ; -   ; -   ; -   ; -   ; -   ; -   ; -   ; -   ; -   ; -   ; 3 
52621; -   ; -   ; -   ; 1 ; -   ; -   ; 2 ; 1 ; -   ; 1 ; -   ; -   ; -   ; -   ; -   ; -   ; -   ; -   ; 5 
52678; -   ; -   ; -   ; -   ; 2 ; 4 ; 3 ; 2 ; -   ; 1 ; -   ; -   ; -   ; -   ; -   ; -   ; -   ; -   ; 12 
52835; -   ; -   ; 2 ; 10 ; 13 ; 55 ; 36 ; 24 ; 19 ; 17 ; 9 ; 8 ; 3 ; 2 ; 1 ; -   ; -   ; -   ; 199 
52693; -   ; -   ; -   ; -   ; -   ; -   ; -   ; -   ; 1 ; -   ; -   ; -   ; -   ; 1 ; -   ; -   ; -   ; -   ; 2 
52683; -   ; -   ; -   ; -   ; 1 ; 1 ; -   ; -   ; -   ; -   ; -   ; -   ; -   ; -   ; -   ; -   ; -   ; -   ; 2 
52696; -   ; -   ; -   ; -   ; -   ; 1 ; -   ; -   ; -   ; -   ; 1 ; 1 ; -   ; -   ; -   ; -   ; -   ; -   ; 3 
52720; -   ; -   ; -   ; -   ; -   ; 1 ; -   ; -   ; -   ; -   ; -   ; -   ; -   ; -   ; -   ; -   ; -   ; -   ; 1 
52788; -   ; -   ; -   ; -   ; -   ; 1 ; -   ; -   ; -   ; -   ; -   ; -   ; -   ; -   ; -   ; -   ; -   ; -   ; 1 
52838; -   ; -   ; -   ; -   ; -   ; -   ; 1 ; -   ; -   ; 1 ; -   ; -   ; -   ; -   ; -   ; -   ; -   ; -   ; 2 
54003; -   ; -   ; -   ; -   ; 1 ; 3 ; 5 ; 2 ; -   ; -   ; 1 ; 1 ; -   ; -   ; -   ; -   ; -   ; -   ; 13 
54051; -   ; -   ; -   ; -   ; -   ; -   ; -   ; 1 ; -   ; 1 ; -   ; -   ; -   ; -   ; -   ; -   ; -   ; -   ; 2 
54109; -   ; -   ; -   ; -   ; -   ; -   ; 1 ; 2 ; -   ; -   ; -   ; -   ; -   ; -   ; -   ; -   ; -   ; -   ; 3 
54174; -   ; -   ; -   ; -   ; -   ; -   ; 1 ; 2 ; -   ; -   ; -   ; 1 ; -   ; -   ; -   ; -   ; -   ; -   ; 4 
54206; -   ; -   ; -   ; 1 ; 2 ; 4 ; 5 ; 2 ; -   ; -   ; -   ; 1 ; -   ; 2 ; -   ; -   ; -   ; -   ; 17 
54001; 1 ; -   ; 1 ; 5 ; 11 ; 62 ; 64 ; 47 ; 22 ; 19 ; 13 ; 15 ; 7 ; 8 ; 2 ; 3 ; 3 ; 1 ; 284 
54245; -   ; -   ; -   ; -   ; -   ; 1 ; 4 ; -   ; 1 ; -   ; -   ; -   ; -   ; -   ; -   ; -   ; -   ; -   ; 6 
54250; -   ; -   ; -   ; -   ; -   ; 2 ; 3 ; -   ; 3 ; 1 ; -   ; -   ; -   ; -   ; -   ; -   ; 1 ; -   ; 10 
54261; -   ; -   ; -   ; -   ; -   ; -   ; -   ; 2 ; 1 ; -   ; -   ; -   ; -   ; 1 ; -   ; 1 ; -   ; -   ; 5 
54313; -   ; -   ; -   ; -   ; 1 ; -   ; -   ; -   ; -   ; -   ; -   ; -   ; -   ; -   ; -   ; -   ; -   ; -   ; 1 
54344; -   ; -   ; -   ; -   ; -   ; 2 ; -   ; 1 ; -   ; -   ; 1 ; -   ; -   ; -   ; -   ; -   ; -   ; -   ; 4 
54347; -   ; -   ; -   ; -   ; -   ; -   ; -   ; -   ; 1 ; -   ; -   ; -   ; -   ; -   ; -   ; -   ; -   ; -   ; 1 
54385; -   ; -   ; -   ; -   ; -   ; -   ; -   ; 1 ; -   ; -   ; -   ; -   ; -   ; -   ; -   ; -   ; -   ; -   ; 1 
54398; -   ; -   ; -   ; -   ; -   ; -   ; -   ; -   ; 1 ; -   ; 1 ; -   ; -   ; -   ; -   ; -   ; -   ; -   ; 2 
54405; -   ; -   ; -   ; -   ; -   ; 1 ; 2 ; 4 ; -   ; 2 ; 1 ; -   ; 1 ; 1 ; 1 ; -   ; -   ; -   ; 13 
54498; -   ; -   ; 1 ; -   ; 1 ; 6 ; 11 ; 12 ; 1 ; 2 ; 3 ; 2 ; -   ; 1 ; -   ; -   ; -   ; -   ; 40 
54518; -   ; -   ; -   ; 1 ; -   ; 1 ; -   ; -   ; -   ; -   ; 1 ; -   ; -   ; -   ; -   ; 1 ; -   ; -   ; 4 
54553; -   ; -   ; -   ; 1 ; 2 ; 6 ; 8 ; 3 ; 5 ; 2 ; 1 ; -   ; -   ; -   ; -   ; -   ; -   ; -   ; 28 
54670; -   ; -   ; -   ; -   ; -   ; 1 ; -   ; -   ; -   ; -   ; -   ; -   ; -   ; -   ; -   ; -   ; -   ; -   ; 1 
54673; -   ; -   ; -   ; -   ; -   ; -   ; -   ; 1 ; -   ; -   ; -   ; -   ; -   ; -   ; -   ; -   ; -   ; -   ; 1 
54720; 1 ; -   ; -   ; -   ; 1 ; 6 ; 4 ; 1 ; 3 ; 3 ; -   ; -   ; -   ; -   ; -   ; -   ; -   ; -   ; 19 
54743; -   ; -   ; -   ; -   ; -   ; 1 ; -   ; -   ; -   ; -   ; -   ; -   ; 1 ; -   ; -   ; -   ; -   ; -   ; 2 
54800; -   ; -   ; -   ; -   ; -   ; 1 ; 1 ; 1 ; -   ; -   ; -   ; -   ; 1 ; -   ; -   ; -   ; -   ; -   ; 4 
54810; -   ; -   ; -   ; -   ; 3 ; 27 ; 15 ; 15 ; 5 ; 7 ; 7 ; -   ; 1 ; 3 ; -   ; -   ; -   ; -   ; 83 
54820; -   ; -   ; -   ; -   ; -   ; -   ; -   ; -   ; 1 ; -   ; -   ; -   ; 1 ; -   ; -   ; -   ; -   ; -   ; 2 
54874; -   ; -   ; -   ; -   ; 5 ; 7 ; 12 ; 11 ; 5 ; 1 ; 2 ; -   ; 3 ; -   ; -   ; -   ; -   ; -   ; 46 
86001; -   ; -   ; -   ; -   ; -   ; -   ; 1 ; 3 ; -   ; -   ; 3 ; 1 ; 1 ; -   ; -   ; -   ; -   ; -   ; 9 
86320; -   ; -   ; 1 ; -   ; 1 ; 2 ; 5 ; -   ; 2 ; -   ; -   ; 1 ; -   ; -   ; -   ; -   ; -   ; -   ; 12 
86568; -   ; -   ; -   ; 2 ; 1 ; 8 ; 9 ; 9 ; 5 ; 2 ; 2 ; 1 ; 3 ; -   ; -   ; -   ; -   ; -   ; 42 
86569; -   ; -   ; -   ; -   ; -   ; 1 ; 5 ; 3 ; 2 ; 1 ; 1 ; 1 ; -   ; 1 ; -   ; -   ; -   ; -   ; 15 
86571; -   ; -   ; -   ; 1 ; -   ; -   ; 2 ; 3 ; 5 ; 4 ; 2 ; 3 ; -   ; -   ; 1 ; -   ; -   ; -   ; 21 
86573; -   ; -   ; 2 ; 2 ; 1 ; 2 ; 1 ; 3 ; 3 ; 4 ; 2 ; 2 ; 2 ; -   ; -   ; -   ; -   ; -   ; 24 
86757; -   ; -   ; -   ; -   ; -   ; -   ; 1 ; -   ; 2 ; -   ; 2 ; 1 ; -   ; -   ; -   ; -   ; -   ; 1 ; 7 
86760; -   ; -   ; -   ; -   ; -   ; 1 ; -   ; -   ; -   ; -   ; -   ; -   ; -   ; -   ; -   ; -   ; -   ; -   ; 1 
86865; -   ; -   ; -   ; -   ; -   ; 5 ; 3 ; 1 ; -   ; -   ; 3 ; 1 ; -   ; -   ; -   ; -   ; -   ; -   ; 13 
86885; -   ; -   ; -   ; 3 ; -   ; 1 ; 1 ; 3 ; 1 ; 2 ; -   ; 1 ; 1 ; -   ; -   ; -   ; -   ; -   ; 13 
63001; -   ; -   ; -   ; 1 ; 3 ; 18 ; 19 ; 12 ; 10 ; 4 ; 4 ; 2 ; 2 ; 3 ; 1 ; -   ; -   ; 2 ; 81 
63130; -   ; -   ; -   ; 1 ; -   ; 5 ; 5 ; 3 ; -   ; 2 ; -   ; -   ; 2 ; -   ; 2 ; -   ; -   ; -   ; 20 
63190; -   ; -   ; 1 ; 1 ; -   ; 4 ; 2 ; 1 ; -   ; -   ; -   ; -   ; -   ; -   ; -   ; -   ; -   ; -   ; 9 
63272; -   ; -   ; -   ; -   ; -   ; -   ; -   ; -   ; -   ; -   ; -   ; -   ; -   ; 1 ; -   ; -   ; -   ; -   ; 1 
63401; -   ; -   ; -   ; 1 ; 1 ; 7 ; 4 ; 1 ; -   ; -   ; 2 ; -   ; -   ; -   ; -   ; -   ; -   ; -   ; 16 
63470; -   ; -   ; -   ; -   ; 3 ; 9 ; 4 ; 3 ; -   ; -   ; -   ; -   ; -   ; -   ; -   ; -   ; -   ; -   ; 19 
63548; -   ; -   ; -   ; -   ; -   ; 1 ; -   ; -   ; -   ; -   ; -   ; -   ; -   ; -   ; -   ; -   ; -   ; -   ; 1 
63594; -   ; -   ; -   ; 1 ; 3 ; 2 ; 3 ; 3 ; 1 ; 1 ; -   ; 1 ; -   ; 1 ; -   ; -   ; -   ; -   ; 16 
63690; -   ; -   ; -   ; -   ; -   ; -   ; -   ; -   ; -   ; -   ; 1 ; -   ; -   ; -   ; -   ; -   ; -   ; -   ; 1 
66045; -   ; -   ; -   ; -   ; -   ; 1 ; -   ; -   ; -   ; -   ; -   ; -   ; -   ; 1 ; -   ; 1 ; -   ; -   ; 3 
66075; -   ; -   ; -   ; -   ; -   ; 2 ; -   ; -   ; -   ; -   ; -   ; -   ; -   ; -   ; 1 ; -   ; -   ; -   ; 3 
66088; -   ; -   ; -   ; -   ; -   ; 1 ; 1 ; 1 ; 1 ; -   ; 1 ; 2 ; 1 ; -   ; -   ; -   ; -   ; -   ; 8 
66170; -   ; -   ; -   ; 1 ; 3 ; 4 ; 8 ; 6 ; 4 ; 4 ; 1 ; 1 ; 1 ; 2 ; 1 ; -   ; -   ; -   ; 36 
66318; -   ; -   ; -   ; -   ; 1 ; 1 ; -   ; -   ; -   ; -   ; -   ; -   ; -   ; -   ; -   ; -   ; -   ; -   ; 2 
66383; -   ; -   ; -   ; -   ; -   ; -   ; -   ; 1 ; -   ; -   ; -   ; 1 ; -   ; 2 ; -   ; -   ; 1 ; -   ; 5 
66400; -   ; -   ; -   ; -   ; 2 ; 1 ; 2 ; 1 ; 3 ; 1 ; -   ; -   ; -   ; -   ; -   ; 1 ; -   ; -   ; 11 
66440; -   ; -   ; 1 ; -   ; 1 ; 2 ; 1 ; -   ; 1 ; -   ; -   ; -   ; -   ; 1 ; -   ; -   ; -   ; -   ; 7 
66456; -   ; -   ; -   ; -   ; -   ; -   ; -   ; -   ; -   ; -   ; -   ; 1 ; -   ; -   ; -   ; -   ; -   ; -   ; 1 
66001; 1 ; -   ; 1 ; 2 ; 3 ; 21 ; 18 ; 19 ; 8 ; 17 ; 7 ; 3 ; 3 ; 4 ; -   ; -   ; 2 ; 1 ; 110 
66572; -   ; -   ; -   ; -   ; -   ; -   ; 1 ; 1 ; -   ; -   ; -   ; -   ; -   ; -   ; -   ; -   ; -   ; -   ; 2 
66594; -   ; -   ; -   ; -   ; -   ; -   ; -   ; -   ; -   ; -   ; -   ; -   ; 1 ; -   ; -   ; -   ; -   ; -   ; 1 
66682; -   ; -   ; -   ; -   ; 2 ; 1 ; 3 ; 1 ; 1 ; 1 ; -   ; -   ; 2 ; -   ; -   ; -   ; -   ; -   ; 11 
66687; -   ; -   ; -   ; -   ; -   ; -   ; 1 ; 3 ; -   ; -   ; 1 ; -   ; -   ; -   ; -   ; 1 ; -   ; 1 ; 7 
68077; -   ; -   ; -   ; -   ; -   ; -   ; 1 ; -   ; -   ; -   ; 1 ; -   ; -   ; -   ; -   ; -   ; -   ; -   ; 2 
68081; -   ; -   ; -   ; 2 ; 3 ; 8 ; 2 ; 5 ; 4 ; 2 ; -   ; -   ; -   ; 2 ; -   ; -   ; -   ; -   ; 28 
68101; -   ; -   ; -   ; -   ; -   ; 1 ; -   ; -   ; -   ; -   ; -   ; -   ; 1 ; -   ; -   ; -   ; -   ; -   ; 2 
68001; 2 ; -   ; 1 ; 3 ; 2 ; 34 ; 19 ; 22 ; 4 ; 4 ; 5 ; 5 ; 2 ; 5 ; 1 ; 3 ; -   ; -   ; 112 
68190; -   ; -   ; -   ; -   ; 1 ; 1 ; 2 ; 2 ; 4 ; 1 ; 1 ; -   ; 1 ; -   ; -   ; -   ; -   ; -   ; 13 
68235; -   ; -   ; -   ; -   ; -   ; -   ; -   ; -   ; -   ; -   ; -   ; 1 ; -   ; -   ; -   ; -   ; -   ; -   ; 1 
68250; -   ; -   ; -   ; -   ; -   ; -   ; -   ; -   ; 1 ; -   ; -   ; -   ; -   ; -   ; -   ; -   ; -   ; -   ; 1 
68255; -   ; -   ; -   ; -   ; -   ; 1 ; -   ; -   ; -   ; -   ; -   ; 1 ; -   ; -   ; -   ; -   ; -   ; -   ; 2 
68276; -   ; -   ; -   ; 1 ; 3 ; 7 ; 7 ; 3 ; 4 ; 4 ; 2 ; 1 ; 2 ; -   ; -   ; -   ; -   ; -   ; 34 
68307; 1 ; -   ; -   ; -   ; -   ; 8 ; 5 ; 3 ; 3 ; 2 ; 1 ; 1 ; -   ; -   ; -   ; -   ; -   ; -   ; 24 
68318; -   ; -   ; -   ; -   ; -   ; -   ; 1 ; -   ; -   ; -   ; -   ; -   ; -   ; -   ; -   ; -   ; -   ; -   ; 1 
68322; -   ; -   ; -   ; -   ; -   ; -   ; 1 ; -   ; -   ; -   ; -   ; -   ; -   ; -   ; -   ; -   ; -   ; -   ; 1 
68327; -   ; -   ; -   ; -   ; -   ; -   ; -   ; -   ; -   ; -   ; -   ; -   ; 1 ; -   ; -   ; -   ; -   ; -   ; 1 
68377; -   ; -   ; -   ; -   ; -   ; -   ; -   ; -   ; -   ; 1 ; -   ; -   ; -   ; -   ; -   ; -   ; -   ; -   ; 1 
68397; -   ; -   ; -   ; -   ; -   ; -   ; -   ; -   ; -   ; -   ; -   ; -   ; -   ; -   ; 1 ; -   ; -   ; -   ; 1 
68385; -   ; -   ; -   ; -   ; -   ; -   ; -   ; -   ; -   ; -   ; -   ; 1 ; -   ; -   ; -   ; -   ; -   ; -   ; 1 
68406; -   ; -   ; -   ; -   ; -   ; -   ; 1 ; 1 ; -   ; -   ; -   ; 1 ; -   ; -   ; -   ; -   ; -   ; -   ; 3 
68432; -   ; -   ; -   ; -   ; -   ; -   ; -   ; -   ; -   ; 1 ; -   ; -   ; -   ; -   ; -   ; -   ; -   ; -   ; 1 
68500; -   ; -   ; -   ; -   ; -   ; -   ; -   ; -   ; 1 ; -   ; -   ; -   ; -   ; -   ; -   ; -   ; -   ; -   ; 1 
68547; -   ; -   ; -   ; -   ; 1 ; 10 ; 6 ; 5 ; 1 ; 2 ; 1 ; -   ; -   ; -   ; -   ; -   ; -   ; -   ; 26 
68575; -   ; -   ; -   ; 2 ; -   ; 3 ; 1 ; -   ; 1 ; 2 ; 1 ; 1 ; -   ; -   ; -   ; -   ; -   ; -   ; 11 
68615; -   ; -   ; -   ; -   ; 1 ; -   ; -   ; 1 ; -   ; -   ; 1 ; -   ; -   ; -   ; 1 ; 1 ; -   ; -   ; 5 
68655; -   ; -   ; -   ; 1 ; -   ; -   ; 1 ; -   ; 1 ; 2 ; 1 ; 2 ; -   ; 1 ; 1 ; -   ; -   ; -   ; 10 
68679; -   ; -   ; -   ; -   ; -   ; -   ; -   ; 1 ; -   ; -   ; -   ; -   ; -   ; -   ; -   ; -   ; -   ; -   ; 1 
68689; -   ; -   ; -   ; -   ; -   ; -   ; 2 ; -   ; -   ; -   ; -   ; -   ; 1 ; -   ; -   ; -   ; -   ; -   ; 3 
68745; -   ; -   ; -   ; -   ; -   ; 1 ; -   ; 1 ; -   ; -   ; -   ; -   ; -   ; -   ; -   ; -   ; -   ; -   ; 2 
68755; -   ; -   ; -   ; 1 ; -   ; -   ; -   ; -   ; -   ; -   ; -   ; -   ; -   ; -   ; -   ; -   ; -   ; -   ; 1 
68773; -   ; -   ; -   ; -   ; -   ; -   ; -   ; -   ; -   ; 1 ; 1 ; -   ; -   ; -   ; -   ; 1 ; -   ; -   ; 3 
70110; 1 ; -   ; -   ; -   ; -   ; -   ; -   ; -   ; -   ; -   ; -   ; -   ; -   ; -   ; -   ; -   ; -   ; -   ; 1 
70204; -   ; -   ; -   ; -   ; -   ; -   ; -   ; -   ; 1 ; -   ; 1 ; -   ; -   ; -   ; -   ; -   ; -   ; -   ; 2 
70215; -   ; -   ; -   ; -   ; 1 ; 2 ; 2 ; 3 ; 1 ; 2 ; -   ; -   ; 1 ; 1 ; -   ; -   ; -   ; 1 ; 14 
70221; -   ; -   ; -   ; -   ; -   ; -   ; 1 ; -   ; -   ; 1 ; -   ; -   ; 1 ; 1 ; -   ; -   ; -   ; -   ; 4 
70233; -   ; -   ; -   ; -   ; -   ; -   ; -   ; -   ; -   ; -   ; -   ; -   ; 1 ; -   ; -   ; -   ; -   ; -   ; 1 
70235; -   ; -   ; -   ; -   ; -   ; 3 ; -   ; -   ; -   ; -   ; 1 ; -   ; -   ; -   ; -   ; -   ; -   ; -   ; 4 
70418; -   ; -   ; -   ; -   ; -   ; -   ; 1 ; -   ; -   ; -   ; -   ; -   ; -   ; -   ; -   ; -   ; -   ; -   ; 1 
70429; -   ; -   ; -   ; -   ; 1 ; -   ; 1 ; 1 ; 2 ; -   ; -   ; -   ; -   ; 1 ; -   ; -   ; -   ; -   ; 6 
70508; -   ; -   ; -   ; -   ; -   ; -   ; -   ; -   ; 1 ; -   ; -   ; -   ; -   ; -   ; -   ; -   ; -   ; -   ; 1 
70670; -   ; -   ; -   ; -   ; -   ; 1 ; 2 ; 1 ; 2 ; -   ; -   ; -   ; -   ; -   ; -   ; -   ; -   ; -   ; 6 
70678; -   ; -   ; -   ; -   ; -   ; -   ; -   ; 1 ; 2 ; -   ; 1 ; -   ; -   ; -   ; -   ; -   ; -   ; -   ; 4 
70702; -   ; -   ; -   ; -   ; -   ; -   ; -   ; -   ; -   ; -   ; -   ; -   ; -   ; 1 ; -   ; -   ; -   ; -   ; 1 
70742; -   ; -   ; -   ; 1 ; -   ; -   ; -   ; 1 ; -   ; -   ; -   ; -   ; -   ; -   ; -   ; -   ; -   ; -   ; 2 
70708; -   ; -   ; -   ; 1 ; -   ; 1 ; -   ; 1 ; 2 ; 1 ; 1 ; 2 ; 1 ; -   ; -   ; -   ; 1 ; -   ; 11 
70713; -   ; -   ; -   ; -   ; 1 ; 1 ; 1 ; -   ; 2 ; 1 ; 1 ; 1 ; 2 ; -   ; -   ; -   ; 1 ; -   ; 11 
70717; -   ; -   ; -   ; -   ; 1 ; -   ; -   ; 1 ; -   ; -   ; -   ; -   ; -   ; 1 ; -   ; -   ; -   ; 1 ; 4 
70820; -   ; -   ; -   ; -   ; -   ; 3 ; 1 ; 3 ; 1 ; -   ; 2 ; -   ; 1 ; -   ; -   ; -   ; -   ; -   ; 11 
70001; -   ; -   ; -   ; 1 ; -   ; 8 ; 14 ; 3 ; 6 ; 2 ; 3 ; 2 ; 1 ; -   ; 1 ; -   ; -   ; -   ; 41 
70771; -   ; -   ; -   ; -   ; -   ; -   ; -   ; -   ; -   ; -   ; -   ; -   ; 1 ; -   ; -   ; -   ; -   ; -   ; 1 
70823; -   ; -   ; -   ; 1 ; -   ; 1 ; -   ; 2 ; -   ; -   ; -   ; 1 ; -   ; -   ; -   ; -   ; -   ; -   ; 5 
73024; -   ; -   ; -   ; -   ; -   ; -   ; -   ; -   ; -   ; -   ; -   ; -   ; -   ; 1 ; -   ; -   ; 1 ; -   ; 2 
73026; -   ; -   ; -   ; -   ; -   ; -   ; -   ; -   ; 1 ; -   ; -   ; -   ; -   ; -   ; -   ; -   ; -   ; -   ; 1 
73043; -   ; -   ; -   ; -   ; -   ; -   ; 3 ; -   ; 1 ; 1 ; -   ; 1 ; 2 ; 1 ; -   ; -   ; -   ; -   ; 9 
73055; -   ; -   ; -   ; -   ; -   ; -   ; -   ; -   ; -   ; 2 ; -   ; -   ; -   ; -   ; -   ; -   ; -   ; -   ; 2 
73067; -   ; -   ; -   ; -   ; -   ; -   ; 1 ; 1 ; 1 ; -   ; -   ; -   ; 1 ; -   ; -   ; -   ; -   ; -   ; 4 
73124; -   ; -   ; -   ; -   ; -   ; -   ; -   ; -   ; -   ; -   ; -   ; 1 ; -   ; -   ; -   ; -   ; -   ; -   ; 1 
73148; -   ; -   ; -   ; -   ; -   ; 1 ; -   ; -   ; -   ; 1 ; -   ; -   ; -   ; -   ; -   ; -   ; -   ; -   ; 2 
73152; -   ; -   ; -   ; -   ; -   ; 1 ; -   ; -   ; -   ; -   ; -   ; -   ; 1 ; -   ; -   ; -   ; -   ; -   ; 2 
73168; -   ; -   ; -   ; -   ; -   ; 1 ; 2 ; -   ; 1 ; -   ; 1 ; -   ; 1 ; -   ; -   ; 1 ; -   ; -   ; 7 
73200; -   ; -   ; -   ; -   ; 1 ; -   ; -   ; -   ; -   ; -   ; 1 ; -   ; -   ; -   ; -   ; -   ; -   ; -   ; 2 
73217; -   ; -   ; -   ; -   ; -   ; -   ; -   ; 1 ; -   ; -   ; -   ; -   ; -   ; -   ; -   ; -   ; -   ; -   ; 1 
73226; -   ; -   ; -   ; -   ; -   ; -   ; 1 ; -   ; -   ; 1 ; 1 ; -   ; -   ; -   ; -   ; -   ; -   ; -   ; 3 
73268; -   ; -   ; -   ; -   ; -   ; 3 ; -   ; 2 ; 3 ; -   ; -   ; -   ; -   ; 1 ; 1 ; -   ; 1 ; -   ; 11 
73270; -   ; -   ; -   ; -   ; -   ; 1 ; -   ; -   ; -   ; -   ; -   ; 1 ; -   ; -   ; -   ; -   ; -   ; -   ; 2 
73275; -   ; -   ; -   ; 1 ; -   ; 3 ; -   ; 1 ; -   ; 1 ; -   ; -   ; -   ; -   ; -   ; -   ; -   ; -   ; 6 
73283; -   ; -   ; -   ; -   ; -   ; 3 ; 1 ; 1 ; -   ; 1 ; -   ; -   ; 1 ; 1 ; -   ; -   ; -   ; -   ; 8 
73319; -   ; -   ; -   ; -   ; -   ; 1 ; 1 ; -   ; 1 ; -   ; -   ; 1 ; -   ; -   ; -   ; -   ; -   ; -   ; 4 
73347; -   ; -   ; -   ; -   ; -   ; -   ; -   ; -   ; -   ; -   ; -   ; 1 ; -   ; -   ; -   ; -   ; 1 ; -   ; 2 
73349; -   ; -   ; -   ; -   ; -   ; 1 ; 1 ; -   ; 1 ; 1 ; 1 ; -   ; -   ; -   ; -   ; -   ; -   ; -   ; 5 
73001; -   ; -   ; 2 ; 5 ; 1 ; 14 ; 11 ; 11 ; 4 ; 3 ; 4 ; 1 ; 3 ; 2 ; -   ; -   ; 1 ; 1 ; 63 
73352; -   ; -   ; -   ; -   ; -   ; -   ; -   ; -   ; -   ; -   ; -   ; -   ; -   ; -   ; -   ; 1 ; -   ; -   ; 1 
73408; -   ; -   ; -   ; -   ; -   ; -   ; 1 ; -   ; -   ; -   ; -   ; -   ; -   ; -   ; -   ; -   ; -   ; -   ; 1 
73411; -   ; -   ; -   ; -   ; -   ; -   ; 1 ; 1 ; 1 ; -   ; 1 ; 1 ; -   ; -   ; -   ; -   ; -   ; -   ; 5 
73449; -   ; -   ; -   ; -   ; -   ; 1 ; 1 ; -   ; -   ; -   ; -   ; -   ; -   ; -   ; -   ; -   ; -   ; -   ; 2 
73461; -   ; -   ; -   ; -   ; -   ; -   ; -   ; -   ; -   ; -   ; -   ; -   ; -   ; -   ; 1 ; -   ; -   ; -   ; 1 
73483; -   ; -   ; -   ; -   ; 1 ; -   ; -   ; 1 ; -   ; -   ; -   ; -   ; 1 ; -   ; -   ; -   ; -   ; -   ; 3 
73504; -   ; -   ; -   ; 1 ; -   ; -   ; -   ; -   ; -   ; -   ; -   ; -   ; 1 ; -   ; -   ; -   ; -   ; -   ; 2 
73520; -   ; -   ; -   ; -   ; -   ; -   ; -   ; -   ; 1 ; -   ; -   ; -   ; 1 ; -   ; -   ; -   ; -   ; -   ; 2 
73555; -   ; -   ; -   ; -   ; -   ; 2 ; 1 ; 2 ; -   ; 1 ; 2 ; -   ; 1 ; -   ; -   ; -   ; -   ; -   ; 9 
73563; -   ; -   ; -   ; -   ; -   ; -   ; -   ; 1 ; -   ; -   ; -   ; -   ; -   ; -   ; -   ; -   ; -   ; -   ; 1 
73585; -   ; -   ; -   ; 1 ; 1 ; -   ; -   ; -   ; -   ; -   ; -   ; -   ; -   ; 1 ; -   ; -   ; -   ; -   ; 3 
73616; -   ; -   ; -   ; -   ; 1 ; -   ; 1 ; -   ; -   ; -   ; 1 ; -   ; -   ; -   ; -   ; -   ; 1 ; -   ; 4 
73622; -   ; -   ; -   ; -   ; -   ; -   ; -   ; -   ; -   ; -   ; -   ; -   ; -   ; 1 ; -   ; -   ; -   ; -   ; 1 
73624; -   ; -   ; 1 ; -   ; -   ; 1 ; 1 ; 2 ; -   ; -   ; 1 ; -   ; 2 ; -   ; 1 ; -   ; -   ; -   ; 9 
73671; -   ; -   ; -   ; -   ; 1 ; -   ; -   ; -   ; -   ; -   ; -   ; -   ; 1 ; -   ; -   ; 1 ; -   ; -   ; 3 
73675; -   ; -   ; -   ; -   ; -   ; -   ; -   ; -   ; -   ; -   ; -   ; -   ; 1 ; 1 ; -   ; -   ; -   ; -   ; 2 
73678; -   ; -   ; -   ; -   ; -   ; 2 ; -   ; 1 ; -   ; -   ; -   ; 1 ; 1 ; -   ; -   ; -   ; -   ; -   ; 5 
73443; -   ; -   ; -   ; 1 ; -   ; 2 ; 5 ; 4 ; -   ; 1 ; 2 ; -   ; 1 ; 2 ; 1 ; -   ; -   ; -   ; 19 
73686; -   ; -   ; -   ; -   ; -   ; -   ; -   ; -   ; 3 ; -   ; -   ; -   ; -   ; -   ; -   ; -   ; -   ; -   ; 3 
73854; -   ; -   ; -   ; -   ; -   ; -   ; -   ; 1 ; -   ; 1 ; -   ; -   ; -   ; -   ; -   ; -   ; -   ; -   ; 2 
73861; -   ; -   ; -   ; -   ; -   ; -   ; 1 ; -   ; -   ; -   ; -   ; -   ; -   ; -   ; -   ; -   ; -   ; -   ; 1 
76020; -   ; -   ; -   ; -   ; -   ; 3 ; 4 ; 2 ; 2 ; 1 ; -   ; 1 ; -   ; -   ; -   ; -   ; -   ; -   ; 13 
76036; -   ; -   ; -   ; -   ; 1 ; 2 ; 5 ; 1 ; -   ; 2 ; 1 ; 1 ; -   ; -   ; -   ; -   ; -   ; -   ; 13 
76041; -   ; -   ; -   ; 1 ; 1 ; 1 ; 2 ; 1 ; 2 ; -   ; 1 ; 1 ; 1 ; 1 ; -   ; -   ; -   ; -   ; 12 
76054; -   ; -   ; -   ; -   ; -   ; 1 ; 1 ; -   ; -   ; -   ; -   ; -   ; -   ; -   ; -   ; -   ; -   ; -   ; 2 
76100; -   ; -   ; -   ; -   ; -   ; 2 ; 3 ; 2 ; -   ; -   ; 1 ; -   ; -   ; -   ; 1 ; -   ; -   ; -   ; 9 
76109; -   ; -   ; -   ; 4 ; 4 ; 18 ; 20 ; 13 ; 7 ; 5 ; 2 ; 6 ; -   ; -   ; 1 ; 1 ; -   ; -   ; 81 
76113; -   ; -   ; -   ; -   ; 1 ; 2 ; 2 ; 1 ; 2 ; 1 ; -   ; 1 ; -   ; -   ; -   ; -   ; -   ; -   ; 10 
76122; -   ; -   ; -   ; 1 ; 2 ; 3 ; 1 ; 1 ; -   ; 1 ; 2 ; 3 ; 1 ; 2 ; -   ; -   ; -   ; -   ; 17 
76001; 2 ; -   ; 5 ; 51 ; 57 ; 220 ; 183 ; 129 ; 97 ; 50 ; 36 ; 32 ; 28 ; 17 ; 9 ; 3 ; 3 ; 2 ; 924 
76126; -   ; -   ; -   ; -   ; -   ; 2 ; 2 ; 1 ; -   ; -   ; -   ; -   ; 1 ; -   ; -   ; -   ; -   ; -   ; 6 
76130; -   ; -   ; 3 ; 6 ; 11 ; 14 ; 9 ; 7 ; 5 ; 1 ; 3 ; 1 ; 5 ; 2 ; -   ; -   ; -   ; -   ; 67 
76147; -   ; -   ; 1 ; -   ; -   ; 6 ; 9 ; 5 ; 4 ; 4 ; 2 ; 2 ; 4 ; 2 ; 1 ; -   ; -   ; -   ; 40 
76233; -   ; -   ; -   ; -   ; 1 ; 2 ; 2 ; 2 ; 2 ; 1 ; 1 ; -   ; -   ; 1 ; 1 ; -   ; -   ; -   ; 13 
76243; -   ; -   ; -   ; -   ; -   ; 1 ; -   ; 2 ; -   ; 1 ; -   ; 1 ; -   ; 2 ; 1 ; -   ; -   ; -   ; 8 
76246; -   ; -   ; -   ; -   ; -   ; -   ; -   ; 1 ; 2 ; 1 ; -   ; 1 ; 4 ; 1 ; -   ; -   ; -   ; -   ; 10 
76248; -   ; -   ; -   ; 2 ; 1 ; 10 ; 3 ; 4 ; 1 ; 1 ; -   ; 2 ; 1 ; -   ; 1 ; -   ; -   ; -   ; 26 
76250; -   ; -   ; -   ; -   ; -   ; -   ; 2 ; 2 ; 3 ; 1 ; 1 ; 2 ; 2 ; -   ; -   ; -   ; -   ; -   ; 13 
76275; -   ; -   ; -   ; 1 ; -   ; 7 ; 6 ; 10 ; -   ; -   ; 1 ; 1 ; 1 ; -   ; 1 ; -   ; 1 ; -   ; 29 
76306; -   ; -   ; -   ; -   ; -   ; -   ; -   ; -   ; -   ; -   ; 1 ; -   ; -   ; -   ; -   ; -   ; -   ; -   ; 1 
76318; -   ; 1 ; -   ; -   ; -   ; 6 ; 4 ; 2 ; 1 ; 3 ; -   ; 1 ; -   ; 1 ; 1 ; -   ; -   ; -   ; 20 
76111; -   ; -   ; -   ; 3 ; 1 ; 18 ; 9 ; 9 ; 8 ; 2 ; 6 ; 1 ; 1 ; -   ; 1 ; 2 ; -   ; -   ; 61 
76364; -   ; -   ; -   ; 2 ; 6 ; 19 ; 15 ; 10 ; 12 ; 5 ; 3 ; 5 ; 6 ; 3 ; 1 ; 2 ; -   ; -   ; 89 
76377; -   ; -   ; -   ; -   ; -   ; 1 ; -   ; -   ; -   ; -   ; -   ; -   ; -   ; -   ; -   ; -   ; -   ; -   ; 1 
76400; -   ; -   ; -   ; 4 ; 2 ; 11 ; 6 ; 6 ; 2 ; 3 ; 2 ; -   ; 1 ; 1 ; -   ; -   ; -   ; -   ; 38 
76403; -   ; -   ; -   ; -   ; -   ; 1 ; -   ; -   ; 2 ; -   ; -   ; -   ; -   ; -   ; -   ; -   ; -   ; -   ; 3 
76497; -   ; -   ; -   ; 1 ; 1 ; 1 ; 1 ; -   ; -   ; 1 ; -   ; -   ; 1 ; -   ; -   ; -   ; -   ; -   ; 6 
76520; -   ; -   ; -   ; 2 ; 5 ; 25 ; 13 ; 18 ; 14 ; 10 ; 2 ; 3 ; 4 ; 4 ; 2 ; -   ; -   ; -   ; 102 
76563; -   ; -   ; 1 ; 1 ; 5 ; 7 ; 3 ; 1 ; 4 ; 3 ; -   ; -   ; 3 ; -   ; 1 ; -   ; -   ; -   ; 29 
76606; -   ; -   ; 1 ; -   ; -   ; 1 ; 1 ; 2 ; -   ; 1 ; -   ; -   ; 1 ; -   ; -   ; -   ; -   ; -   ; 7 
76616; -   ; -   ; -   ; -   ; 1 ; -   ; -   ; -   ; -   ; -   ; -   ; -   ; 1 ; -   ; 1 ; -   ; -   ; -   ; 3 
76622; -   ; -   ; -   ; 2 ; 2 ; 3 ; 7 ; -   ; 2 ; 3 ; 4 ; -   ; 1 ; -   ; -   ; -   ; -   ; -   ; 24 
76670; -   ; -   ; -   ; 1 ; -   ; 2 ; 1 ; 1 ; 1 ; 2 ; -   ; -   ; 1 ; 1 ; -   ; -   ; -   ; -   ; 10 
76736; -   ; -   ; -   ; -   ; 1 ; 3 ; 1 ; 4 ; 1 ; 1 ; -   ; 2 ; -   ; -   ; -   ; -   ; -   ; -   ; 13 
76823; -   ; -   ; -   ; -   ; 2 ; 2 ; 4 ; 1 ; -   ; 2 ; 3 ; -   ; -   ; -   ; 1 ; -   ; -   ; -   ; 15 
76828; -   ; -   ; -   ; 1 ; 2 ; 1 ; -   ; 2 ; 1 ; 2 ; 1 ; -   ; -   ; -   ; 1 ; -   ; -   ; -   ; 11 
76834; 1 ; 1 ; -   ; 6 ; 10 ; 30 ; 32 ; 25 ; 13 ; 13 ; 6 ; 6 ; 3 ; 2 ; -   ; 1 ; 3 ; 1 ; 153 
76863; -   ; -   ; -   ; -   ; -   ; -   ; -   ; -   ; 1 ; -   ; -   ; -   ; 1 ; -   ; 1 ; -   ; -   ; -   ; 3 
76869; -   ; -   ; -   ; -   ; -   ; 1 ; -   ; -   ; 1 ; -   ; -   ; -   ; -   ; -   ; -   ; -   ; -   ; -   ; 2 
76890; -   ; -   ; -   ; -   ; -   ; -   ; 2 ; 1 ; -   ; 1 ; -   ; -   ; 1 ; -   ; 1 ; -   ; -   ; -   ; 6 
76892; -   ; -   ; 1 ; 4 ; 6 ; 16 ; 17 ; 10 ; 9 ; 1 ; 3 ; 3 ; 1 ; -   ; -   ; -   ; -   ; -   ; 71 
76895; -   ; -   ; -   ; -   ; 3 ; 8 ; 6 ; 4 ; 1 ; 1 ; 1 ; -   ; -   ; 1 ; -   ; -   ; -   ; -   ; 25 
97001; -   ; -   ; -   ; -   ; -   ; -   ; 1 ; 1 ; -   ; 1 ; -   ; -   ; -   ; -   ; -   ; -   ; -   ; -   ; 3 
99773; -   ; -   ; -   ; -   ; -   ; 2 ; -   ; -   ; -   ; 1 ; 1 ; -   ; -   ; -   ; -   ; -   ; -   ; -   ; 4 
99001; -   ; -   ; -   ; -   ; -   ; 2 ; 1 ; 2 ; 2 ; -   ; 1 ; -   ; -   ; 2 ; -   ; -   ; -   ; -   ; 10 
0; 44 ; 18 ; 77 ; 437 ; 663 ; 2.298 ; 2.138 ; 1.680 ; 1.197 ; 821 ; 584 ; 477 ; 362 ; 255 ; 132 ; 75 ; 37 ; 31 ; 11.326 
